date,hour,District,AQI
11/7/2024,0:00,Attock,169.505
11/7/2024,0:00,Bahawalnagar,167.99
11/7/2024,0:00,Bahawalpur,180.7
11/7/2024,0:00,Bhakkar,167.38
11/7/2024,0:00,Chakwal,136.85
11/7/2024,0:00,Chiniot,277.36
11/7/2024,0:00,Dera Ghazi Khan,148.595
11/7/2024,0:00,Faisalabad,213.565
11/7/2024,0:00,Gujranwala,201.095
11/7/2024,0:00,Gujrat,160.745
11/7/2024,0:00,Hafizabad,275.16
11/7/2024,0:00,Jhang,223.765
11/7/2024,0:00,Jhelum,156.205
11/7/2024,0:00,Kasur,232.96
11/7/2024,0:00,Khanewal,193.295
11/7/2024,0:00,Khushab,239.42
11/7/2024,0:00,Lahore,247.08
11/7/2024,0:00,Layyah,188.81
11/7/2024,0:00,Lodhran,191.32
11/7/2024,0:00,Mandi Bahuddin,237.505
11/7/2024,0:00,Mianwali,161.57
11/7/2024,0:00,Multan,201.285
11/7/2024,0:00,Muzaffargarh,200.26
11/7/2024,0:00,Nankana Sahib,216.76
11/7/2024,0:00,Narowal,147.595
11/7/2024,0:00,Okara,194.27
11/7/2024,0:00,Pakpattan,159.395
11/7/2024,0:00,Rahim Yar Khan,145.73
11/7/2024,0:00,Rajanpur,89.95
11/7/2024,0:00,Rawalpindi,151.69
11/7/2024,0:00,Sahiwal,171.44
11/7/2024,0:00,Sargodha,283.115
11/7/2024,0:00,Sheikhupura,534.43
11/7/2024,0:00,Sialkot,171.055
11/7/2024,0:00,Toba Tek Singh,175.105
11/7/2024,0:00,Vehari,191.195
11/7/2024,10:00,Attock,162.065
11/7/2024,10:00,Bahawalnagar,116.79
11/7/2024,10:00,Bahawalpur,93.865
11/7/2024,10:00,Bhakkar,137.38
11/7/2024,10:00,Chakwal,168.75
11/7/2024,10:00,Chiniot,178.86
11/7/2024,10:00,Dera Ghazi Khan,162.505
11/7/2024,10:00,Faisalabad,167.375
11/7/2024,10:00,Gujranwala,200.315
11/7/2024,10:00,Gujrat,177.965
11/7/2024,10:00,Hafizabad,203.36
11/7/2024,10:00,Jhang,132.775
11/7/2024,10:00,Jhelum,175.985
11/7/2024,10:00,Kasur,157.445
11/7/2024,10:00,Khanewal,102.015
11/7/2024,10:00,Khushab,168.935
11/7/2024,10:00,Lahore,236.435
11/7/2024,10:00,Layyah,134.33
11/7/2024,10:00,Lodhran,85.065
11/7/2024,10:00,Mandi Bahuddin,198.84
11/7/2024,10:00,Mianwali,145.34
11/7/2024,10:00,Multan,113.59
11/7/2024,10:00,Muzaffargarh,133.645
11/7/2024,10:00,Nankana Sahib,164.345
11/7/2024,10:00,Narowal,165.075
11/7/2024,10:00,Okara,139.925
11/7/2024,10:00,Pakpattan,114.785
11/7/2024,10:00,Rahim Yar Khan,79.625
11/7/2024,10:00,Rajanpur,124.615
11/7/2024,10:00,Rawalpindi,237.91
11/7/2024,10:00,Sahiwal,118.72
11/7/2024,10:00,Sargodha,189.58
11/7/2024,10:00,Sheikhupura,227.235
11/7/2024,10:00,Sialkot,185.625
11/7/2024,10:00,Toba Tek Singh,124.455
11/7/2024,10:00,Vehari,92.865
11/7/2024,11:00,Attock,180.93
11/7/2024,11:00,Bahawalnagar,114.975
11/7/2024,11:00,Bahawalpur,96.315
11/7/2024,11:00,Bhakkar,132.65
11/7/2024,11:00,Chakwal,173.815
11/7/2024,11:00,Chiniot,182.865
11/7/2024,11:00,Dera Ghazi Khan,174.92
11/7/2024,11:00,Faisalabad,194.325
11/7/2024,11:00,Gujranwala,209.42
11/7/2024,11:00,Gujrat,178.67
11/7/2024,11:00,Hafizabad,206.005
11/7/2024,11:00,Jhang,138.875
11/7/2024,11:00,Jhelum,173.295
11/7/2024,11:00,Kasur,161.9
11/7/2024,11:00,Khanewal,102.72
11/7/2024,11:00,Khushab,166.21
11/7/2024,11:00,Lahore,315.475
11/7/2024,11:00,Layyah,139.855
11/7/2024,11:00,Lodhran,86.67
11/7/2024,11:00,Mandi Bahuddin,203.645
11/7/2024,11:00,Mianwali,142.47
11/7/2024,11:00,Multan,124.81
11/7/2024,11:00,Muzaffargarh,139.3
11/7/2024,11:00,Nankana Sahib,169.335
11/7/2024,11:00,Narowal,170.72
11/7/2024,11:00,Okara,140.04
11/7/2024,11:00,Pakpattan,124.29
11/7/2024,11:00,Rahim Yar Khan,75.05
11/7/2024,11:00,Rajanpur,124.555
11/7/2024,11:00,Rawalpindi,354.91
11/7/2024,11:00,Sahiwal,119.13
11/7/2024,11:00,Sargodha,198.745
11/7/2024,11:00,Sheikhupura,287.775
11/7/2024,11:00,Sialkot,199.255
11/7/2024,11:00,Toba Tek Singh,132.065
11/7/2024,11:00,Vehari,100.97
11/7/2024,12:00,Attock,212.61
11/7/2024,12:00,Bahawalnagar,136.55
11/7/2024,12:00,Bahawalpur,119.195
11/7/2024,12:00,Bhakkar,156.255
11/7/2024,12:00,Chakwal,184.52
11/7/2024,12:00,Chiniot,227.495
11/7/2024,12:00,Dera Ghazi Khan,208.065
11/7/2024,12:00,Faisalabad,247.215
11/7/2024,12:00,Gujranwala,229.6
11/7/2024,12:00,Gujrat,180.725
11/7/2024,12:00,Hafizabad,237.11
11/7/2024,12:00,Jhang,173.645
11/7/2024,12:00,Jhelum,173.48
11/7/2024,12:00,Kasur,195.39
11/7/2024,12:00,Khanewal,124.33
11/7/2024,12:00,Khushab,181.785
11/7/2024,12:00,Lahore,435.135
11/7/2024,12:00,Layyah,167.02
11/7/2024,12:00,Lodhran,105.86
11/7/2024,12:00,Mandi Bahuddin,225.265
11/7/2024,12:00,Mianwali,163.375
11/7/2024,12:00,Multan,154.36
11/7/2024,12:00,Muzaffargarh,166.69
11/7/2024,12:00,Nankana Sahib,197.74
11/7/2024,12:00,Narowal,192.0
11/7/2024,12:00,Okara,166.32
11/7/2024,12:00,Pakpattan,150.57
11/7/2024,12:00,Rahim Yar Khan,84.03
11/7/2024,12:00,Rajanpur,140.795
11/7/2024,12:00,Rawalpindi,440.34
11/7/2024,12:00,Sahiwal,143.26
11/7/2024,12:00,Sargodha,220.16
11/7/2024,12:00,Sheikhupura,359.035
11/7/2024,12:00,Sialkot,215.845
11/7/2024,12:00,Toba Tek Singh,160.36
11/7/2024,12:00,Vehari,125.38
11/7/2024,13:00,Attock,269.325
11/7/2024,13:00,Bahawalnagar,146.0
11/7/2024,13:00,Bahawalpur,141.58
11/7/2024,13:00,Bhakkar,162.205
11/7/2024,13:00,Chakwal,190.795
11/7/2024,13:00,Chiniot,242.235
11/7/2024,13:00,Dera Ghazi Khan,209.015
11/7/2024,13:00,Faisalabad,263.75
11/7/2024,13:00,Gujranwala,248.915
11/7/2024,13:00,Gujrat,195.12
11/7/2024,13:00,Hafizabad,247.745
11/7/2024,13:00,Jhang,182.49
11/7/2024,13:00,Jhelum,192.3
11/7/2024,13:00,Kasur,218.04
11/7/2024,13:00,Khanewal,144.53
11/7/2024,13:00,Khushab,186.935
11/7/2024,13:00,Lahore,591.435
11/7/2024,13:00,Layyah,180.455
11/7/2024,13:00,Lodhran,129.525
11/7/2024,13:00,Mandi Bahuddin,240.295
11/7/2024,13:00,Mianwali,169.565
11/7/2024,13:00,Multan,171.275
11/7/2024,13:00,Muzaffargarh,175.245
11/7/2024,13:00,Nankana Sahib,200.125
11/7/2024,13:00,Narowal,212.505
11/7/2024,13:00,Okara,173.825
11/7/2024,13:00,Pakpattan,158.305
11/7/2024,13:00,Rahim Yar Khan,103.74
11/7/2024,13:00,Rajanpur,148.16
11/7/2024,13:00,Rawalpindi,480.775
11/7/2024,13:00,Sahiwal,151.23
11/7/2024,13:00,Sargodha,232.7
11/7/2024,13:00,Sheikhupura,394.835
11/7/2024,13:00,Sialkot,230.255
11/7/2024,13:00,Toba Tek Singh,164.455
11/7/2024,13:00,Vehari,147.885
11/7/2024,14:00,Attock,335.83
11/7/2024,14:00,Bahawalnagar,154.81
11/7/2024,14:00,Bahawalpur,169.7
11/7/2024,14:00,Bhakkar,174.735
11/7/2024,14:00,Chakwal,197.22
11/7/2024,14:00,Chiniot,276.995
11/7/2024,14:00,Dera Ghazi Khan,235.81
11/7/2024,14:00,Faisalabad,273.91
11/7/2024,14:00,Gujranwala,268.435
11/7/2024,14:00,Gujrat,210.97
11/7/2024,14:00,Hafizabad,258.895
11/7/2024,14:00,Jhang,187.83
11/7/2024,14:00,Jhelum,213.465
11/7/2024,14:00,Kasur,243.365
11/7/2024,14:00,Khanewal,172.61
11/7/2024,14:00,Khushab,197.5
11/7/2024,14:00,Lahore,765.08
11/7/2024,14:00,Layyah,195.875
11/7/2024,14:00,Lodhran,164.43
11/7/2024,14:00,Mandi Bahuddin,257.31
11/7/2024,14:00,Mianwali,177.385
11/7/2024,14:00,Multan,190.395
11/7/2024,14:00,Muzaffargarh,202.61
11/7/2024,14:00,Nankana Sahib,197.735
11/7/2024,14:00,Narowal,232.91
11/7/2024,14:00,Okara,181.435
11/7/2024,14:00,Pakpattan,160.78
11/7/2024,14:00,Rahim Yar Khan,132.75
11/7/2024,14:00,Rajanpur,157.905
11/7/2024,14:00,Rawalpindi,490.43
11/7/2024,14:00,Sahiwal,185.845
11/7/2024,14:00,Sargodha,252.445
11/7/2024,14:00,Sheikhupura,418.28
11/7/2024,14:00,Sialkot,266.585
11/7/2024,14:00,Toba Tek Singh,163.085
11/7/2024,14:00,Vehari,174.055
11/7/2024,15:00,Attock,375.905
11/7/2024,15:00,Bahawalnagar,169.075
11/7/2024,15:00,Bahawalpur,193.31
11/7/2024,15:00,Bhakkar,183.04
11/7/2024,15:00,Chakwal,202.895
11/7/2024,15:00,Chiniot,298.835
11/7/2024,15:00,Dera Ghazi Khan,257.665
11/7/2024,15:00,Faisalabad,276.395
11/7/2024,15:00,Gujranwala,280.57
11/7/2024,15:00,Gujrat,219.92
11/7/2024,15:00,Hafizabad,264.135
11/7/2024,15:00,Jhang,196.745
11/7/2024,15:00,Jhelum,227.635
11/7/2024,15:00,Kasur,254.545
11/7/2024,15:00,Khanewal,195.725
11/7/2024,15:00,Khushab,207.75
11/7/2024,15:00,Lahore,853.22
11/7/2024,15:00,Layyah,207.155
11/7/2024,15:00,Lodhran,190.89
11/7/2024,15:00,Mandi Bahuddin,270.375
11/7/2024,15:00,Mianwali,183.205
11/7/2024,15:00,Multan,209.325
11/7/2024,15:00,Muzaffargarh,219.865
11/7/2024,15:00,Nankana Sahib,197.09
11/7/2024,15:00,Narowal,245.785
11/7/2024,15:00,Okara,186.735
11/7/2024,15:00,Pakpattan,159.085
11/7/2024,15:00,Rahim Yar Khan,157.33
11/7/2024,15:00,Rajanpur,171.9
11/7/2024,15:00,Rawalpindi,482.525
11/7/2024,15:00,Sahiwal,209.09
11/7/2024,15:00,Sargodha,272.445
11/7/2024,15:00,Sheikhupura,429.02
11/7/2024,15:00,Sialkot,291.285
11/7/2024,15:00,Toba Tek Singh,163.225
11/7/2024,15:00,Vehari,196.79
11/7/2024,16:00,Attock,369.025
11/7/2024,16:00,Bahawalnagar,166.395
11/7/2024,16:00,Bahawalpur,205.26
11/7/2024,16:00,Bhakkar,182.7
11/7/2024,16:00,Chakwal,205.865
11/7/2024,16:00,Chiniot,294.645
11/7/2024,16:00,Dera Ghazi Khan,271.4
11/7/2024,16:00,Faisalabad,268.625
11/7/2024,16:00,Gujranwala,281.12
11/7/2024,16:00,Gujrat,218.315
11/7/2024,16:00,Hafizabad,260.845
11/7/2024,16:00,Jhang,210.51
11/7/2024,16:00,Jhelum,231.685
11/7/2024,16:00,Kasur,246.63
11/7/2024,16:00,Khanewal,213.66
11/7/2024,16:00,Khushab,215.835
11/7/2024,16:00,Lahore,791.09
11/7/2024,16:00,Layyah,208.785
11/7/2024,16:00,Lodhran,199.16
11/7/2024,16:00,Mandi Bahuddin,280.12
11/7/2024,16:00,Mianwali,183.74
11/7/2024,16:00,Multan,229.1
11/7/2024,16:00,Muzaffargarh,225.56
11/7/2024,16:00,Nankana Sahib,200.825
11/7/2024,16:00,Narowal,244.175
11/7/2024,16:00,Okara,190.285
11/7/2024,16:00,Pakpattan,156.19
11/7/2024,16:00,Rahim Yar Khan,171.985
11/7/2024,16:00,Rajanpur,192.83
11/7/2024,16:00,Rawalpindi,456.195
11/7/2024,16:00,Sahiwal,206.34
11/7/2024,16:00,Sargodha,274.83
11/7/2024,16:00,Sheikhupura,429.39
11/7/2024,16:00,Sialkot,295.68
11/7/2024,16:00,Toba Tek Singh,165.11
11/7/2024,16:00,Vehari,209.36
11/7/2024,17:00,Attock,338.865
11/7/2024,17:00,Bahawalnagar,157.44
11/7/2024,17:00,Bahawalpur,226.425
11/7/2024,17:00,Bhakkar,175.94
11/7/2024,17:00,Chakwal,206.215
11/7/2024,17:00,Chiniot,275.81
11/7/2024,17:00,Dera Ghazi Khan,276.575
11/7/2024,17:00,Faisalabad,253.63
11/7/2024,17:00,Gujranwala,274.155
11/7/2024,17:00,Gujrat,210.84
11/7/2024,17:00,Hafizabad,252.11
11/7/2024,17:00,Jhang,223.25
11/7/2024,17:00,Jhelum,229.78
11/7/2024,17:00,Kasur,233.13
11/7/2024,17:00,Khanewal,237.315
11/7/2024,17:00,Khushab,222.57
11/7/2024,17:00,Lahore,649.69
11/7/2024,17:00,Layyah,209.065
11/7/2024,17:00,Lodhran,210.485
11/7/2024,17:00,Mandi Bahuddin,286.88
11/7/2024,17:00,Mianwali,181.815
11/7/2024,17:00,Multan,247.5
11/7/2024,17:00,Muzaffargarh,239.485
11/7/2024,17:00,Nankana Sahib,208.81
11/7/2024,17:00,Narowal,242.695
11/7/2024,17:00,Okara,196.365
11/7/2024,17:00,Pakpattan,155.595
11/7/2024,17:00,Rahim Yar Khan,181.455
11/7/2024,17:00,Rajanpur,215.36
11/7/2024,17:00,Rawalpindi,410.355
11/7/2024,17:00,Sahiwal,188.88
11/7/2024,17:00,Sargodha,266.96
11/7/2024,17:00,Sheikhupura,430.815
11/7/2024,17:00,Sialkot,287.11
11/7/2024,17:00,Toba Tek Singh,167.58
11/7/2024,17:00,Vehari,214.715
11/7/2024,18:00,Attock,313.505
11/7/2024,18:00,Bahawalnagar,155.02
11/7/2024,18:00,Bahawalpur,239.775
11/7/2024,18:00,Bhakkar,181.39
11/7/2024,18:00,Chakwal,204.18
11/7/2024,18:00,Chiniot,255.325
11/7/2024,18:00,Dera Ghazi Khan,265.795
11/7/2024,18:00,Faisalabad,239.41
11/7/2024,18:00,Gujranwala,264.675
11/7/2024,18:00,Gujrat,200.91
11/7/2024,18:00,Hafizabad,242.325
11/7/2024,18:00,Jhang,229.755
11/7/2024,18:00,Jhelum,223.625
11/7/2024,18:00,Kasur,219.885
11/7/2024,18:00,Khanewal,250.82
11/7/2024,18:00,Khushab,226.0
11/7/2024,18:00,Lahore,515.345
11/7/2024,18:00,Layyah,210.42
11/7/2024,18:00,Lodhran,226.84
11/7/2024,18:00,Mandi Bahuddin,287.26
11/7/2024,18:00,Mianwali,179.495
11/7/2024,18:00,Multan,255.17
11/7/2024,18:00,Muzaffargarh,244.97
11/7/2024,18:00,Nankana Sahib,213.99
11/7/2024,18:00,Narowal,241.58
11/7/2024,18:00,Okara,198.35
11/7/2024,18:00,Pakpattan,154.54
11/7/2024,18:00,Rahim Yar Khan,187.68
11/7/2024,18:00,Rajanpur,228.775
11/7/2024,18:00,Rawalpindi,358.13
11/7/2024,18:00,Sahiwal,172.075
11/7/2024,18:00,Sargodha,255.07
11/7/2024,18:00,Sheikhupura,439.165
11/7/2024,18:00,Sialkot,274.12
11/7/2024,18:00,Toba Tek Singh,168.0
11/7/2024,18:00,Vehari,219.32
11/7/2024,19:00,Attock,307.965
11/7/2024,19:00,Bahawalnagar,152.7
11/7/2024,19:00,Bahawalpur,238.49
11/7/2024,19:00,Bhakkar,186.235
11/7/2024,19:00,Chakwal,200.22
11/7/2024,19:00,Chiniot,243.62
11/7/2024,19:00,Dera Ghazi Khan,230.82
11/7/2024,19:00,Faisalabad,227.545
11/7/2024,19:00,Gujranwala,251.935
11/7/2024,19:00,Gujrat,187.95
11/7/2024,19:00,Hafizabad,232.98
11/7/2024,19:00,Jhang,226.49
11/7/2024,19:00,Jhelum,214.385
11/7/2024,19:00,Kasur,208.33
11/7/2024,19:00,Khanewal,249.755
11/7/2024,19:00,Khushab,224.105
11/7/2024,19:00,Lahore,407.775
11/7/2024,19:00,Layyah,202.885
11/7/2024,19:00,Lodhran,234.945
11/7/2024,19:00,Mandi Bahuddin,276.93
11/7/2024,19:00,Mianwali,173.415
11/7/2024,19:00,Multan,245.78
11/7/2024,19:00,Muzaffargarh,238.345
11/7/2024,19:00,Nankana Sahib,214.445
11/7/2024,19:00,Narowal,231.935
11/7/2024,19:00,Okara,194.14
11/7/2024,19:00,Pakpattan,151.88
11/7/2024,19:00,Rahim Yar Khan,190.155
11/7/2024,19:00,Rajanpur,226.015
11/7/2024,19:00,Rawalpindi,298.735
11/7/2024,19:00,Sahiwal,166.715
11/7/2024,19:00,Sargodha,245.975
11/7/2024,19:00,Sheikhupura,381.325
11/7/2024,19:00,Sialkot,264.97
11/7/2024,19:00,Toba Tek Singh,165.71
11/7/2024,19:00,Vehari,228.355
11/7/2024,1:00,Attock,173.64
11/7/2024,1:00,Bahawalnagar,164.19
11/7/2024,1:00,Bahawalpur,165.64
11/7/2024,1:00,Bhakkar,168.73
11/7/2024,1:00,Chakwal,137.535
11/7/2024,1:00,Chiniot,269.58
11/7/2024,1:00,Dera Ghazi Khan,148.96
11/7/2024,1:00,Faisalabad,226.79
11/7/2024,1:00,Gujranwala,194.22
11/7/2024,1:00,Gujrat,159.185
11/7/2024,1:00,Hafizabad,267.68
11/7/2024,1:00,Jhang,223.86
11/7/2024,1:00,Jhelum,162.345
11/7/2024,1:00,Kasur,222.555
11/7/2024,1:00,Khanewal,179.95
11/7/2024,1:00,Khushab,245.0
11/7/2024,1:00,Lahore,251.705
11/7/2024,1:00,Layyah,198.14
11/7/2024,1:00,Lodhran,190.395
11/7/2024,1:00,Mandi Bahuddin,236.1
11/7/2024,1:00,Mianwali,164.005
11/7/2024,1:00,Multan,200.585
11/7/2024,1:00,Muzaffargarh,202.425
11/7/2024,1:00,Nankana Sahib,216.455
11/7/2024,1:00,Narowal,148.035
11/7/2024,1:00,Okara,190.535
11/7/2024,1:00,Pakpattan,162.935
11/7/2024,1:00,Rahim Yar Khan,152.045
11/7/2024,1:00,Rajanpur,93.19
11/7/2024,1:00,Rawalpindi,183.12
11/7/2024,1:00,Sahiwal,172.955
11/7/2024,1:00,Sargodha,281.145
11/7/2024,1:00,Sheikhupura,436.265
11/7/2024,1:00,Sialkot,169.51
11/7/2024,1:00,Toba Tek Singh,176.6
11/7/2024,1:00,Vehari,188.85
11/7/2024,20:00,Attock,295.25
11/7/2024,20:00,Bahawalnagar,150.955
11/7/2024,20:00,Bahawalpur,231.3
11/7/2024,20:00,Bhakkar,190.91
11/7/2024,20:00,Chakwal,195.76
11/7/2024,20:00,Chiniot,246.925
11/7/2024,20:00,Dera Ghazi Khan,212.71
11/7/2024,20:00,Faisalabad,218.91
11/7/2024,20:00,Gujranwala,242.255
11/7/2024,20:00,Gujrat,172.24
11/7/2024,20:00,Hafizabad,226.94
11/7/2024,20:00,Jhang,217.915
11/7/2024,20:00,Jhelum,202.83
11/7/2024,20:00,Kasur,197.08
11/7/2024,20:00,Khanewal,240.525
11/7/2024,20:00,Khushab,219.77
11/7/2024,20:00,Lahore,305.47
11/7/2024,20:00,Layyah,188.625
11/7/2024,20:00,Lodhran,243.675
11/7/2024,20:00,Mandi Bahuddin,261.285
11/7/2024,20:00,Mianwali,170.84
11/7/2024,20:00,Multan,238.66
11/7/2024,20:00,Muzaffargarh,224.435
11/7/2024,20:00,Nankana Sahib,212.525
11/7/2024,20:00,Narowal,218.365
11/7/2024,20:00,Okara,186.635
11/7/2024,20:00,Pakpattan,149.03
11/7/2024,20:00,Rahim Yar Khan,190.42
11/7/2024,20:00,Rajanpur,214.095
11/7/2024,20:00,Rawalpindi,234.42
11/7/2024,20:00,Sahiwal,165.565
11/7/2024,20:00,Sargodha,242.245
11/7/2024,20:00,Sheikhupura,300.9
11/7/2024,20:00,Sialkot,252.585
11/7/2024,20:00,Toba Tek Singh,163.38
11/7/2024,20:00,Vehari,238.625
11/7/2024,21:00,Attock,282.965
11/7/2024,21:00,Bahawalnagar,149.98
11/7/2024,21:00,Bahawalpur,222.7
11/7/2024,21:00,Bhakkar,193.535
11/7/2024,21:00,Chakwal,194.465
11/7/2024,21:00,Chiniot,247.705
11/7/2024,21:00,Dera Ghazi Khan,205.67
11/7/2024,21:00,Faisalabad,219.745
11/7/2024,21:00,Gujranwala,234.1
11/7/2024,21:00,Gujrat,161.255
11/7/2024,21:00,Hafizabad,223.04
11/7/2024,21:00,Jhang,210.66
11/7/2024,21:00,Jhelum,193.445
11/7/2024,21:00,Kasur,187.275
11/7/2024,21:00,Khanewal,225.65
11/7/2024,21:00,Khushab,217.09
11/7/2024,21:00,Lahore,230.905
11/7/2024,21:00,Layyah,175.055
11/7/2024,21:00,Lodhran,249.78
11/7/2024,21:00,Mandi Bahuddin,247.565
11/7/2024,21:00,Mianwali,167.995
11/7/2024,21:00,Multan,235.875
11/7/2024,21:00,Muzaffargarh,207.57
11/7/2024,21:00,Nankana Sahib,213.38
11/7/2024,21:00,Narowal,207.505
11/7/2024,21:00,Okara,180.805
11/7/2024,21:00,Pakpattan,147.77
11/7/2024,21:00,Rahim Yar Khan,188.48
11/7/2024,21:00,Rajanpur,198.19
11/7/2024,21:00,Rawalpindi,183.445
11/7/2024,21:00,Sahiwal,164.635
11/7/2024,21:00,Sargodha,237.64
11/7/2024,21:00,Sheikhupura,274.265
11/7/2024,21:00,Sialkot,240.75
11/7/2024,21:00,Toba Tek Singh,161.645
11/7/2024,21:00,Vehari,239.45
11/7/2024,22:00,Attock,273.4
11/7/2024,22:00,Bahawalnagar,150.15
11/7/2024,22:00,Bahawalpur,213.94
11/7/2024,22:00,Bhakkar,193.205
11/7/2024,22:00,Chakwal,192.585
11/7/2024,22:00,Chiniot,242.04
11/7/2024,22:00,Dera Ghazi Khan,186.27
11/7/2024,22:00,Faisalabad,237.79
11/7/2024,22:00,Gujranwala,225.53
11/7/2024,22:00,Gujrat,155.18
11/7/2024,22:00,Hafizabad,222.63
11/7/2024,22:00,Jhang,206.905
11/7/2024,22:00,Jhelum,183.875
11/7/2024,22:00,Kasur,179.895
11/7/2024,22:00,Khanewal,205.445
11/7/2024,22:00,Khushab,214.95
11/7/2024,22:00,Lahore,204.79
11/7/2024,22:00,Layyah,164.35
11/7/2024,22:00,Lodhran,256.395
11/7/2024,22:00,Mandi Bahuddin,237.415
11/7/2024,22:00,Mianwali,163.665
11/7/2024,22:00,Multan,221.28
11/7/2024,22:00,Muzaffargarh,194.995
11/7/2024,22:00,Nankana Sahib,203.195
11/7/2024,22:00,Narowal,204.185
11/7/2024,22:00,Okara,180.705
11/7/2024,22:00,Pakpattan,148.355
11/7/2024,22:00,Rahim Yar Khan,183.19
11/7/2024,22:00,Rajanpur,176.655
11/7/2024,22:00,Rawalpindi,179.675
11/7/2024,22:00,Sahiwal,163.665
11/7/2024,22:00,Sargodha,231.335
11/7/2024,22:00,Sheikhupura,246.71
11/7/2024,22:00,Sialkot,230.075
11/7/2024,22:00,Toba Tek Singh,159.98
11/7/2024,22:00,Vehari,224.845
11/7/2024,23:00,Attock,264.2
11/7/2024,23:00,Bahawalnagar,151.09
11/7/2024,23:00,Bahawalpur,203.85
11/7/2024,23:00,Bhakkar,191.14
11/7/2024,23:00,Chakwal,188.94
11/7/2024,23:00,Chiniot,233.985
11/7/2024,23:00,Dera Ghazi Khan,160.67
11/7/2024,23:00,Faisalabad,265.285
11/7/2024,23:00,Gujranwala,217.825
11/7/2024,23:00,Gujrat,152.055
11/7/2024,23:00,Hafizabad,221.85
11/7/2024,23:00,Jhang,204.9
11/7/2024,23:00,Jhelum,174.53
11/7/2024,23:00,Kasur,174.695
11/7/2024,23:00,Khanewal,182.425
11/7/2024,23:00,Khushab,214.52
11/7/2024,23:00,Lahore,190.515
11/7/2024,23:00,Layyah,165.15
11/7/2024,23:00,Lodhran,260.03
11/7/2024,23:00,Mandi Bahuddin,226.85
11/7/2024,23:00,Mianwali,162.445
11/7/2024,23:00,Multan,202.625
11/7/2024,23:00,Muzaffargarh,190.79
11/7/2024,23:00,Nankana Sahib,186.795
11/7/2024,23:00,Narowal,202.835
11/7/2024,23:00,Okara,180.05
11/7/2024,23:00,Pakpattan,149.95
11/7/2024,23:00,Rahim Yar Khan,176.28
11/7/2024,23:00,Rajanpur,175.545
11/7/2024,23:00,Rawalpindi,171.05
11/7/2024,23:00,Sahiwal,162.56
11/7/2024,23:00,Sargodha,224.265
11/7/2024,23:00,Sheikhupura,216.44
11/7/2024,23:00,Sialkot,219.23
11/7/2024,23:00,Toba Tek Singh,158.56
11/7/2024,23:00,Vehari,203.725
11/7/2024,2:00,Attock,190.385
11/7/2024,2:00,Bahawalnagar,164.48
11/7/2024,2:00,Bahawalpur,148.05
11/7/2024,2:00,Bhakkar,185.28
11/7/2024,2:00,Chakwal,159.695
11/7/2024,2:00,Chiniot,263.405
11/7/2024,2:00,Dera Ghazi Khan,150.2
11/7/2024,2:00,Faisalabad,251.56
11/7/2024,2:00,Gujranwala,191.145
11/7/2024,2:00,Gujrat,158.03
11/7/2024,2:00,Hafizabad,264.08
11/7/2024,2:00,Jhang,221.225
11/7/2024,2:00,Jhelum,182.98
11/7/2024,2:00,Kasur,212.105
11/7/2024,2:00,Khanewal,174.745
11/7/2024,2:00,Khushab,251.43
11/7/2024,2:00,Lahore,291.385
11/7/2024,2:00,Layyah,214.235
11/7/2024,2:00,Lodhran,194.345
11/7/2024,2:00,Mandi Bahuddin,243.225
11/7/2024,2:00,Mianwali,170.575
11/7/2024,2:00,Multan,204.855
11/7/2024,2:00,Muzaffargarh,210.09
11/7/2024,2:00,Nankana Sahib,213.905
11/7/2024,2:00,Narowal,150.82
11/7/2024,2:00,Okara,191.955
11/7/2024,2:00,Pakpattan,174.57
11/7/2024,2:00,Rahim Yar Khan,158.855
11/7/2024,2:00,Rajanpur,112.325
11/7/2024,2:00,Rawalpindi,299.48
11/7/2024,2:00,Sahiwal,177.895
11/7/2024,2:00,Sargodha,279.83
11/7/2024,2:00,Sheikhupura,396.905
11/7/2024,2:00,Sialkot,170.3
11/7/2024,2:00,Toba Tek Singh,181.73
11/7/2024,2:00,Vehari,190.345
11/7/2024,3:00,Attock,206.725
11/7/2024,3:00,Bahawalnagar,166.15
11/7/2024,3:00,Bahawalpur,133.755
11/7/2024,3:00,Bhakkar,196.2
11/7/2024,3:00,Chakwal,175.215
11/7/2024,3:00,Chiniot,258.6
11/7/2024,3:00,Dera Ghazi Khan,151.375
11/7/2024,3:00,Faisalabad,262.045
11/7/2024,3:00,Gujranwala,189.95
11/7/2024,3:00,Gujrat,159.075
11/7/2024,3:00,Hafizabad,260.24
11/7/2024,3:00,Jhang,214.89
11/7/2024,3:00,Jhelum,192.625
11/7/2024,3:00,Kasur,209.695
11/7/2024,3:00,Khanewal,175.59
11/7/2024,3:00,Khushab,250.985
11/7/2024,3:00,Lahore,311.83
11/7/2024,3:00,Layyah,222.12
11/7/2024,3:00,Lodhran,191.66
11/7/2024,3:00,Mandi Bahuddin,242.08
11/7/2024,3:00,Mianwali,175.085
11/7/2024,3:00,Multan,207.015
11/7/2024,3:00,Muzaffargarh,212.42
11/7/2024,3:00,Nankana Sahib,213.095
11/7/2024,3:00,Narowal,151.205
11/7/2024,3:00,Okara,190.34
11/7/2024,3:00,Pakpattan,180.01
11/7/2024,3:00,Rahim Yar Khan,158.37
11/7/2024,3:00,Rajanpur,130.405
11/7/2024,3:00,Rawalpindi,364.845
11/7/2024,3:00,Sahiwal,178.975
11/7/2024,3:00,Sargodha,272.555
11/7/2024,3:00,Sheikhupura,421.02
11/7/2024,3:00,Sialkot,169.73
11/7/2024,3:00,Toba Tek Singh,182.265
11/7/2024,3:00,Vehari,184.26
11/7/2024,4:00,Attock,194.63
11/7/2024,4:00,Bahawalnagar,162.385
11/7/2024,4:00,Bahawalpur,125.775
11/7/2024,4:00,Bhakkar,195.66
11/7/2024,4:00,Chakwal,170.655
11/7/2024,4:00,Chiniot,241.26
11/7/2024,4:00,Dera Ghazi Khan,151.92
11/7/2024,4:00,Faisalabad,243.88
11/7/2024,4:00,Gujranwala,189.53
11/7/2024,4:00,Gujrat,161.79
11/7/2024,4:00,Hafizabad,255.82
11/7/2024,4:00,Jhang,201.74
11/7/2024,4:00,Jhelum,176.32
11/7/2024,4:00,Kasur,198.9
11/7/2024,4:00,Khanewal,166.44
11/7/2024,4:00,Khushab,240.86
11/7/2024,4:00,Lahore,283.72
11/7/2024,4:00,Layyah,203.775
11/7/2024,4:00,Lodhran,171.255
11/7/2024,4:00,Mandi Bahuddin,228.715
11/7/2024,4:00,Mianwali,176.53
11/7/2024,4:00,Multan,190.48
11/7/2024,4:00,Muzaffargarh,197.775
11/7/2024,4:00,Nankana Sahib,203.0
11/7/2024,4:00,Narowal,146.05
11/7/2024,4:00,Okara,182.765
11/7/2024,4:00,Pakpattan,174.23
11/7/2024,4:00,Rahim Yar Khan,144.035
11/7/2024,4:00,Rajanpur,130.355
11/7/2024,4:00,Rawalpindi,323.515
11/7/2024,4:00,Sahiwal,175.535
11/7/2024,4:00,Sargodha,254.8
11/7/2024,4:00,Sheikhupura,366.625
11/7/2024,4:00,Sialkot,165.555
11/7/2024,4:00,Toba Tek Singh,174.085
11/7/2024,4:00,Vehari,163.955
11/7/2024,5:00,Attock,172.565
11/7/2024,5:00,Bahawalnagar,155.77
11/7/2024,5:00,Bahawalpur,121.51
11/7/2024,5:00,Bhakkar,187.42
11/7/2024,5:00,Chakwal,166.245
11/7/2024,5:00,Chiniot,221.075
11/7/2024,5:00,Dera Ghazi Khan,152.255
11/7/2024,5:00,Faisalabad,211.73
11/7/2024,5:00,Gujranwala,192.65
11/7/2024,5:00,Gujrat,168.275
11/7/2024,5:00,Hafizabad,262.205
11/7/2024,5:00,Jhang,188.18
11/7/2024,5:00,Jhelum,160.805
11/7/2024,5:00,Kasur,184.025
11/7/2024,5:00,Khanewal,152.62
11/7/2024,5:00,Khushab,221.66
11/7/2024,5:00,Lahore,235.91
11/7/2024,5:00,Layyah,182.355
11/7/2024,5:00,Lodhran,140.355
11/7/2024,5:00,Mandi Bahuddin,212.18
11/7/2024,5:00,Mianwali,179.805
11/7/2024,5:00,Multan,170.505
11/7/2024,5:00,Muzaffargarh,179.505
11/7/2024,5:00,Nankana Sahib,188.525
11/7/2024,5:00,Narowal,141.145
11/7/2024,5:00,Okara,172.46
11/7/2024,5:00,Pakpattan,161.73
11/7/2024,5:00,Rahim Yar Khan,123.33
11/7/2024,5:00,Rajanpur,133.61
11/7/2024,5:00,Rawalpindi,229.505
11/7/2024,5:00,Sahiwal,167.96
11/7/2024,5:00,Sargodha,229.695
11/7/2024,5:00,Sheikhupura,295.505
11/7/2024,5:00,Sialkot,166.27
11/7/2024,5:00,Toba Tek Singh,160.625
11/7/2024,5:00,Vehari,144.44
11/7/2024,6:00,Attock,160.415
11/7/2024,6:00,Bahawalnagar,147.86
11/7/2024,6:00,Bahawalpur,109.46
11/7/2024,6:00,Bhakkar,178.93
11/7/2024,6:00,Chakwal,164.895
11/7/2024,6:00,Chiniot,206.22
11/7/2024,6:00,Dera Ghazi Khan,158.78
11/7/2024,6:00,Faisalabad,182.285
11/7/2024,6:00,Gujranwala,201.805
11/7/2024,6:00,Gujrat,173.59
11/7/2024,6:00,Hafizabad,259.505
11/7/2024,6:00,Jhang,171.03
11/7/2024,6:00,Jhelum,165.66
11/7/2024,6:00,Kasur,176.385
11/7/2024,6:00,Khanewal,137.19
11/7/2024,6:00,Khushab,199.69
11/7/2024,6:00,Lahore,202.495
11/7/2024,6:00,Layyah,167.24
11/7/2024,6:00,Lodhran,115.63
11/7/2024,6:00,Mandi Bahuddin,200.015
11/7/2024,6:00,Mianwali,174.33
11/7/2024,6:00,Multan,148.705
11/7/2024,6:00,Muzaffargarh,164.85
11/7/2024,6:00,Nankana Sahib,175.235
11/7/2024,6:00,Narowal,149.695
11/7/2024,6:00,Okara,162.75
11/7/2024,6:00,Pakpattan,145.81
11/7/2024,6:00,Rahim Yar Khan,130.25
11/7/2024,6:00,Rajanpur,137.705
11/7/2024,6:00,Rawalpindi,172.18
11/7/2024,6:00,Sahiwal,154.9
11/7/2024,6:00,Sargodha,206.705
11/7/2024,6:00,Sheikhupura,244.905
11/7/2024,6:00,Sialkot,167.035
11/7/2024,6:00,Toba Tek Singh,144.67
11/7/2024,6:00,Vehari,124.06
11/7/2024,7:00,Attock,160.145
11/7/2024,7:00,Bahawalnagar,136.515
11/7/2024,7:00,Bahawalpur,96.26
11/7/2024,7:00,Bhakkar,167.035
11/7/2024,7:00,Chakwal,170.1
11/7/2024,7:00,Chiniot,194.91
11/7/2024,7:00,Dera Ghazi Khan,152.985
11/7/2024,7:00,Faisalabad,163.43
11/7/2024,7:00,Gujranwala,206.01
11/7/2024,7:00,Gujrat,176.545
11/7/2024,7:00,Hafizabad,238.92
11/7/2024,7:00,Jhang,157.94
11/7/2024,7:00,Jhelum,172.015
11/7/2024,7:00,Kasur,170.895
11/7/2024,7:00,Khanewal,121.91
11/7/2024,7:00,Khushab,186.88
11/7/2024,7:00,Lahore,183.615
11/7/2024,7:00,Layyah,152.125
11/7/2024,7:00,Lodhran,103.065
11/7/2024,7:00,Mandi Bahuddin,196.71
11/7/2024,7:00,Mianwali,165.25
11/7/2024,7:00,Multan,131.28
11/7/2024,7:00,Muzaffargarh,155.785
11/7/2024,7:00,Nankana Sahib,168.895
11/7/2024,7:00,Narowal,157.945
11/7/2024,7:00,Okara,155.43
11/7/2024,7:00,Pakpattan,130.435
11/7/2024,7:00,Rahim Yar Khan,119.675
11/7/2024,7:00,Rajanpur,137.45
11/7/2024,7:00,Rawalpindi,159.62
11/7/2024,7:00,Sahiwal,141.325
11/7/2024,7:00,Sargodha,195.525
11/7/2024,7:00,Sheikhupura,216.22
11/7/2024,7:00,Sialkot,176.535
11/7/2024,7:00,Toba Tek Singh,132.13
11/7/2024,7:00,Vehari,107.525
11/7/2024,8:00,Attock,159.27
11/7/2024,8:00,Bahawalnagar,127.46
11/7/2024,8:00,Bahawalpur,93.855
11/7/2024,8:00,Bhakkar,152.645
11/7/2024,8:00,Chakwal,169.035
11/7/2024,8:00,Chiniot,188.015
11/7/2024,8:00,Dera Ghazi Khan,152.175
11/7/2024,8:00,Faisalabad,155.885
11/7/2024,8:00,Gujranwala,203.65
11/7/2024,8:00,Gujrat,177.64
11/7/2024,8:00,Hafizabad,210.9
11/7/2024,8:00,Jhang,145.985
11/7/2024,8:00,Jhelum,176.34
11/7/2024,8:00,Kasur,163.765
11/7/2024,8:00,Khanewal,111.665
11/7/2024,8:00,Khushab,179.42
11/7/2024,8:00,Lahore,171.945
11/7/2024,8:00,Layyah,137.01
11/7/2024,8:00,Lodhran,93.45
11/7/2024,8:00,Mandi Bahuddin,196.18
11/7/2024,8:00,Mianwali,156.405
11/7/2024,8:00,Multan,116.775
11/7/2024,8:00,Muzaffargarh,145.95
11/7/2024,8:00,Nankana Sahib,164.565
11/7/2024,8:00,Narowal,160.93
11/7/2024,8:00,Okara,148.055
11/7/2024,8:00,Pakpattan,119.825
11/7/2024,8:00,Rahim Yar Khan,100.195
11/7/2024,8:00,Rajanpur,132.42
11/7/2024,8:00,Rawalpindi,152.28
11/7/2024,8:00,Sahiwal,129.405
11/7/2024,8:00,Sargodha,190.145
11/7/2024,8:00,Sheikhupura,197.1
11/7/2024,8:00,Sialkot,179.58
11/7/2024,8:00,Toba Tek Singh,124.12
11/7/2024,8:00,Vehari,95.995
11/7/2024,9:00,Attock,154.04
11/7/2024,9:00,Bahawalnagar,120.86
11/7/2024,9:00,Bahawalpur,93.875
11/7/2024,9:00,Bhakkar,143.805
11/7/2024,9:00,Chakwal,167.05
11/7/2024,9:00,Chiniot,183.57
11/7/2024,9:00,Dera Ghazi Khan,158.565
11/7/2024,9:00,Faisalabad,152.25
11/7/2024,9:00,Gujranwala,200.115
11/7/2024,9:00,Gujrat,178.03
11/7/2024,9:00,Hafizabad,204.07
11/7/2024,9:00,Jhang,137.5
11/7/2024,9:00,Jhelum,177.71
11/7/2024,9:00,Kasur,159.8
11/7/2024,9:00,Khanewal,105.34
11/7/2024,9:00,Khushab,173.51
11/7/2024,9:00,Lahore,186.485
11/7/2024,9:00,Layyah,132.875
11/7/2024,9:00,Lodhran,87.635
11/7/2024,9:00,Mandi Bahuddin,196.755
11/7/2024,9:00,Mianwali,150.135
11/7/2024,9:00,Multan,109.5
11/7/2024,9:00,Muzaffargarh,138.57
11/7/2024,9:00,Nankana Sahib,162.4
11/7/2024,9:00,Narowal,163.205
11/7/2024,9:00,Okara,142.455
11/7/2024,9:00,Pakpattan,113.91
11/7/2024,9:00,Rahim Yar Khan,85.705
11/7/2024,9:00,Rajanpur,126.87
11/7/2024,9:00,Rawalpindi,155.085
11/7/2024,9:00,Sahiwal,121.415
11/7/2024,9:00,Sargodha,187.65
11/7/2024,9:00,Sheikhupura,189.985
11/7/2024,9:00,Sialkot,180.24
11/7/2024,9:00,Toba Tek Singh,120.965
11/7/2024,9:00,Vehari,90.645
11/8/2024,0:00,Attock,249.82
11/8/2024,0:00,Bahawalnagar,152.83
11/8/2024,0:00,Bahawalpur,201.27
11/8/2024,0:00,Bhakkar,191.435
11/8/2024,0:00,Chakwal,188.0
11/8/2024,0:00,Chiniot,245.36
11/8/2024,0:00,Dera Ghazi Khan,140.66
11/8/2024,0:00,Faisalabad,286.16
11/8/2024,0:00,Gujranwala,217.6
11/8/2024,0:00,Gujrat,153.365
11/8/2024,0:00,Hafizabad,222.1
11/8/2024,0:00,Jhang,204.185
11/8/2024,0:00,Jhelum,171.78
11/8/2024,0:00,Kasur,171.035
11/8/2024,0:00,Khanewal,170.93
11/8/2024,0:00,Khushab,216.775
11/8/2024,0:00,Lahore,199.55
11/8/2024,0:00,Layyah,164.82
11/8/2024,0:00,Lodhran,249.39
11/8/2024,0:00,Mandi Bahuddin,226.525
11/8/2024,0:00,Mianwali,170.875
11/8/2024,0:00,Multan,192.62
11/8/2024,0:00,Muzaffargarh,176.88
11/8/2024,0:00,Nankana Sahib,174.835
11/8/2024,0:00,Narowal,200.45
11/8/2024,0:00,Okara,179.215
11/8/2024,0:00,Pakpattan,153.05
11/8/2024,0:00,Rahim Yar Khan,181.975
11/8/2024,0:00,Rajanpur,172.42
11/8/2024,0:00,Rawalpindi,165.19
11/8/2024,0:00,Sahiwal,163.835
11/8/2024,0:00,Sargodha,218.475
11/8/2024,0:00,Sheikhupura,198.45
11/8/2024,0:00,Sialkot,214.38
11/8/2024,0:00,Toba Tek Singh,159.265
11/8/2024,0:00,Vehari,195.63
11/8/2024,10:00,Attock,173.75
11/8/2024,10:00,Bahawalnagar,116.69
11/8/2024,10:00,Bahawalpur,130.635
11/8/2024,10:00,Bhakkar,157.415
11/8/2024,10:00,Chakwal,166.8
11/8/2024,10:00,Chiniot,178.23
11/8/2024,10:00,Dera Ghazi Khan,161.975
11/8/2024,10:00,Faisalabad,172.155
11/8/2024,10:00,Gujranwala,190.215
11/8/2024,10:00,Gujrat,167.41
11/8/2024,10:00,Hafizabad,189.43
11/8/2024,10:00,Jhang,148.535
11/8/2024,10:00,Jhelum,171.055
11/8/2024,10:00,Kasur,170.005
11/8/2024,10:00,Khanewal,121.495
11/8/2024,10:00,Khushab,166.665
11/8/2024,10:00,Lahore,251.985
11/8/2024,10:00,Layyah,146.5
11/8/2024,10:00,Lodhran,134.36
11/8/2024,10:00,Mandi Bahuddin,192.705
11/8/2024,10:00,Mianwali,165.915
11/8/2024,10:00,Multan,137.15
11/8/2024,10:00,Muzaffargarh,142.17
11/8/2024,10:00,Nankana Sahib,165.29
11/8/2024,10:00,Narowal,172.995
11/8/2024,10:00,Okara,141.9
11/8/2024,10:00,Pakpattan,119.93
11/8/2024,10:00,Rahim Yar Khan,118.665
11/8/2024,10:00,Rajanpur,147.915
11/8/2024,10:00,Rawalpindi,232.175
11/8/2024,10:00,Sahiwal,124.225
11/8/2024,10:00,Sargodha,190.715
11/8/2024,10:00,Sheikhupura,237.785
11/8/2024,10:00,Sialkot,185.78
11/8/2024,10:00,Toba Tek Singh,126.395
11/8/2024,10:00,Vehari,124.935
11/8/2024,11:00,Attock,196.89
11/8/2024,11:00,Bahawalnagar,115.425
11/8/2024,11:00,Bahawalpur,133.38
11/8/2024,11:00,Bhakkar,154.415
11/8/2024,11:00,Chakwal,168.785
11/8/2024,11:00,Chiniot,188.57
11/8/2024,11:00,Dera Ghazi Khan,157.725
11/8/2024,11:00,Faisalabad,192.225
11/8/2024,11:00,Gujranwala,195.31
11/8/2024,11:00,Gujrat,171.185
11/8/2024,11:00,Hafizabad,200.25
11/8/2024,11:00,Jhang,148.815
11/8/2024,11:00,Jhelum,177.305
11/8/2024,11:00,Kasur,177.275
11/8/2024,11:00,Khanewal,124.04
11/8/2024,11:00,Khushab,165.47
11/8/2024,11:00,Lahore,336.13
11/8/2024,11:00,Layyah,148.365
11/8/2024,11:00,Lodhran,134.965
11/8/2024,11:00,Mandi Bahuddin,194.25
11/8/2024,11:00,Mianwali,161.76
11/8/2024,11:00,Multan,137.52
11/8/2024,11:00,Muzaffargarh,141.86
11/8/2024,11:00,Nankana Sahib,170.12
11/8/2024,11:00,Narowal,182.065
11/8/2024,11:00,Okara,143.525
11/8/2024,11:00,Pakpattan,129.59
11/8/2024,11:00,Rahim Yar Khan,119.27
11/8/2024,11:00,Rajanpur,146.515
11/8/2024,11:00,Rawalpindi,318.56
11/8/2024,11:00,Sahiwal,124.005
11/8/2024,11:00,Sargodha,196.325
11/8/2024,11:00,Sheikhupura,293.23
11/8/2024,11:00,Sialkot,196.765
11/8/2024,11:00,Toba Tek Singh,130.205
11/8/2024,11:00,Vehari,118.985
11/8/2024,12:00,Attock,225.135
11/8/2024,12:00,Bahawalnagar,120.035
11/8/2024,12:00,Bahawalpur,139.75
11/8/2024,12:00,Bhakkar,153.68
11/8/2024,12:00,Chakwal,171.53
11/8/2024,12:00,Chiniot,210.905
11/8/2024,12:00,Dera Ghazi Khan,159.645
11/8/2024,12:00,Faisalabad,215.11
11/8/2024,12:00,Gujranwala,203.4
11/8/2024,12:00,Gujrat,178.48
11/8/2024,12:00,Hafizabad,215.395
11/8/2024,12:00,Jhang,157.19
11/8/2024,12:00,Jhelum,186.71
11/8/2024,12:00,Kasur,193.905
11/8/2024,12:00,Khanewal,137.21
11/8/2024,12:00,Khushab,163.93
11/8/2024,12:00,Lahore,440.74
11/8/2024,12:00,Layyah,152.075
11/8/2024,12:00,Lodhran,141.46
11/8/2024,12:00,Mandi Bahuddin,202.79
11/8/2024,12:00,Mianwali,160.705
11/8/2024,12:00,Multan,146.29
11/8/2024,12:00,Muzaffargarh,142.78
11/8/2024,12:00,Nankana Sahib,180.58
11/8/2024,12:00,Narowal,197.025
11/8/2024,12:00,Okara,148.825
11/8/2024,12:00,Pakpattan,141.05
11/8/2024,12:00,Rahim Yar Khan,125.605
11/8/2024,12:00,Rajanpur,152.795
11/8/2024,12:00,Rawalpindi,408.955
11/8/2024,12:00,Sahiwal,128.95
11/8/2024,12:00,Sargodha,203.88
11/8/2024,12:00,Sheikhupura,355.94
11/8/2024,12:00,Sialkot,214.725
11/8/2024,12:00,Toba Tek Singh,134.28
11/8/2024,12:00,Vehari,127.995
11/8/2024,13:00,Attock,269.285
11/8/2024,13:00,Bahawalnagar,127.565
11/8/2024,13:00,Bahawalpur,161.485
11/8/2024,13:00,Bhakkar,153.61
11/8/2024,13:00,Chakwal,180.865
11/8/2024,13:00,Chiniot,234.65
11/8/2024,13:00,Dera Ghazi Khan,179.19
11/8/2024,13:00,Faisalabad,240.855
11/8/2024,13:00,Gujranwala,218.885
11/8/2024,13:00,Gujrat,194.77
11/8/2024,13:00,Hafizabad,253.895
11/8/2024,13:00,Jhang,172.46
11/8/2024,13:00,Jhelum,198.38
11/8/2024,13:00,Kasur,215.53
11/8/2024,13:00,Khanewal,165.955
11/8/2024,13:00,Khushab,168.615
11/8/2024,13:00,Lahore,575.7
11/8/2024,13:00,Layyah,163.525
11/8/2024,13:00,Lodhran,159.725
11/8/2024,13:00,Mandi Bahuddin,219.74
11/8/2024,13:00,Mianwali,175.995
11/8/2024,13:00,Multan,172.945
11/8/2024,13:00,Muzaffargarh,173.275
11/8/2024,13:00,Nankana Sahib,192.165
11/8/2024,13:00,Narowal,221.95
11/8/2024,13:00,Okara,155.27
11/8/2024,13:00,Pakpattan,148.11
11/8/2024,13:00,Rahim Yar Khan,141.205
11/8/2024,13:00,Rajanpur,171.45
11/8/2024,13:00,Rawalpindi,513.455
11/8/2024,13:00,Sahiwal,144.43
11/8/2024,13:00,Sargodha,221.355
11/8/2024,13:00,Sheikhupura,419.4
11/8/2024,13:00,Sialkot,243.6
11/8/2024,13:00,Toba Tek Singh,139.095
11/8/2024,13:00,Vehari,155.65
11/8/2024,14:00,Attock,318.07
11/8/2024,14:00,Bahawalnagar,141.355
11/8/2024,14:00,Bahawalpur,198.445
11/8/2024,14:00,Bhakkar,162.585
11/8/2024,14:00,Chakwal,192.92
11/8/2024,14:00,Chiniot,254.195
11/8/2024,14:00,Dera Ghazi Khan,204.8
11/8/2024,14:00,Faisalabad,264.265
11/8/2024,14:00,Gujranwala,236.44
11/8/2024,14:00,Gujrat,214.795
11/8/2024,14:00,Hafizabad,298.375
11/8/2024,14:00,Jhang,185.29
11/8/2024,14:00,Jhelum,209.4
11/8/2024,14:00,Kasur,234.75
11/8/2024,14:00,Khanewal,202.375
11/8/2024,14:00,Khushab,177.875
11/8/2024,14:00,Lahore,720.39
11/8/2024,14:00,Layyah,178.33
11/8/2024,14:00,Lodhran,189.275
11/8/2024,14:00,Mandi Bahuddin,240.965
11/8/2024,14:00,Mianwali,196.25
11/8/2024,14:00,Multan,209.595
11/8/2024,14:00,Muzaffargarh,214.775
11/8/2024,14:00,Nankana Sahib,204.355
11/8/2024,14:00,Narowal,249.915
11/8/2024,14:00,Okara,159.845
11/8/2024,14:00,Pakpattan,151.895
11/8/2024,14:00,Rahim Yar Khan,162.745
11/8/2024,14:00,Rajanpur,194.94
11/8/2024,14:00,Rawalpindi,619.35
11/8/2024,14:00,Sahiwal,165.875
11/8/2024,14:00,Sargodha,248.635
11/8/2024,14:00,Sheikhupura,479.09
11/8/2024,14:00,Sialkot,281.835
11/8/2024,14:00,Toba Tek Singh,143.98
11/8/2024,14:00,Vehari,194.975
11/8/2024,15:00,Attock,346.175
11/8/2024,15:00,Bahawalnagar,160.24
11/8/2024,15:00,Bahawalpur,227.335
11/8/2024,15:00,Bhakkar,172.245
11/8/2024,15:00,Chakwal,201.07
11/8/2024,15:00,Chiniot,277.355
11/8/2024,15:00,Dera Ghazi Khan,214.59
11/8/2024,15:00,Faisalabad,274.505
11/8/2024,15:00,Gujranwala,251.16
11/8/2024,15:00,Gujrat,227.05
11/8/2024,15:00,Hafizabad,323.255
11/8/2024,15:00,Jhang,204.03
11/8/2024,15:00,Jhelum,218.09
11/8/2024,15:00,Kasur,242.43
11/8/2024,15:00,Khanewal,233.8
11/8/2024,15:00,Khushab,187.665
11/8/2024,15:00,Lahore,823.425
11/8/2024,15:00,Layyah,190.225
11/8/2024,15:00,Lodhran,216.22
11/8/2024,15:00,Mandi Bahuddin,259.775
11/8/2024,15:00,Mianwali,209.405
11/8/2024,15:00,Multan,233.815
11/8/2024,15:00,Muzaffargarh,240.485
11/8/2024,15:00,Nankana Sahib,225.225
11/8/2024,15:00,Narowal,268.81
11/8/2024,15:00,Okara,166.165
11/8/2024,15:00,Pakpattan,157.755
11/8/2024,15:00,Rahim Yar Khan,175.4
11/8/2024,15:00,Rajanpur,209.75
11/8/2024,15:00,Rawalpindi,667.435
11/8/2024,15:00,Sahiwal,181.285
11/8/2024,15:00,Sargodha,271.82
11/8/2024,15:00,Sheikhupura,504.145
11/8/2024,15:00,Sialkot,310.905
11/8/2024,15:00,Toba Tek Singh,149.005
11/8/2024,15:00,Vehari,229.52
11/8/2024,16:00,Attock,337.44
11/8/2024,16:00,Bahawalnagar,170.025
11/8/2024,16:00,Bahawalpur,240.07
11/8/2024,16:00,Bhakkar,178.045
11/8/2024,16:00,Chakwal,204.525
11/8/2024,16:00,Chiniot,300.865
11/8/2024,16:00,Dera Ghazi Khan,217.15
11/8/2024,16:00,Faisalabad,271.03
11/8/2024,16:00,Gujranwala,260.625
11/8/2024,16:00,Gujrat,223.53
11/8/2024,16:00,Hafizabad,317.565
11/8/2024,16:00,Jhang,214.765
11/8/2024,16:00,Jhelum,226.85
11/8/2024,16:00,Kasur,233.66
11/8/2024,16:00,Khanewal,255.37
11/8/2024,16:00,Khushab,196.42
11/8/2024,16:00,Lahore,787.475
11/8/2024,16:00,Layyah,196.5
11/8/2024,16:00,Lodhran,237.9
11/8/2024,16:00,Mandi Bahuddin,274.55
11/8/2024,16:00,Mianwali,207.745
11/8/2024,16:00,Multan,249.405
11/8/2024,16:00,Muzaffargarh,234.92
11/8/2024,16:00,Nankana Sahib,270.175
11/8/2024,16:00,Narowal,272.27
11/8/2024,16:00,Okara,176.39
11/8/2024,16:00,Pakpattan,158.22
11/8/2024,16:00,Rahim Yar Khan,180.205
11/8/2024,16:00,Rajanpur,206.985
11/8/2024,16:00,Rawalpindi,615.275
11/8/2024,16:00,Sahiwal,182.945
11/8/2024,16:00,Sargodha,286.46
11/8/2024,16:00,Sheikhupura,470.53
11/8/2024,16:00,Sialkot,323.17
11/8/2024,16:00,Toba Tek Singh,154.865
11/8/2024,16:00,Vehari,254.36
11/8/2024,17:00,Attock,305.535
11/8/2024,17:00,Bahawalnagar,173.375
11/8/2024,17:00,Bahawalpur,253.16
11/8/2024,17:00,Bhakkar,184.855
11/8/2024,17:00,Chakwal,207.645
11/8/2024,17:00,Chiniot,323.455
11/8/2024,17:00,Dera Ghazi Khan,231.94
11/8/2024,17:00,Faisalabad,260.27
11/8/2024,17:00,Gujranwala,270.07
11/8/2024,17:00,Gujrat,214.485
11/8/2024,17:00,Hafizabad,296.055
11/8/2024,17:00,Jhang,220.15
11/8/2024,17:00,Jhelum,234.975
11/8/2024,17:00,Kasur,219.04
11/8/2024,17:00,Khanewal,270.925
11/8/2024,17:00,Khushab,215.53
11/8/2024,17:00,Lahore,671.455
11/8/2024,17:00,Layyah,199.055
11/8/2024,17:00,Lodhran,265.555
11/8/2024,17:00,Mandi Bahuddin,287.125
11/8/2024,17:00,Mianwali,197.485
11/8/2024,17:00,Multan,257.205
11/8/2024,17:00,Muzaffargarh,210.95
11/8/2024,17:00,Nankana Sahib,327.755
11/8/2024,17:00,Narowal,265.475
11/8/2024,17:00,Okara,187.745
11/8/2024,17:00,Pakpattan,154.625
11/8/2024,17:00,Rahim Yar Khan,184.04
11/8/2024,17:00,Rajanpur,195.885
11/8/2024,17:00,Rawalpindi,502.48
11/8/2024,17:00,Sahiwal,175.425
11/8/2024,17:00,Sargodha,298.045
11/8/2024,17:00,Sheikhupura,408.565
11/8/2024,17:00,Sialkot,323.07
11/8/2024,17:00,Toba Tek Singh,166.05
11/8/2024,17:00,Vehari,275.225
11/8/2024,18:00,Attock,295.575
11/8/2024,18:00,Bahawalnagar,170.92
11/8/2024,18:00,Bahawalpur,264.995
11/8/2024,18:00,Bhakkar,191.575
11/8/2024,18:00,Chakwal,209.315
11/8/2024,18:00,Chiniot,336.34
11/8/2024,18:00,Dera Ghazi Khan,235.375
11/8/2024,18:00,Faisalabad,249.04
11/8/2024,18:00,Gujranwala,276.47
11/8/2024,18:00,Gujrat,204.15
11/8/2024,18:00,Hafizabad,275.34
11/8/2024,18:00,Jhang,220.695
11/8/2024,18:00,Jhelum,237.455
11/8/2024,18:00,Kasur,229.11
11/8/2024,18:00,Khanewal,274.645
11/8/2024,18:00,Khushab,228.8
11/8/2024,18:00,Lahore,566.68
11/8/2024,18:00,Layyah,198.66
11/8/2024,18:00,Lodhran,276.76
11/8/2024,18:00,Mandi Bahuddin,293.5
11/8/2024,18:00,Mianwali,193.01
11/8/2024,18:00,Multan,257.93
11/8/2024,18:00,Muzaffargarh,208.87
11/8/2024,18:00,Nankana Sahib,367.22
11/8/2024,18:00,Narowal,254.34
11/8/2024,18:00,Okara,192.855
11/8/2024,18:00,Pakpattan,153.48
11/8/2024,18:00,Rahim Yar Khan,182.575
11/8/2024,18:00,Rajanpur,189.48
11/8/2024,18:00,Rawalpindi,398.045
11/8/2024,18:00,Sahiwal,164.7
11/8/2024,18:00,Sargodha,315.425
11/8/2024,18:00,Sheikhupura,400.035
11/8/2024,18:00,Sialkot,312.485
11/8/2024,18:00,Toba Tek Singh,173.995
11/8/2024,18:00,Vehari,286.12
11/8/2024,19:00,Attock,270.54
11/8/2024,19:00,Bahawalnagar,165.41
11/8/2024,19:00,Bahawalpur,252.355
11/8/2024,19:00,Bhakkar,190.035
11/8/2024,19:00,Chakwal,210.38
11/8/2024,19:00,Chiniot,339.415
11/8/2024,19:00,Dera Ghazi Khan,237.02
11/8/2024,19:00,Faisalabad,256.34
11/8/2024,19:00,Gujranwala,267.61
11/8/2024,19:00,Gujrat,190.98
11/8/2024,19:00,Hafizabad,265.115
11/8/2024,19:00,Jhang,217.075
11/8/2024,19:00,Jhelum,232.23
11/8/2024,19:00,Kasur,245.74
11/8/2024,19:00,Khanewal,261.52
11/8/2024,19:00,Khushab,228.045
11/8/2024,19:00,Lahore,461.47
11/8/2024,19:00,Layyah,193.08
11/8/2024,19:00,Lodhran,263.375
11/8/2024,19:00,Mandi Bahuddin,291.54
11/8/2024,19:00,Mianwali,185.775
11/8/2024,19:00,Multan,241.145
11/8/2024,19:00,Muzaffargarh,218.12
11/8/2024,19:00,Nankana Sahib,376.62
11/8/2024,19:00,Narowal,241.875
11/8/2024,19:00,Okara,188.175
11/8/2024,19:00,Pakpattan,153.6
11/8/2024,19:00,Rahim Yar Khan,173.095
11/8/2024,19:00,Rajanpur,197.575
11/8/2024,19:00,Rawalpindi,323.92
11/8/2024,19:00,Sahiwal,167.165
11/8/2024,19:00,Sargodha,323.32
11/8/2024,19:00,Sheikhupura,348.545
11/8/2024,19:00,Sialkot,293.535
11/8/2024,19:00,Toba Tek Singh,176.16
11/8/2024,19:00,Vehari,282.845
11/8/2024,1:00,Attock,244.335
11/8/2024,1:00,Bahawalnagar,158.355
11/8/2024,1:00,Bahawalpur,199.21
11/8/2024,1:00,Bhakkar,191.29
11/8/2024,1:00,Chakwal,204.84
11/8/2024,1:00,Chiniot,257.855
11/8/2024,1:00,Dera Ghazi Khan,144.93
11/8/2024,1:00,Faisalabad,299.255
11/8/2024,1:00,Gujranwala,221.73
11/8/2024,1:00,Gujrat,157.44
11/8/2024,1:00,Hafizabad,222.24
11/8/2024,1:00,Jhang,212.215
11/8/2024,1:00,Jhelum,167.085
11/8/2024,1:00,Kasur,173.98
11/8/2024,1:00,Khanewal,168.655
11/8/2024,1:00,Khushab,218.34
11/8/2024,1:00,Lahore,237.59
11/8/2024,1:00,Layyah,167.05
11/8/2024,1:00,Lodhran,225.305
11/8/2024,1:00,Mandi Bahuddin,225.92
11/8/2024,1:00,Mianwali,170.385
11/8/2024,1:00,Multan,189.935
11/8/2024,1:00,Muzaffargarh,171.88
11/8/2024,1:00,Nankana Sahib,172.795
11/8/2024,1:00,Narowal,203.56
11/8/2024,1:00,Okara,181.485
11/8/2024,1:00,Pakpattan,157.93
11/8/2024,1:00,Rahim Yar Khan,193.085
11/8/2024,1:00,Rajanpur,164.53
11/8/2024,1:00,Rawalpindi,216.77
11/8/2024,1:00,Sahiwal,168.55
11/8/2024,1:00,Sargodha,219.24
11/8/2024,1:00,Sheikhupura,234.99
11/8/2024,1:00,Sialkot,216.95
11/8/2024,1:00,Toba Tek Singh,166.22
11/8/2024,1:00,Vehari,202.455
11/8/2024,20:00,Attock,237.28
11/8/2024,20:00,Bahawalnagar,159.48
11/8/2024,20:00,Bahawalpur,233.54
11/8/2024,20:00,Bhakkar,184.945
11/8/2024,20:00,Chakwal,209.565
11/8/2024,20:00,Chiniot,337.265
11/8/2024,20:00,Dera Ghazi Khan,245.655
11/8/2024,20:00,Faisalabad,298.93
11/8/2024,20:00,Gujranwala,258.155
11/8/2024,20:00,Gujrat,177.775
11/8/2024,20:00,Hafizabad,260.065
11/8/2024,20:00,Jhang,211.685
11/8/2024,20:00,Jhelum,222.3
11/8/2024,20:00,Kasur,262.33
11/8/2024,20:00,Khanewal,249.815
11/8/2024,20:00,Khushab,220.77
11/8/2024,20:00,Lahore,350.51
11/8/2024,20:00,Layyah,183.205
11/8/2024,20:00,Lodhran,239.975
11/8/2024,20:00,Mandi Bahuddin,285.155
11/8/2024,20:00,Mianwali,177.7
11/8/2024,20:00,Multan,218.515
11/8/2024,20:00,Muzaffargarh,228.355
11/8/2024,20:00,Nankana Sahib,376.03
11/8/2024,20:00,Narowal,233.165
11/8/2024,20:00,Okara,178.675
11/8/2024,20:00,Pakpattan,153.4
11/8/2024,20:00,Rahim Yar Khan,169.11
11/8/2024,20:00,Rajanpur,211.68
11/8/2024,20:00,Rawalpindi,286.785
11/8/2024,20:00,Sahiwal,168.735
11/8/2024,20:00,Sargodha,328.095
11/8/2024,20:00,Sheikhupura,305.855
11/8/2024,20:00,Sialkot,282.035
11/8/2024,20:00,Toba Tek Singh,176.235
11/8/2024,20:00,Vehari,270.615
11/8/2024,21:00,Attock,222.735
11/8/2024,21:00,Bahawalnagar,152.76
11/8/2024,21:00,Bahawalpur,216.84
11/8/2024,21:00,Bhakkar,179.84
11/8/2024,21:00,Chakwal,207.155
11/8/2024,21:00,Chiniot,328.805
11/8/2024,21:00,Dera Ghazi Khan,241.82
11/8/2024,21:00,Faisalabad,327.49
11/8/2024,21:00,Gujranwala,254.15
11/8/2024,21:00,Gujrat,168.605
11/8/2024,21:00,Hafizabad,254.805
11/8/2024,21:00,Jhang,206.87
11/8/2024,21:00,Jhelum,210.655
11/8/2024,21:00,Kasur,264.89
11/8/2024,21:00,Khanewal,239.86
11/8/2024,21:00,Khushab,214.16
11/8/2024,21:00,Lahore,267.655
11/8/2024,21:00,Layyah,175.375
11/8/2024,21:00,Lodhran,225.16
11/8/2024,21:00,Mandi Bahuddin,276.195
11/8/2024,21:00,Mianwali,170.025
11/8/2024,21:00,Multan,199.94
11/8/2024,21:00,Muzaffargarh,226.42
11/8/2024,21:00,Nankana Sahib,389.39
11/8/2024,21:00,Narowal,227.185
11/8/2024,21:00,Okara,175.91
11/8/2024,21:00,Pakpattan,154.2
11/8/2024,21:00,Rahim Yar Khan,166.54
11/8/2024,21:00,Rajanpur,216.225
11/8/2024,21:00,Rawalpindi,298.06
11/8/2024,21:00,Sahiwal,169.33
11/8/2024,21:00,Sargodha,327.51
11/8/2024,21:00,Sheikhupura,298.675
11/8/2024,21:00,Sialkot,268.9
11/8/2024,21:00,Toba Tek Singh,175.335
11/8/2024,21:00,Vehari,248.96
11/8/2024,22:00,Attock,207.425
11/8/2024,22:00,Bahawalnagar,149.89
11/8/2024,22:00,Bahawalpur,208.945
11/8/2024,22:00,Bhakkar,175.635
11/8/2024,22:00,Chakwal,199.115
11/8/2024,22:00,Chiniot,310.08
11/8/2024,22:00,Dera Ghazi Khan,212.235
11/8/2024,22:00,Faisalabad,333.82
11/8/2024,22:00,Gujranwala,249.335
11/8/2024,22:00,Gujrat,165.825
11/8/2024,22:00,Hafizabad,245.48
11/8/2024,22:00,Jhang,207.79
11/8/2024,22:00,Jhelum,196.45
11/8/2024,22:00,Kasur,241.02
11/8/2024,22:00,Khanewal,211.32
11/8/2024,22:00,Khushab,211.605
11/8/2024,22:00,Lahore,225.465
11/8/2024,22:00,Layyah,166.59
11/8/2024,22:00,Lodhran,214.82
11/8/2024,22:00,Mandi Bahuddin,262.585
11/8/2024,22:00,Mianwali,161.04
11/8/2024,22:00,Multan,185.375
11/8/2024,22:00,Muzaffargarh,199.135
11/8/2024,22:00,Nankana Sahib,350.72
11/8/2024,22:00,Narowal,223.79
11/8/2024,22:00,Okara,170.78
11/8/2024,22:00,Pakpattan,156.37
11/8/2024,22:00,Rahim Yar Khan,167.51
11/8/2024,22:00,Rajanpur,201.725
11/8/2024,22:00,Rawalpindi,292.865
11/8/2024,22:00,Sahiwal,169.325
11/8/2024,22:00,Sargodha,317.15
11/8/2024,22:00,Sheikhupura,269.155
11/8/2024,22:00,Sialkot,251.32
11/8/2024,22:00,Toba Tek Singh,173.68
11/8/2024,22:00,Vehari,211.32
11/8/2024,23:00,Attock,199.18
11/8/2024,23:00,Bahawalnagar,150.34
11/8/2024,23:00,Bahawalpur,207.6
11/8/2024,23:00,Bhakkar,171.055
11/8/2024,23:00,Chakwal,195.32
11/8/2024,23:00,Chiniot,282.745
11/8/2024,23:00,Dera Ghazi Khan,168.825
11/8/2024,23:00,Faisalabad,326.755
11/8/2024,23:00,Gujranwala,243.67
11/8/2024,23:00,Gujrat,167.43
11/8/2024,23:00,Hafizabad,236.39
11/8/2024,23:00,Jhang,211.28
11/8/2024,23:00,Jhelum,181.38
11/8/2024,23:00,Kasur,203.855
11/8/2024,23:00,Khanewal,180.355
11/8/2024,23:00,Khushab,210.91
11/8/2024,23:00,Lahore,209.7
11/8/2024,23:00,Layyah,163.68
11/8/2024,23:00,Lodhran,213.19
11/8/2024,23:00,Mandi Bahuddin,245.88
11/8/2024,23:00,Mianwali,150.78
11/8/2024,23:00,Multan,174.44
11/8/2024,23:00,Muzaffargarh,206.03
11/8/2024,23:00,Nankana Sahib,284.255
11/8/2024,23:00,Narowal,221.96
11/8/2024,23:00,Okara,164.655
11/8/2024,23:00,Pakpattan,158.875
11/8/2024,23:00,Rahim Yar Khan,170.195
11/8/2024,23:00,Rajanpur,178.43
11/8/2024,23:00,Rawalpindi,279.52
11/8/2024,23:00,Sahiwal,168.775
11/8/2024,23:00,Sargodha,299.055
11/8/2024,23:00,Sheikhupura,227.16
11/8/2024,23:00,Sialkot,232.115
11/8/2024,23:00,Toba Tek Singh,171.415
11/8/2024,23:00,Vehari,207.555
11/8/2024,2:00,Attock,253.16
11/8/2024,2:00,Bahawalnagar,164.87
11/8/2024,2:00,Bahawalpur,202.08
11/8/2024,2:00,Bhakkar,196.425
11/8/2024,2:00,Chakwal,226.58
11/8/2024,2:00,Chiniot,268.15
11/8/2024,2:00,Dera Ghazi Khan,150.835
11/8/2024,2:00,Faisalabad,304.85
11/8/2024,2:00,Gujranwala,232.425
11/8/2024,2:00,Gujrat,165.01
11/8/2024,2:00,Hafizabad,221.82
11/8/2024,2:00,Jhang,227.905
11/8/2024,2:00,Jhelum,179.2
11/8/2024,2:00,Kasur,180.48
11/8/2024,2:00,Khanewal,175.745
11/8/2024,2:00,Khushab,221.515
11/8/2024,2:00,Lahore,292.145
11/8/2024,2:00,Layyah,175.01
11/8/2024,2:00,Lodhran,244.145
11/8/2024,2:00,Mandi Bahuddin,229.745
11/8/2024,2:00,Mianwali,170.395
11/8/2024,2:00,Multan,191.225
11/8/2024,2:00,Muzaffargarh,175.55
11/8/2024,2:00,Nankana Sahib,173.955
11/8/2024,2:00,Narowal,211.83
11/8/2024,2:00,Okara,184.675
11/8/2024,2:00,Pakpattan,164.165
11/8/2024,2:00,Rahim Yar Khan,215.8
11/8/2024,2:00,Rajanpur,166.33
11/8/2024,2:00,Rawalpindi,341.22
11/8/2024,2:00,Sahiwal,176.075
11/8/2024,2:00,Sargodha,220.615
11/8/2024,2:00,Sheikhupura,282.645
11/8/2024,2:00,Sialkot,224.05
11/8/2024,2:00,Toba Tek Singh,175.775
11/8/2024,2:00,Vehari,220.345
11/8/2024,3:00,Attock,253.475
11/8/2024,3:00,Bahawalnagar,168.925
11/8/2024,3:00,Bahawalpur,218.7
11/8/2024,3:00,Bhakkar,198.455
11/8/2024,3:00,Chakwal,232.13
11/8/2024,3:00,Chiniot,269.27
11/8/2024,3:00,Dera Ghazi Khan,156.015
11/8/2024,3:00,Faisalabad,299.47
11/8/2024,3:00,Gujranwala,238.635
11/8/2024,3:00,Gujrat,179.35
11/8/2024,3:00,Hafizabad,216.625
11/8/2024,3:00,Jhang,235.585
11/8/2024,3:00,Jhelum,186.975
11/8/2024,3:00,Kasur,183.58
11/8/2024,3:00,Khanewal,180.085
11/8/2024,3:00,Khushab,222.315
11/8/2024,3:00,Lahore,318.915
11/8/2024,3:00,Layyah,180.615
11/8/2024,3:00,Lodhran,257.485
11/8/2024,3:00,Mandi Bahuddin,229.575
11/8/2024,3:00,Mianwali,170.795
11/8/2024,3:00,Multan,189.565
11/8/2024,3:00,Muzaffargarh,175.755
11/8/2024,3:00,Nankana Sahib,175.975
11/8/2024,3:00,Narowal,209.975
11/8/2024,3:00,Okara,186.325
11/8/2024,3:00,Pakpattan,168.15
11/8/2024,3:00,Rahim Yar Khan,235.305
11/8/2024,3:00,Rajanpur,172.18
11/8/2024,3:00,Rawalpindi,412.995
11/8/2024,3:00,Sahiwal,179.955
11/8/2024,3:00,Sargodha,220.51
11/8/2024,3:00,Sheikhupura,307.515
11/8/2024,3:00,Sialkot,227.555
11/8/2024,3:00,Toba Tek Singh,180.8
11/8/2024,3:00,Vehari,230.185
11/8/2024,4:00,Attock,239.055
11/8/2024,4:00,Bahawalnagar,172.37
11/8/2024,4:00,Bahawalpur,200.925
11/8/2024,4:00,Bhakkar,198.885
11/8/2024,4:00,Chakwal,219.485
11/8/2024,4:00,Chiniot,251.425
11/8/2024,4:00,Dera Ghazi Khan,165.43
11/8/2024,4:00,Faisalabad,272.225
11/8/2024,4:00,Gujranwala,226.36
11/8/2024,4:00,Gujrat,176.22
11/8/2024,4:00,Hafizabad,212.83
11/8/2024,4:00,Jhang,229.14
11/8/2024,4:00,Jhelum,176.52
11/8/2024,4:00,Kasur,183.19
11/8/2024,4:00,Khanewal,178.84
11/8/2024,4:00,Khushab,220.325
11/8/2024,4:00,Lahore,293.175
11/8/2024,4:00,Layyah,183.76
11/8/2024,4:00,Lodhran,243.44
11/8/2024,4:00,Mandi Bahuddin,219.985
11/8/2024,4:00,Mianwali,174.645
11/8/2024,4:00,Multan,182.825
11/8/2024,4:00,Muzaffargarh,170.17
11/8/2024,4:00,Nankana Sahib,175.995
11/8/2024,4:00,Narowal,192.99
11/8/2024,4:00,Okara,185.87
11/8/2024,4:00,Pakpattan,171.38
11/8/2024,4:00,Rahim Yar Khan,215.435
11/8/2024,4:00,Rajanpur,168.93
11/8/2024,4:00,Rawalpindi,376.485
11/8/2024,4:00,Sahiwal,181.04
11/8/2024,4:00,Sargodha,217.74
11/8/2024,4:00,Sheikhupura,291.475
11/8/2024,4:00,Sialkot,215.47
11/8/2024,4:00,Toba Tek Singh,180.185
11/8/2024,4:00,Vehari,225.14
11/8/2024,5:00,Attock,235.215
11/8/2024,5:00,Bahawalnagar,173.065
11/8/2024,5:00,Bahawalpur,168.445
11/8/2024,5:00,Bhakkar,197.39
11/8/2024,5:00,Chakwal,198.4
11/8/2024,5:00,Chiniot,229.33
11/8/2024,5:00,Dera Ghazi Khan,177.72
11/8/2024,5:00,Faisalabad,230.43
11/8/2024,5:00,Gujranwala,210.375
11/8/2024,5:00,Gujrat,178.37
11/8/2024,5:00,Hafizabad,204.36
11/8/2024,5:00,Jhang,214.62
11/8/2024,5:00,Jhelum,162.905
11/8/2024,5:00,Kasur,181.205
11/8/2024,5:00,Khanewal,173.745
11/8/2024,5:00,Khushab,212.485
11/8/2024,5:00,Lahore,242.735
11/8/2024,5:00,Layyah,189.12
11/8/2024,5:00,Lodhran,213.645
11/8/2024,5:00,Mandi Bahuddin,213.4
11/8/2024,5:00,Mianwali,181.495
11/8/2024,5:00,Multan,171.47
11/8/2024,5:00,Muzaffargarh,171.37
11/8/2024,5:00,Nankana Sahib,175.87
11/8/2024,5:00,Narowal,183.38
11/8/2024,5:00,Okara,181.96
11/8/2024,5:00,Pakpattan,172.495
11/8/2024,5:00,Rahim Yar Khan,178.125
11/8/2024,5:00,Rajanpur,174.545
11/8/2024,5:00,Rawalpindi,283.535
11/8/2024,5:00,Sahiwal,179.355
11/8/2024,5:00,Sargodha,210.76
11/8/2024,5:00,Sheikhupura,255.535
11/8/2024,5:00,Sialkot,203.295
11/8/2024,5:00,Toba Tek Singh,175.6
11/8/2024,5:00,Vehari,211.045
11/8/2024,6:00,Attock,221.475
11/8/2024,6:00,Bahawalnagar,168.63
11/8/2024,6:00,Bahawalpur,156.905
11/8/2024,6:00,Bhakkar,197.11
11/8/2024,6:00,Chakwal,189.245
11/8/2024,6:00,Chiniot,211.365
11/8/2024,6:00,Dera Ghazi Khan,181.13
11/8/2024,6:00,Faisalabad,197.265
11/8/2024,6:00,Gujranwala,199.8
11/8/2024,6:00,Gujrat,181.94
11/8/2024,6:00,Hafizabad,197.625
11/8/2024,6:00,Jhang,208.185
11/8/2024,6:00,Jhelum,160.525
11/8/2024,6:00,Kasur,181.24
11/8/2024,6:00,Khanewal,163.32
11/8/2024,6:00,Khushab,203.53
11/8/2024,6:00,Lahore,208.49
11/8/2024,6:00,Layyah,186.83
11/8/2024,6:00,Lodhran,183.82
11/8/2024,6:00,Mandi Bahuddin,206.885
11/8/2024,6:00,Mianwali,184.58
11/8/2024,6:00,Multan,161.45
11/8/2024,6:00,Muzaffargarh,173.675
11/8/2024,6:00,Nankana Sahib,177.46
11/8/2024,6:00,Narowal,180.62
11/8/2024,6:00,Okara,177.485
11/8/2024,6:00,Pakpattan,168.195
11/8/2024,6:00,Rahim Yar Khan,150.715
11/8/2024,6:00,Rajanpur,178.78
11/8/2024,6:00,Rawalpindi,203.47
11/8/2024,6:00,Sahiwal,174.225
11/8/2024,6:00,Sargodha,204.745
11/8/2024,6:00,Sheikhupura,230.39
11/8/2024,6:00,Sialkot,196.52
11/8/2024,6:00,Toba Tek Singh,168.815
11/8/2024,6:00,Vehari,191.82
11/8/2024,7:00,Attock,201.825
11/8/2024,7:00,Bahawalnagar,154.855
11/8/2024,7:00,Bahawalpur,147.115
11/8/2024,7:00,Bhakkar,188.35
11/8/2024,7:00,Chakwal,176.53
11/8/2024,7:00,Chiniot,193.815
11/8/2024,7:00,Dera Ghazi Khan,177.08
11/8/2024,7:00,Faisalabad,176.715
11/8/2024,7:00,Gujranwala,195.71
11/8/2024,7:00,Gujrat,177.255
11/8/2024,7:00,Hafizabad,194.95
11/8/2024,7:00,Jhang,191.165
11/8/2024,7:00,Jhelum,163.68
11/8/2024,7:00,Kasur,177.34
11/8/2024,7:00,Khanewal,147.665
11/8/2024,7:00,Khushab,191.485
11/8/2024,7:00,Lahore,190.26
11/8/2024,7:00,Layyah,176.08
11/8/2024,7:00,Lodhran,161.465
11/8/2024,7:00,Mandi Bahuddin,202.95
11/8/2024,7:00,Mianwali,181.265
11/8/2024,7:00,Multan,153.26
11/8/2024,7:00,Muzaffargarh,165.96
11/8/2024,7:00,Nankana Sahib,174.785
11/8/2024,7:00,Narowal,175.26
11/8/2024,7:00,Okara,166.385
11/8/2024,7:00,Pakpattan,154.125
11/8/2024,7:00,Rahim Yar Khan,138.08
11/8/2024,7:00,Rajanpur,172.47
11/8/2024,7:00,Rawalpindi,171.865
11/8/2024,7:00,Sahiwal,158.625
11/8/2024,7:00,Sargodha,199.51
11/8/2024,7:00,Sheikhupura,213.36
11/8/2024,7:00,Sialkot,193.535
11/8/2024,7:00,Toba Tek Singh,154.125
11/8/2024,7:00,Vehari,169.165
11/8/2024,8:00,Attock,183.655
11/8/2024,8:00,Bahawalnagar,133.975
11/8/2024,8:00,Bahawalpur,137.46
11/8/2024,8:00,Bhakkar,175.115
11/8/2024,8:00,Chakwal,171.77
11/8/2024,8:00,Chiniot,185.185
11/8/2024,8:00,Dera Ghazi Khan,171.47
11/8/2024,8:00,Faisalabad,163.83
11/8/2024,8:00,Gujranwala,190.585
11/8/2024,8:00,Gujrat,170.865
11/8/2024,8:00,Hafizabad,190.285
11/8/2024,8:00,Jhang,168.515
11/8/2024,8:00,Jhelum,165.975
11/8/2024,8:00,Kasur,171.33
11/8/2024,8:00,Khanewal,130.055
11/8/2024,8:00,Khushab,177.355
11/8/2024,8:00,Lahore,180.79
11/8/2024,8:00,Layyah,160.225
11/8/2024,8:00,Lodhran,144.245
11/8/2024,8:00,Mandi Bahuddin,198.555
11/8/2024,8:00,Mianwali,174.095
11/8/2024,8:00,Multan,144.995
11/8/2024,8:00,Muzaffargarh,151.435
11/8/2024,8:00,Nankana Sahib,168.38
11/8/2024,8:00,Narowal,169.9
11/8/2024,8:00,Okara,152.605
11/8/2024,8:00,Pakpattan,133.69
11/8/2024,8:00,Rahim Yar Khan,128.22
11/8/2024,8:00,Rajanpur,161.45
11/8/2024,8:00,Rawalpindi,163.835
11/8/2024,8:00,Sahiwal,139.29
11/8/2024,8:00,Sargodha,193.0
11/8/2024,8:00,Sheikhupura,199.49
11/8/2024,8:00,Sialkot,186.615
11/8/2024,8:00,Toba Tek Singh,135.455
11/8/2024,8:00,Vehari,143.98
11/8/2024,9:00,Attock,171.58
11/8/2024,9:00,Bahawalnagar,121.255
11/8/2024,9:00,Bahawalpur,131.515
11/8/2024,9:00,Bhakkar,163.545
11/8/2024,9:00,Chakwal,168.21
11/8/2024,9:00,Chiniot,179.195
11/8/2024,9:00,Dera Ghazi Khan,166.31
11/8/2024,9:00,Faisalabad,161.715
11/8/2024,9:00,Gujranwala,188.575
11/8/2024,9:00,Gujrat,167.38
11/8/2024,9:00,Hafizabad,187.595
11/8/2024,9:00,Jhang,153.325
11/8/2024,9:00,Jhelum,166.235
11/8/2024,9:00,Kasur,167.83
11/8/2024,9:00,Khanewal,123.205
11/8/2024,9:00,Khushab,169.955
11/8/2024,9:00,Lahore,196.89
11/8/2024,9:00,Layyah,149.175
11/8/2024,9:00,Lodhran,136.87
11/8/2024,9:00,Mandi Bahuddin,194.4
11/8/2024,9:00,Mianwali,170.395
11/8/2024,9:00,Multan,139.855
11/8/2024,9:00,Muzaffargarh,144.5
11/8/2024,9:00,Nankana Sahib,163.955
11/8/2024,9:00,Narowal,168.84
11/8/2024,9:00,Okara,143.835
11/8/2024,9:00,Pakpattan,120.175
11/8/2024,9:00,Rahim Yar Khan,121.66
11/8/2024,9:00,Rajanpur,152.46
11/8/2024,9:00,Rawalpindi,173.835
11/8/2024,9:00,Sahiwal,128.255
11/8/2024,9:00,Sargodha,188.745
11/8/2024,9:00,Sheikhupura,202.99
11/8/2024,9:00,Sialkot,182.15
11/8/2024,9:00,Toba Tek Singh,126.37
11/8/2024,9:00,Vehari,129.725
11/9/2024,0:00,Attock,201.325
11/9/2024,0:00,Bahawalnagar,151.51
11/9/2024,0:00,Bahawalpur,207.765
11/9/2024,0:00,Bhakkar,170.315
11/9/2024,0:00,Chakwal,196.115
11/9/2024,0:00,Chiniot,258.2
11/9/2024,0:00,Dera Ghazi Khan,151.84
11/9/2024,0:00,Faisalabad,307.23
11/9/2024,0:00,Gujranwala,239.81
11/9/2024,0:00,Gujrat,170.51
11/9/2024,0:00,Hafizabad,233.025
11/9/2024,0:00,Jhang,214.555
11/9/2024,0:00,Jhelum,173.485
11/9/2024,0:00,Kasur,175.53
11/9/2024,0:00,Khanewal,159.78
11/9/2024,0:00,Khushab,212.315
11/9/2024,0:00,Lahore,214.08
11/9/2024,0:00,Layyah,167.775
11/9/2024,0:00,Lodhran,218.625
11/9/2024,0:00,Mandi Bahuddin,233.815
11/9/2024,0:00,Mianwali,147.555
11/9/2024,0:00,Multan,167.18
11/9/2024,0:00,Muzaffargarh,207.7
11/9/2024,0:00,Nankana Sahib,229.33
11/9/2024,0:00,Narowal,221.005
11/9/2024,0:00,Okara,163.175
11/9/2024,0:00,Pakpattan,161.795
11/9/2024,0:00,Rahim Yar Khan,176.975
11/9/2024,0:00,Rajanpur,183.955
11/9/2024,0:00,Rawalpindi,267.945
11/9/2024,0:00,Sahiwal,168.345
11/9/2024,0:00,Sargodha,276.855
11/9/2024,0:00,Sheikhupura,214.125
11/9/2024,0:00,Sialkot,225.125
11/9/2024,0:00,Toba Tek Singh,171.35
11/9/2024,0:00,Vehari,210.58
11/9/2024,10:00,Attock,171.33
11/9/2024,10:00,Bahawalnagar,117.69
11/9/2024,10:00,Bahawalpur,131.095
11/9/2024,10:00,Bhakkar,143.885
11/9/2024,10:00,Chakwal,159.43
11/9/2024,10:00,Chiniot,176.565
11/9/2024,10:00,Dera Ghazi Khan,138.91
11/9/2024,10:00,Faisalabad,180.895
11/9/2024,10:00,Gujranwala,184.55
11/9/2024,10:00,Gujrat,181.515
11/9/2024,10:00,Hafizabad,181.165
11/9/2024,10:00,Jhang,157.245
11/9/2024,10:00,Jhelum,179.855
11/9/2024,10:00,Kasur,156.575
11/9/2024,10:00,Khanewal,125.61
11/9/2024,10:00,Khushab,156.215
11/9/2024,10:00,Lahore,246.245
11/9/2024,10:00,Layyah,139.485
11/9/2024,10:00,Lodhran,131.2
11/9/2024,10:00,Mandi Bahuddin,188.03
11/9/2024,10:00,Mianwali,144.93
11/9/2024,10:00,Multan,139.815
11/9/2024,10:00,Muzaffargarh,145.255
11/9/2024,10:00,Nankana Sahib,157.495
11/9/2024,10:00,Narowal,170.1
11/9/2024,10:00,Okara,136.795
11/9/2024,10:00,Pakpattan,122.27
11/9/2024,10:00,Rahim Yar Khan,119.245
11/9/2024,10:00,Rajanpur,137.33
11/9/2024,10:00,Rawalpindi,242.775
11/9/2024,10:00,Sahiwal,125.13
11/9/2024,10:00,Sargodha,182.51
11/9/2024,10:00,Sheikhupura,219.645
11/9/2024,10:00,Sialkot,191.095
11/9/2024,10:00,Toba Tek Singh,131.525
11/9/2024,10:00,Vehari,118.84
11/9/2024,11:00,Attock,198.79
11/9/2024,11:00,Bahawalnagar,118.03
11/9/2024,11:00,Bahawalpur,133.49
11/9/2024,11:00,Bhakkar,142.01
11/9/2024,11:00,Chakwal,161.095
11/9/2024,11:00,Chiniot,178.315
11/9/2024,11:00,Dera Ghazi Khan,154.6
11/9/2024,11:00,Faisalabad,205.0
11/9/2024,11:00,Gujranwala,195.035
11/9/2024,11:00,Gujrat,186.46
11/9/2024,11:00,Hafizabad,192.13
11/9/2024,11:00,Jhang,159.52
11/9/2024,11:00,Jhelum,186.03
11/9/2024,11:00,Kasur,162.22
11/9/2024,11:00,Khanewal,129.705
11/9/2024,11:00,Khushab,156.275
11/9/2024,11:00,Lahore,334.59
11/9/2024,11:00,Layyah,144.54
11/9/2024,11:00,Lodhran,131.53
11/9/2024,11:00,Mandi Bahuddin,189.295
11/9/2024,11:00,Mianwali,144.04
11/9/2024,11:00,Multan,144.375
11/9/2024,11:00,Muzaffargarh,145.73
11/9/2024,11:00,Nankana Sahib,164.3
11/9/2024,11:00,Narowal,181.045
11/9/2024,11:00,Okara,138.83
11/9/2024,11:00,Pakpattan,129.54
11/9/2024,11:00,Rahim Yar Khan,116.06
11/9/2024,11:00,Rajanpur,138.9
11/9/2024,11:00,Rawalpindi,313.48
11/9/2024,11:00,Sahiwal,125.545
11/9/2024,11:00,Sargodha,190.255
11/9/2024,11:00,Sheikhupura,265.29
11/9/2024,11:00,Sialkot,201.89
11/9/2024,11:00,Toba Tek Singh,135.8
11/9/2024,11:00,Vehari,126.24
11/9/2024,12:00,Attock,227.38
11/9/2024,12:00,Bahawalnagar,122.74
11/9/2024,12:00,Bahawalpur,140.05
11/9/2024,12:00,Bhakkar,143.445
11/9/2024,12:00,Chakwal,164.955
11/9/2024,12:00,Chiniot,199.13
11/9/2024,12:00,Dera Ghazi Khan,172.465
11/9/2024,12:00,Faisalabad,230.065
11/9/2024,12:00,Gujranwala,206.065
11/9/2024,12:00,Gujrat,194.92
11/9/2024,12:00,Hafizabad,213.87
11/9/2024,12:00,Jhang,166.005
11/9/2024,12:00,Jhelum,197.945
11/9/2024,12:00,Kasur,175.82
11/9/2024,12:00,Khanewal,144.635
11/9/2024,12:00,Khushab,158.32
11/9/2024,12:00,Lahore,437.59
11/9/2024,12:00,Layyah,151.075
11/9/2024,12:00,Lodhran,138.695
11/9/2024,12:00,Mandi Bahuddin,195.675
11/9/2024,12:00,Mianwali,148.13
11/9/2024,12:00,Multan,161.545
11/9/2024,12:00,Muzaffargarh,154.195
11/9/2024,12:00,Nankana Sahib,176.115
11/9/2024,12:00,Narowal,196.945
11/9/2024,12:00,Okara,146.6
11/9/2024,12:00,Pakpattan,138.175
11/9/2024,12:00,Rahim Yar Khan,119.515
11/9/2024,12:00,Rajanpur,142.96
11/9/2024,12:00,Rawalpindi,397.215
11/9/2024,12:00,Sahiwal,135.7
11/9/2024,12:00,Sargodha,198.995
11/9/2024,12:00,Sheikhupura,316.19
11/9/2024,12:00,Sialkot,218.575
11/9/2024,12:00,Toba Tek Singh,141.24
11/9/2024,12:00,Vehari,140.565
11/9/2024,14:00,Attock,293.135
11/9/2024,14:00,Bahawalnagar,170.935
11/9/2024,14:00,Bahawalpur,175.98
11/9/2024,14:00,Bhakkar,177.13
11/9/2024,14:00,Chakwal,193.025
11/9/2024,14:00,Chiniot,267.195
11/9/2024,14:00,Dera Ghazi Khan,213.22
11/9/2024,14:00,Faisalabad,278.82
11/9/2024,14:00,Gujranwala,227.685
11/9/2024,14:00,Gujrat,224.105
11/9/2024,14:00,Hafizabad,283.345
11/9/2024,14:00,Jhang,200.535
11/9/2024,14:00,Jhelum,230.16
11/9/2024,14:00,Kasur,206.11
11/9/2024,14:00,Khanewal,217.76
11/9/2024,14:00,Khushab,177.62
11/9/2024,14:00,Lahore,692.26
11/9/2024,14:00,Layyah,182.855
11/9/2024,14:00,Lodhran,200.135
11/9/2024,14:00,Mandi Bahuddin,222.685
11/9/2024,14:00,Mianwali,165.68
11/9/2024,14:00,Multan,222.925
11/9/2024,14:00,Muzaffargarh,214.46
11/9/2024,14:00,Nankana Sahib,205.1
11/9/2024,14:00,Narowal,235.35
11/9/2024,14:00,Okara,162.375
11/9/2024,14:00,Pakpattan,152.07
11/9/2024,14:00,Rahim Yar Khan,158.965
11/9/2024,14:00,Rajanpur,161.05
11/9/2024,14:00,Rawalpindi,637.865
11/9/2024,14:00,Sahiwal,188.42
11/9/2024,14:00,Sargodha,239.85
11/9/2024,14:00,Sheikhupura,402.96
11/9/2024,14:00,Sialkot,265.915
11/9/2024,14:00,Toba Tek Singh,160.135
11/9/2024,14:00,Vehari,195.235
11/9/2024,15:00,Attock,309.32
11/9/2024,15:00,Bahawalnagar,194.37
11/9/2024,15:00,Bahawalpur,198.3
11/9/2024,15:00,Bhakkar,190.525
11/9/2024,15:00,Chakwal,202.46
11/9/2024,15:00,Chiniot,295.48
11/9/2024,15:00,Dera Ghazi Khan,229.005
11/9/2024,15:00,Faisalabad,290.44
11/9/2024,15:00,Gujranwala,237.91
11/9/2024,15:00,Gujrat,232.07
11/9/2024,15:00,Hafizabad,302.81
11/9/2024,15:00,Jhang,222.3
11/9/2024,15:00,Jhelum,239.59
11/9/2024,15:00,Kasur,212.225
11/9/2024,15:00,Khanewal,250.235
11/9/2024,15:00,Khushab,188.295
11/9/2024,15:00,Lahore,760.73
11/9/2024,15:00,Layyah,202.655
11/9/2024,15:00,Lodhran,231.17
11/9/2024,15:00,Mandi Bahuddin,238.37
11/9/2024,15:00,Mianwali,175.665
11/9/2024,15:00,Multan,260.135
11/9/2024,15:00,Muzaffargarh,238.185
11/9/2024,15:00,Nankana Sahib,228.255
11/9/2024,15:00,Narowal,249.085
11/9/2024,15:00,Okara,170.95
11/9/2024,15:00,Pakpattan,159.965
11/9/2024,15:00,Rahim Yar Khan,183.145
11/9/2024,15:00,Rajanpur,178.005
11/9/2024,15:00,Rawalpindi,704.835
11/9/2024,15:00,Sahiwal,208.025
11/9/2024,15:00,Sargodha,263.755
11/9/2024,15:00,Sheikhupura,430.23
11/9/2024,15:00,Sialkot,288.385
11/9/2024,15:00,Toba Tek Singh,168.3
11/9/2024,15:00,Vehari,224.87
11/9/2024,16:00,Attock,301.815
11/9/2024,16:00,Bahawalnagar,204.725
11/9/2024,16:00,Bahawalpur,214.675
11/9/2024,16:00,Bhakkar,191.295
11/9/2024,16:00,Chakwal,204.1
11/9/2024,16:00,Chiniot,307.67
11/9/2024,16:00,Dera Ghazi Khan,242.765
11/9/2024,16:00,Faisalabad,288.925
11/9/2024,16:00,Gujranwala,251.975
11/9/2024,16:00,Gujrat,227.68
11/9/2024,16:00,Hafizabad,294.385
11/9/2024,16:00,Jhang,239.31
11/9/2024,16:00,Jhelum,238.095
11/9/2024,16:00,Kasur,215.015
11/9/2024,16:00,Khanewal,266.0
11/9/2024,16:00,Khushab,197.11
11/9/2024,16:00,Lahore,730.595
11/9/2024,16:00,Layyah,219.85
11/9/2024,16:00,Lodhran,248.71
11/9/2024,16:00,Mandi Bahuddin,255.15
11/9/2024,16:00,Mianwali,180.615
11/9/2024,16:00,Multan,309.215
11/9/2024,16:00,Muzaffargarh,246.34
11/9/2024,16:00,Nankana Sahib,269.015
11/9/2024,16:00,Narowal,253.5
11/9/2024,16:00,Okara,179.38
11/9/2024,16:00,Pakpattan,162.71
11/9/2024,16:00,Rahim Yar Khan,194.725
11/9/2024,16:00,Rajanpur,189.24
11/9/2024,16:00,Rawalpindi,671.17
11/9/2024,16:00,Sahiwal,206.225
11/9/2024,16:00,Sargodha,282.08
11/9/2024,16:00,Sheikhupura,446.195
11/9/2024,16:00,Sialkot,297.76
11/9/2024,16:00,Toba Tek Singh,175.71
11/9/2024,16:00,Vehari,244.11
11/9/2024,17:00,Attock,289.79
11/9/2024,17:00,Bahawalnagar,206.815
11/9/2024,17:00,Bahawalpur,240.14
11/9/2024,17:00,Bhakkar,184.935
11/9/2024,17:00,Chakwal,207.265
11/9/2024,17:00,Chiniot,311.4
11/9/2024,17:00,Dera Ghazi Khan,256.115
11/9/2024,17:00,Faisalabad,280.3
11/9/2024,17:00,Gujranwala,264.13
11/9/2024,17:00,Gujrat,227.09
11/9/2024,17:00,Hafizabad,272.19
11/9/2024,17:00,Jhang,252.91
11/9/2024,17:00,Jhelum,230.13
11/9/2024,17:00,Kasur,234.325
11/9/2024,17:00,Khanewal,272.2
11/9/2024,17:00,Khushab,205.005
11/9/2024,17:00,Lahore,713.19
11/9/2024,17:00,Layyah,234.915
11/9/2024,17:00,Lodhran,266.71
11/9/2024,17:00,Mandi Bahuddin,272.55
11/9/2024,17:00,Mianwali,181.41
11/9/2024,17:00,Multan,360.98
11/9/2024,17:00,Muzaffargarh,247.01
11/9/2024,17:00,Nankana Sahib,317.79
11/9/2024,17:00,Narowal,251.1
11/9/2024,17:00,Okara,192.64
11/9/2024,17:00,Pakpattan,161.245
11/9/2024,17:00,Rahim Yar Khan,206.075
11/9/2024,17:00,Rajanpur,196.505
11/9/2024,17:00,Rawalpindi,576.895
11/9/2024,17:00,Sahiwal,192.315
11/9/2024,17:00,Sargodha,300.675
11/9/2024,17:00,Sheikhupura,451.69
11/9/2024,17:00,Sialkot,303.04
11/9/2024,17:00,Toba Tek Singh,182.51
11/9/2024,17:00,Vehari,277.94
11/9/2024,18:00,Attock,277.78
11/9/2024,18:00,Bahawalnagar,200.775
11/9/2024,18:00,Bahawalpur,264.58
11/9/2024,18:00,Bhakkar,184.435
11/9/2024,18:00,Chakwal,222.875
11/9/2024,18:00,Chiniot,310.16
11/9/2024,18:00,Dera Ghazi Khan,263.015
11/9/2024,18:00,Faisalabad,268.86
11/9/2024,18:00,Gujranwala,272.85
11/9/2024,18:00,Gujrat,222.23
11/9/2024,18:00,Hafizabad,261.46
11/9/2024,18:00,Jhang,255.745
11/9/2024,18:00,Jhelum,222.465
11/9/2024,18:00,Kasur,245.07
11/9/2024,18:00,Khanewal,269.675
11/9/2024,18:00,Khushab,210.385
11/9/2024,18:00,Lahore,657.49
11/9/2024,18:00,Layyah,244.74
11/9/2024,18:00,Lodhran,282.46
11/9/2024,18:00,Mandi Bahuddin,284.37
11/9/2024,18:00,Mianwali,179.23
11/9/2024,18:00,Multan,382.95
11/9/2024,18:00,Muzaffargarh,254.485
11/9/2024,18:00,Nankana Sahib,355.39
11/9/2024,18:00,Narowal,245.625
11/9/2024,18:00,Okara,198.155
11/9/2024,18:00,Pakpattan,157.715
11/9/2024,18:00,Rahim Yar Khan,215.33
11/9/2024,18:00,Rajanpur,206.935
11/9/2024,18:00,Rawalpindi,479.425
11/9/2024,18:00,Sahiwal,177.59
11/9/2024,18:00,Sargodha,311.45
11/9/2024,18:00,Sheikhupura,435.915
11/9/2024,18:00,Sialkot,301.315
11/9/2024,18:00,Toba Tek Singh,185.345
11/9/2024,18:00,Vehari,300.735
11/9/2024,19:00,Attock,264.6
11/9/2024,19:00,Bahawalnagar,184.27
11/9/2024,19:00,Bahawalpur,276.555
11/9/2024,19:00,Bhakkar,180.445
11/9/2024,19:00,Chakwal,223.6
11/9/2024,19:00,Chiniot,308.05
11/9/2024,19:00,Dera Ghazi Khan,260.84
11/9/2024,19:00,Faisalabad,254.98
11/9/2024,19:00,Gujranwala,270.365
11/9/2024,19:00,Gujrat,211.255
11/9/2024,19:00,Hafizabad,262.15
11/9/2024,19:00,Jhang,240.61
11/9/2024,19:00,Jhelum,216.985
11/9/2024,19:00,Kasur,241.14
11/9/2024,19:00,Khanewal,259.825
11/9/2024,19:00,Khushab,212.06
11/9/2024,19:00,Lahore,536.28
11/9/2024,19:00,Layyah,234.8
11/9/2024,19:00,Lodhran,279.25
11/9/2024,19:00,Mandi Bahuddin,288.39
11/9/2024,19:00,Mianwali,175.405
11/9/2024,19:00,Multan,352.335
11/9/2024,19:00,Muzaffargarh,253.585
11/9/2024,19:00,Nankana Sahib,379.78
11/9/2024,19:00,Narowal,242.52
11/9/2024,19:00,Okara,189.74
11/9/2024,19:00,Pakpattan,151.37
11/9/2024,19:00,Rahim Yar Khan,214.105
11/9/2024,19:00,Rajanpur,196.52
11/9/2024,19:00,Rawalpindi,391.375
11/9/2024,19:00,Sahiwal,174.025
11/9/2024,19:00,Sargodha,311.87
11/9/2024,19:00,Sheikhupura,382.425
11/9/2024,19:00,Sialkot,295.54
11/9/2024,19:00,Toba Tek Singh,181.71
11/9/2024,19:00,Vehari,289.825
11/9/2024,1:00,Attock,206.65
11/9/2024,1:00,Bahawalnagar,155.19
11/9/2024,1:00,Bahawalpur,210.995
11/9/2024,1:00,Bhakkar,173.34
11/9/2024,1:00,Chakwal,207.635
11/9/2024,1:00,Chiniot,239.905
11/9/2024,1:00,Dera Ghazi Khan,153.82
11/9/2024,1:00,Faisalabad,268.59
11/9/2024,1:00,Gujranwala,244.55
11/9/2024,1:00,Gujrat,176.6
11/9/2024,1:00,Hafizabad,235.055
11/9/2024,1:00,Jhang,219.84
11/9/2024,1:00,Jhelum,179.795
11/9/2024,1:00,Kasur,175.245
11/9/2024,1:00,Khanewal,157.05
11/9/2024,1:00,Khushab,218.28
11/9/2024,1:00,Lahore,251.74
11/9/2024,1:00,Layyah,173.805
11/9/2024,1:00,Lodhran,226.85
11/9/2024,1:00,Mandi Bahuddin,235.65
11/9/2024,1:00,Mianwali,146.535
11/9/2024,1:00,Multan,167.23
11/9/2024,1:00,Muzaffargarh,191.58
11/9/2024,1:00,Nankana Sahib,203.29
11/9/2024,1:00,Narowal,221.505
11/9/2024,1:00,Okara,166.88
11/9/2024,1:00,Pakpattan,166.585
11/9/2024,1:00,Rahim Yar Khan,187.01
11/9/2024,1:00,Rajanpur,181.45
11/9/2024,1:00,Rawalpindi,264.475
11/9/2024,1:00,Sahiwal,171.04
11/9/2024,1:00,Sargodha,252.82
11/9/2024,1:00,Sheikhupura,248.34
11/9/2024,1:00,Sialkot,225.445
11/9/2024,1:00,Toba Tek Singh,176.87
11/9/2024,1:00,Vehari,204.35
11/9/2024,20:00,Attock,256.665
11/9/2024,20:00,Bahawalnagar,161.85
11/9/2024,20:00,Bahawalpur,280.15
11/9/2024,20:00,Bhakkar,173.005
11/9/2024,20:00,Chakwal,217.095
11/9/2024,20:00,Chiniot,304.895
11/9/2024,20:00,Dera Ghazi Khan,252.165
11/9/2024,20:00,Faisalabad,270.92
11/9/2024,20:00,Gujranwala,262.825
11/9/2024,20:00,Gujrat,196.39
11/9/2024,20:00,Hafizabad,261.695
11/9/2024,20:00,Jhang,216.51
11/9/2024,20:00,Jhelum,210.37
11/9/2024,20:00,Kasur,228.42
11/9/2024,20:00,Khanewal,266.225
11/9/2024,20:00,Khushab,212.805
11/9/2024,20:00,Lahore,373.385
11/9/2024,20:00,Layyah,220.38
11/9/2024,20:00,Lodhran,271.975
11/9/2024,20:00,Mandi Bahuddin,288.61
11/9/2024,20:00,Mianwali,171.58
11/9/2024,20:00,Multan,295.385
11/9/2024,20:00,Muzaffargarh,241.32
11/9/2024,20:00,Nankana Sahib,393.585
11/9/2024,20:00,Narowal,241.415
11/9/2024,20:00,Okara,174.67
11/9/2024,20:00,Pakpattan,148.955
11/9/2024,20:00,Rahim Yar Khan,207.435
11/9/2024,20:00,Rajanpur,187.695
11/9/2024,20:00,Rawalpindi,300.815
11/9/2024,20:00,Sahiwal,170.865
11/9/2024,20:00,Sargodha,307.83
11/9/2024,20:00,Sheikhupura,365.25
11/9/2024,20:00,Sialkot,286.175
11/9/2024,20:00,Toba Tek Singh,175.71
11/9/2024,20:00,Vehari,265.425
11/9/2024,21:00,Attock,246.835
11/9/2024,21:00,Bahawalnagar,153.025
11/9/2024,21:00,Bahawalpur,275.845
11/9/2024,21:00,Bhakkar,165.525
11/9/2024,21:00,Chakwal,209.985
11/9/2024,21:00,Chiniot,299.805
11/9/2024,21:00,Dera Ghazi Khan,234.9
11/9/2024,21:00,Faisalabad,286.35
11/9/2024,21:00,Gujranwala,260.45
11/9/2024,21:00,Gujrat,181.055
11/9/2024,21:00,Hafizabad,260.205
11/9/2024,21:00,Jhang,214.29
11/9/2024,21:00,Jhelum,201.25
11/9/2024,21:00,Kasur,214.15
11/9/2024,21:00,Khanewal,263.04
11/9/2024,21:00,Khushab,214.02
11/9/2024,21:00,Lahore,277.225
11/9/2024,21:00,Layyah,206.215
11/9/2024,21:00,Lodhran,266.37
11/9/2024,21:00,Mandi Bahuddin,285.4
11/9/2024,21:00,Mianwali,166.33
11/9/2024,21:00,Multan,249.45
11/9/2024,21:00,Muzaffargarh,230.105
11/9/2024,21:00,Nankana Sahib,383.73
11/9/2024,21:00,Narowal,238.205
11/9/2024,21:00,Okara,162.725
11/9/2024,21:00,Pakpattan,148.41
11/9/2024,21:00,Rahim Yar Khan,200.425
11/9/2024,21:00,Rajanpur,182.8
11/9/2024,21:00,Rawalpindi,232.74
11/9/2024,21:00,Sahiwal,168.385
11/9/2024,21:00,Sargodha,301.3
11/9/2024,21:00,Sheikhupura,344.225
11/9/2024,21:00,Sialkot,273.165
11/9/2024,21:00,Toba Tek Singh,170.425
11/9/2024,21:00,Vehari,260.94
11/9/2024,22:00,Attock,238.355
11/9/2024,22:00,Bahawalnagar,154.865
11/9/2024,22:00,Bahawalpur,258.785
11/9/2024,22:00,Bhakkar,161.015
11/9/2024,22:00,Chakwal,202.12
11/9/2024,22:00,Chiniot,288.235
11/9/2024,22:00,Dera Ghazi Khan,231.035
11/9/2024,22:00,Faisalabad,288.405
11/9/2024,22:00,Gujranwala,252.66
11/9/2024,22:00,Gujrat,168.54
11/9/2024,22:00,Hafizabad,254.635
11/9/2024,22:00,Jhang,214.59
11/9/2024,22:00,Jhelum,191.38
11/9/2024,22:00,Kasur,199.305
11/9/2024,22:00,Khanewal,240.475
11/9/2024,22:00,Khushab,216.165
11/9/2024,22:00,Lahore,240.145
11/9/2024,22:00,Layyah,195.655
11/9/2024,22:00,Lodhran,272.955
11/9/2024,22:00,Mandi Bahuddin,276.02
11/9/2024,22:00,Mianwali,160.115
11/9/2024,22:00,Multan,230.135
11/9/2024,22:00,Muzaffargarh,224.935
11/9/2024,22:00,Nankana Sahib,331.245
11/9/2024,22:00,Narowal,233.13
11/9/2024,22:00,Okara,159.04
11/9/2024,22:00,Pakpattan,148.79
11/9/2024,22:00,Rahim Yar Khan,197.805
11/9/2024,22:00,Rajanpur,183.78
11/9/2024,22:00,Rawalpindi,225.83
11/9/2024,22:00,Sahiwal,166.94
11/9/2024,22:00,Sargodha,289.81
11/9/2024,22:00,Sheikhupura,313.78
11/9/2024,22:00,Sialkot,255.86
11/9/2024,22:00,Toba Tek Singh,167.515
11/9/2024,22:00,Vehari,252.875
11/9/2024,23:00,Attock,229.545
11/9/2024,23:00,Bahawalnagar,175.535
11/9/2024,23:00,Bahawalpur,233.165
11/9/2024,23:00,Bhakkar,161.445
11/9/2024,23:00,Chakwal,191.88
11/9/2024,23:00,Chiniot,271.805
11/9/2024,23:00,Dera Ghazi Khan,231.22
11/9/2024,23:00,Faisalabad,282.71
11/9/2024,23:00,Gujranwala,246.83
11/9/2024,23:00,Gujrat,158.335
11/9/2024,23:00,Hafizabad,245.205
11/9/2024,23:00,Jhang,213.565
11/9/2024,23:00,Jhelum,182.78
11/9/2024,23:00,Kasur,183.01
11/9/2024,23:00,Khanewal,204.36
11/9/2024,23:00,Khushab,217.53
11/9/2024,23:00,Lahore,227.255
11/9/2024,23:00,Layyah,186.825
11/9/2024,23:00,Lodhran,277.64
11/9/2024,23:00,Mandi Bahuddin,262.285
11/9/2024,23:00,Mianwali,157.085
11/9/2024,23:00,Multan,231.55
11/9/2024,23:00,Muzaffargarh,221.92
11/9/2024,23:00,Nankana Sahib,267.51
11/9/2024,23:00,Narowal,227.605
11/9/2024,23:00,Okara,158.425
11/9/2024,23:00,Pakpattan,149.55
11/9/2024,23:00,Rahim Yar Khan,196.885
11/9/2024,23:00,Rajanpur,187.305
11/9/2024,23:00,Rawalpindi,214.015
11/9/2024,23:00,Sahiwal,165.935
11/9/2024,23:00,Sargodha,275.315
11/9/2024,23:00,Sheikhupura,308.19
11/9/2024,23:00,Sialkot,237.125
11/9/2024,23:00,Toba Tek Singh,165.855
11/9/2024,23:00,Vehari,235.96
11/9/2024,2:00,Attock,212.75
11/9/2024,2:00,Bahawalnagar,162.825
11/9/2024,2:00,Bahawalpur,234.39
11/9/2024,2:00,Bhakkar,176.72
11/9/2024,2:00,Chakwal,223.975
11/9/2024,2:00,Chiniot,257.1
11/9/2024,2:00,Dera Ghazi Khan,156.085
11/9/2024,2:00,Faisalabad,309.65
11/9/2024,2:00,Gujranwala,261.345
11/9/2024,2:00,Gujrat,185.985
11/9/2024,2:00,Hafizabad,240.275
11/9/2024,2:00,Jhang,231.68
11/9/2024,2:00,Jhelum,195.1
11/9/2024,2:00,Kasur,184.575
11/9/2024,2:00,Khanewal,165.65
11/9/2024,2:00,Khushab,228.34
11/9/2024,2:00,Lahore,311.03
11/9/2024,2:00,Layyah,180.58
11/9/2024,2:00,Lodhran,238.135
11/9/2024,2:00,Mandi Bahuddin,246.62
11/9/2024,2:00,Mianwali,149.025
11/9/2024,2:00,Multan,174.075
11/9/2024,2:00,Muzaffargarh,175.93
11/9/2024,2:00,Nankana Sahib,190.775
11/9/2024,2:00,Narowal,223.095
11/9/2024,2:00,Okara,172.405
11/9/2024,2:00,Pakpattan,172.605
11/9/2024,2:00,Rahim Yar Khan,205.295
11/9/2024,2:00,Rajanpur,189.13
11/9/2024,2:00,Rawalpindi,307.615
11/9/2024,2:00,Sahiwal,175.0
11/9/2024,2:00,Sargodha,240.74
11/9/2024,2:00,Sheikhupura,309.33
11/9/2024,2:00,Sialkot,240.785
11/9/2024,2:00,Toba Tek Singh,186.51
11/9/2024,2:00,Vehari,196.15
11/9/2024,3:00,Attock,222.0
11/9/2024,3:00,Bahawalnagar,166.26
11/9/2024,3:00,Bahawalpur,241.685
11/9/2024,3:00,Bhakkar,181.14
11/9/2024,3:00,Chakwal,230.135
11/9/2024,3:00,Chiniot,264.035
11/9/2024,3:00,Dera Ghazi Khan,157.425
11/9/2024,3:00,Faisalabad,333.035
11/9/2024,3:00,Gujranwala,265.81
11/9/2024,3:00,Gujrat,190.78
11/9/2024,3:00,Hafizabad,238.5
11/9/2024,3:00,Jhang,241.78
11/9/2024,3:00,Jhelum,205.48
11/9/2024,3:00,Kasur,190.435
11/9/2024,3:00,Khanewal,170.855
11/9/2024,3:00,Khushab,231.48
11/9/2024,3:00,Lahore,341.815
11/9/2024,3:00,Layyah,183.68
11/9/2024,3:00,Lodhran,236.995
11/9/2024,3:00,Mandi Bahuddin,247.825
11/9/2024,3:00,Mianwali,153.21
11/9/2024,3:00,Multan,182.19
11/9/2024,3:00,Muzaffargarh,176.86
11/9/2024,3:00,Nankana Sahib,181.125
11/9/2024,3:00,Narowal,217.22
11/9/2024,3:00,Okara,174.62
11/9/2024,3:00,Pakpattan,174.42
11/9/2024,3:00,Rahim Yar Khan,212.97
11/9/2024,3:00,Rajanpur,197.755
11/9/2024,3:00,Rawalpindi,364.455
11/9/2024,3:00,Sahiwal,176.05
11/9/2024,3:00,Sargodha,244.58
11/9/2024,3:00,Sheikhupura,341.615
11/9/2024,3:00,Sialkot,241.94
11/9/2024,3:00,Toba Tek Singh,190.89
11/9/2024,3:00,Vehari,186.555
11/9/2024,4:00,Attock,227.5
11/9/2024,4:00,Bahawalnagar,161.18
11/9/2024,4:00,Bahawalpur,219.66
11/9/2024,4:00,Bhakkar,183.46
11/9/2024,4:00,Chakwal,219.695
11/9/2024,4:00,Chiniot,247.83
11/9/2024,4:00,Dera Ghazi Khan,159.29
11/9/2024,4:00,Faisalabad,304.66
11/9/2024,4:00,Gujranwala,249.765
11/9/2024,4:00,Gujrat,194.88
11/9/2024,4:00,Hafizabad,224.11
11/9/2024,4:00,Jhang,230.25
11/9/2024,4:00,Jhelum,197.59
11/9/2024,4:00,Kasur,186.775
11/9/2024,4:00,Khanewal,166.66
11/9/2024,4:00,Khushab,222.465
11/9/2024,4:00,Lahore,316.1
11/9/2024,4:00,Layyah,183.15
11/9/2024,4:00,Lodhran,214.315
11/9/2024,4:00,Mandi Bahuddin,236.73
11/9/2024,4:00,Mianwali,157.84
11/9/2024,4:00,Multan,178.455
11/9/2024,4:00,Muzaffargarh,172.71
11/9/2024,4:00,Nankana Sahib,173.975
11/9/2024,4:00,Narowal,196.875
11/9/2024,4:00,Okara,171.68
11/9/2024,4:00,Pakpattan,171.835
11/9/2024,4:00,Rahim Yar Khan,198.435
11/9/2024,4:00,Rajanpur,191.965
11/9/2024,4:00,Rawalpindi,339.21
11/9/2024,4:00,Sahiwal,173.74
11/9/2024,4:00,Sargodha,233.765
11/9/2024,4:00,Sheikhupura,318.7
11/9/2024,4:00,Sialkot,228.495
11/9/2024,4:00,Toba Tek Singh,185.86
11/9/2024,4:00,Vehari,174.46
11/9/2024,5:00,Attock,232.785
11/9/2024,5:00,Bahawalnagar,157.095
11/9/2024,5:00,Bahawalpur,180.56
11/9/2024,5:00,Bhakkar,183.0
11/9/2024,5:00,Chakwal,197.31
11/9/2024,5:00,Chiniot,221.79
11/9/2024,5:00,Dera Ghazi Khan,161.845
11/9/2024,5:00,Faisalabad,248.79
11/9/2024,5:00,Gujranwala,224.0
11/9/2024,5:00,Gujrat,193.865
11/9/2024,5:00,Hafizabad,204.23
11/9/2024,5:00,Jhang,208.49
11/9/2024,5:00,Jhelum,203.025
11/9/2024,5:00,Kasur,179.52
11/9/2024,5:00,Khanewal,159.25
11/9/2024,5:00,Khushab,204.79
11/9/2024,5:00,Lahore,261.565
11/9/2024,5:00,Layyah,179.615
11/9/2024,5:00,Lodhran,180.245
11/9/2024,5:00,Mandi Bahuddin,223.45
11/9/2024,5:00,Mianwali,167.505
11/9/2024,5:00,Multan,170.205
11/9/2024,5:00,Muzaffargarh,165.58
11/9/2024,5:00,Nankana Sahib,168.045
11/9/2024,5:00,Narowal,175.25
11/9/2024,5:00,Okara,165.985
11/9/2024,5:00,Pakpattan,164.75
11/9/2024,5:00,Rahim Yar Khan,174.155
11/9/2024,5:00,Rajanpur,177.75
11/9/2024,5:00,Rawalpindi,290.49
11/9/2024,5:00,Sahiwal,168.645
11/9/2024,5:00,Sargodha,212.79
11/9/2024,5:00,Sheikhupura,266.665
11/9/2024,5:00,Sialkot,208.105
11/9/2024,5:00,Toba Tek Singh,177.21
11/9/2024,5:00,Vehari,160.29
11/9/2024,6:00,Attock,224.9
11/9/2024,6:00,Bahawalnagar,150.27
11/9/2024,6:00,Bahawalpur,154.885
11/9/2024,6:00,Bhakkar,179.055
11/9/2024,6:00,Chakwal,175.75
11/9/2024,6:00,Chiniot,200.485
11/9/2024,6:00,Dera Ghazi Khan,159.72
11/9/2024,6:00,Faisalabad,203.385
11/9/2024,6:00,Gujranwala,202.96
11/9/2024,6:00,Gujrat,189.845
11/9/2024,6:00,Hafizabad,192.315
11/9/2024,6:00,Jhang,196.535
11/9/2024,6:00,Jhelum,211.76
11/9/2024,6:00,Kasur,173.93
11/9/2024,6:00,Khanewal,155.995
11/9/2024,6:00,Khushab,187.605
11/9/2024,6:00,Lahore,219.92
11/9/2024,6:00,Layyah,174.14
11/9/2024,6:00,Lodhran,160.195
11/9/2024,6:00,Mandi Bahuddin,210.89
11/9/2024,6:00,Mianwali,169.335
11/9/2024,6:00,Multan,160.52
11/9/2024,6:00,Muzaffargarh,157.105
11/9/2024,6:00,Nankana Sahib,164.995
11/9/2024,6:00,Narowal,170.315
11/9/2024,6:00,Okara,161.925
11/9/2024,6:00,Pakpattan,155.78
11/9/2024,6:00,Rahim Yar Khan,161.175
11/9/2024,6:00,Rajanpur,167.02
11/9/2024,6:00,Rawalpindi,232.635
11/9/2024,6:00,Sahiwal,161.34
11/9/2024,6:00,Sargodha,197.39
11/9/2024,6:00,Sheikhupura,226.32
11/9/2024,6:00,Sialkot,193.99
11/9/2024,6:00,Toba Tek Singh,167.94
11/9/2024,6:00,Vehari,147.64
11/9/2024,7:00,Attock,203.375
11/9/2024,7:00,Bahawalnagar,140.385
11/9/2024,7:00,Bahawalpur,143.69
11/9/2024,7:00,Bhakkar,168.955
11/9/2024,7:00,Chakwal,164.83
11/9/2024,7:00,Chiniot,187.19
11/9/2024,7:00,Dera Ghazi Khan,158.05
11/9/2024,7:00,Faisalabad,179.025
11/9/2024,7:00,Gujranwala,192.81
11/9/2024,7:00,Gujrat,186.25
11/9/2024,7:00,Hafizabad,185.19
11/9/2024,7:00,Jhang,181.185
11/9/2024,7:00,Jhelum,207.635
11/9/2024,7:00,Kasur,168.26
11/9/2024,7:00,Khanewal,148.21
11/9/2024,7:00,Khushab,174.395
11/9/2024,7:00,Lahore,194.04
11/9/2024,7:00,Layyah,164.62
11/9/2024,7:00,Lodhran,146.645
11/9/2024,7:00,Mandi Bahuddin,201.685
11/9/2024,7:00,Mianwali,163.155
11/9/2024,7:00,Multan,151.405
11/9/2024,7:00,Muzaffargarh,151.345
11/9/2024,7:00,Nankana Sahib,161.805
11/9/2024,7:00,Narowal,168.365
11/9/2024,7:00,Okara,155.405
11/9/2024,7:00,Pakpattan,144.97
11/9/2024,7:00,Rahim Yar Khan,148.695
11/9/2024,7:00,Rajanpur,159.165
11/9/2024,7:00,Rawalpindi,202.76
11/9/2024,7:00,Sahiwal,150.925
11/9/2024,7:00,Sargodha,188.825
11/9/2024,7:00,Sheikhupura,204.44
11/9/2024,7:00,Sialkot,189.36
11/9/2024,7:00,Toba Tek Singh,154.665
11/9/2024,7:00,Vehari,135.475
11/9/2024,8:00,Attock,178.42
11/9/2024,8:00,Bahawalnagar,129.185
11/9/2024,8:00,Bahawalpur,135.815
11/9/2024,8:00,Bhakkar,155.53
11/9/2024,8:00,Chakwal,161.33
11/9/2024,8:00,Chiniot,181.14
11/9/2024,8:00,Dera Ghazi Khan,150.85
11/9/2024,8:00,Faisalabad,166.965
11/9/2024,8:00,Gujranwala,187.6
11/9/2024,8:00,Gujrat,182.9
11/9/2024,8:00,Hafizabad,180.54
11/9/2024,8:00,Jhang,164.135
11/9/2024,8:00,Jhelum,196.13
11/9/2024,8:00,Kasur,160.625
11/9/2024,8:00,Khanewal,135.59
11/9/2024,8:00,Khushab,165.19
11/9/2024,8:00,Lahore,176.46
11/9/2024,8:00,Layyah,150.285
11/9/2024,8:00,Lodhran,137.49
11/9/2024,8:00,Mandi Bahuddin,194.13
11/9/2024,8:00,Mianwali,154.52
11/9/2024,8:00,Multan,146.585
11/9/2024,8:00,Muzaffargarh,147.35
11/9/2024,8:00,Nankana Sahib,157.01
11/9/2024,8:00,Narowal,164.97
11/9/2024,8:00,Okara,145.73
11/9/2024,8:00,Pakpattan,133.365
11/9/2024,8:00,Rahim Yar Khan,136.365
11/9/2024,8:00,Rajanpur,148.05
11/9/2024,8:00,Rawalpindi,187.29
11/9/2024,8:00,Sahiwal,136.55
11/9/2024,8:00,Sargodha,182.72
11/9/2024,8:00,Sheikhupura,192.51
11/9/2024,8:00,Sialkot,186.395
11/9/2024,8:00,Toba Tek Singh,139.08
11/9/2024,8:00,Vehari,125.21
11/9/2024,9:00,Attock,160.99
11/9/2024,9:00,Bahawalnagar,120.48
11/9/2024,9:00,Bahawalpur,131.715
11/9/2024,9:00,Bhakkar,148.635
11/9/2024,9:00,Chakwal,159.745
11/9/2024,9:00,Chiniot,177.835
11/9/2024,9:00,Dera Ghazi Khan,142.995
11/9/2024,9:00,Faisalabad,166.87
11/9/2024,9:00,Gujranwala,184.77
11/9/2024,9:00,Gujrat,179.775
11/9/2024,9:00,Hafizabad,178.735
11/9/2024,9:00,Jhang,158.22
11/9/2024,9:00,Jhelum,185.805
11/9/2024,9:00,Kasur,155.52
11/9/2024,9:00,Khanewal,127.335
11/9/2024,9:00,Khushab,159.36
11/9/2024,9:00,Lahore,188.77
11/9/2024,9:00,Layyah,139.0
11/9/2024,9:00,Lodhran,133.27
11/9/2024,9:00,Mandi Bahuddin,189.87
11/9/2024,9:00,Mianwali,148.68
11/9/2024,9:00,Multan,142.25
11/9/2024,9:00,Muzaffargarh,146.765
11/9/2024,9:00,Nankana Sahib,154.545
11/9/2024,9:00,Narowal,164.46
11/9/2024,9:00,Okara,139.415
11/9/2024,9:00,Pakpattan,122.96
11/9/2024,9:00,Rahim Yar Khan,126.5
11/9/2024,9:00,Rajanpur,139.815
11/9/2024,9:00,Rawalpindi,197.655
11/9/2024,9:00,Sahiwal,128.325
11/9/2024,9:00,Sargodha,179.035
11/9/2024,9:00,Sheikhupura,191.47
11/9/2024,9:00,Sialkot,185.755
11/9/2024,9:00,Toba Tek Singh,131.36
11/9/2024,9:00,Vehari,119.96
11/9/2024,13:00,Attock,179.29
11/9/2024,13:00,Bahawalnagar,151.975
11/9/2024,13:00,Bahawalpur,150.71
11/9/2024,13:00,Bhakkar,181.7
11/9/2024,13:00,Chakwal,162.815
11/9/2024,13:00,Chiniot,204.135
11/9/2024,13:00,Dera Ghazi Khan,165.27
11/9/2024,13:00,Faisalabad,193.205
11/9/2024,13:00,Gujranwala,213.6
11/9/2024,13:00,Gujrat,196.14
11/9/2024,13:00,Hafizabad,203.83499999999998
11/9/2024,13:00,Jhang,188.595
11/9/2024,13:00,Jhelum,197.705
11/9/2024,13:00,Kasur,174.795
11/9/2024,13:00,Khanewal,155.885
11/9/2024,13:00,Khushab,187.345
11/9/2024,13:00,Lahore,211.285
11/9/2024,13:00,Layyah,174.66500000000002
11/9/2024,13:00,Lodhran,158.17
11/9/2024,13:00,Mandi Bahuddin,216.36999999999998
11/9/2024,13:00,Mianwali,176.45
11/9/2024,13:00,Multan,162.805
11/9/2024,13:00,Muzaffargarh,174.83
11/9/2024,13:00,Nankana Sahib,174.75499999999997
11/9/2024,13:00,Narowal,181.01000000000002
11/9/2024,13:00,Okara,164.19500000000002
11/9/2024,13:00,Pakpattan,154.985
11/9/2024,13:00,Rahim Yar Khan,143.92000000000002
11/9/2024,13:00,Rajanpur,157.645
11/9/2024,13:00,Rawalpindi,191.57000000000002
11/9/2024,13:00,Sahiwal,157.62
11/9/2024,13:00,Sargodha,202.69
11/9/2024,13:00,Sheikhupura,215.285
11/9/2024,13:00,Sialkot,207.85999999999999
11/9/2024,13:00,Toba Tek Singh,162.55999999999997
11/9/2024,13:00,Vehari,143.885