District,date,Aqi
Attock,2024-10-04,148.29468
Attock,2024-10-05,89.88833
Attock,2024-10-06,79.79408
Attock,2024-10-07,82.654915
Attock,2024-10-08,82.59813
Attock,2024-10-09,81.149925
Attock,2024-10-10,83.05497
Attock,2024-10-11,83.07596
Attock,2024-10-12,80.312744
Attock,2024-10-13,84.48683
Attock,2024-10-14,83.032776
Attock,2024-10-15,81.95574
Attock,2024-10-16,85.193535
Attock,2024-10-17,82.77959
Attock,2024-10-18,83.498726
Attock,2024-10-19,83.35586
Attock,2024-10-20,81.9023
Attock,2024-10-21,83.61086
Attock,2024-10-22,82.401886
Attock,2024-10-23,82.66704
Attock,2024-10-24,83.27191
Attock,2024-10-25,81.622025
Attock,2024-10-26,84.036255
Attock,2024-10-27,82.6593
Attock,2024-10-28,80.61439
Attock,2024-10-29,83.82155
Attock,2024-10-30,83.78818
Attock,2024-10-31,79.914345
Attock,2024-11-01,83.22763
Attock,2024-11-02,83.64477
Attock,2024-11-03,79.67379
Attock,2024-11-04,83.23269
Attock,2024-11-05,82.908554
Attock,2024-11-06,80.989586
Attock,2024-11-07,83.39317
Attock,2024-11-08,82.16447
Attock,2024-11-09,83.3653
Attock,2024-11-10,83.01827
Attock,2024-11-11,81.33893
Attock,2024-11-12,84.00932
Attock,2024-11-13,82.546974
Attock,2024-11-14,82.56606
Attock,2024-11-15,83.70797
Attock,2024-11-16,82.00932
Attock,2024-11-17,83.85151
Attock,2024-11-18,83.05944
Attock,2024-11-19,81.91086
Attock,2024-11-20,83.42391
Attock,2024-11-21,82.468956
Attock,2024-11-22,83.39942
Attock,2024-11-23,82.63061
Attock,2024-11-24,81.47482
Attock,2024-11-25,83.36625
Attock,2024-11-26,83.78959
Attock,2024-11-27,80.363
Attock,2024-11-28,82.86911
Attock,2024-11-29,83.95617
Attock,2024-11-30,79.52397
Attock,2024-12-01,83.223434
Attock,2024-12-02,83.50266
Attock,2024-12-03,80.39238
Attock,2024-12-04,83.77952
Attock,2024-12-05,82.922356
Attock,2024-12-06,82.6968
Attock,2024-12-07,83.236496
Attock,2024-12-08,82.19518
Attock,2024-12-09,83.48827
Attock,2024-12-10,82.36957
Attock,2024-12-11,82.2974
Attock,2024-12-12,83.31742
Attock,2024-12-13,81.67252
Attock,2024-12-14,83.982925
Attock,2024-12-15,82.72193
Attock,2024-12-16,81.63342
Attock,2024-12-17,83.8713
Attock,2024-12-18,82.31025
Attock,2024-12-19,83.634285
Attock,2024-12-20,83.328545
Attock,2024-12-21,81.60024
Attock,2024-12-22,83.60447
Attock,2024-12-23,83.16958
Attock,2024-12-24,80.78427
Attock,2024-12-25,82.937485
Attock,2024-12-26,83.49906
Attock,2024-12-27,80.95402
Attock,2024-12-28,83.11448
Attock,2024-12-29,83.141975
Attock,2024-12-30,80.689735
Attock,2024-12-31,84.045166
Attock,2025-01-01,82.63308
Bahawalnagar,2024-10-04,138.59973
Bahawalnagar,2024-10-05,122.736626
Bahawalnagar,2024-10-06,124.335396
Bahawalnagar,2024-10-07,115.41466
Bahawalnagar,2024-10-08,116.59365
Bahawalnagar,2024-10-09,114.82791
Bahawalnagar,2024-10-10,116.94667
Bahawalnagar,2024-10-11,120.98752
Bahawalnagar,2024-10-12,158.87599
Bahawalnagar,2024-10-13,198.04172
Bahawalnagar,2024-10-14,153.8563
Bahawalnagar,2024-10-15,124.4773
Bahawalnagar,2024-10-16,124.7247
Bahawalnagar,2024-10-17,126.39509
Bahawalnagar,2024-10-18,126.7984
Bahawalnagar,2024-10-19,128.3578
Bahawalnagar,2024-10-20,127.69693
Bahawalnagar,2024-10-21,127.63454
Bahawalnagar,2024-10-22,127.65431
Bahawalnagar,2024-10-23,127.0302
Bahawalnagar,2024-10-24,127.7393
Bahawalnagar,2024-10-25,127.47829
Bahawalnagar,2024-10-26,127.45647
Bahawalnagar,2024-10-27,127.651215
Bahawalnagar,2024-10-28,127.113144
Bahawalnagar,2024-10-29,127.855064
Bahawalnagar,2024-10-30,127.508255
Bahawalnagar,2024-10-31,126.67526
Bahawalnagar,2024-11-01,127.83992
Bahawalnagar,2024-11-02,127.85321
Bahawalnagar,2024-11-03,126.21309
Bahawalnagar,2024-11-04,127.775566
Bahawalnagar,2024-11-05,127.807365
Bahawalnagar,2024-11-06,126.01225
Bahawalnagar,2024-11-07,127.56502
Bahawalnagar,2024-11-08,127.65907
Bahawalnagar,2024-11-09,126.80066
Bahawalnagar,2024-11-10,127.70827
Bahawalnagar,2024-11-11,127.40277
Bahawalnagar,2024-11-12,127.64807
Bahawalnagar,2024-11-13,127.58031
Bahawalnagar,2024-11-14,127.00262
Bahawalnagar,2024-11-15,127.85448
Bahawalnagar,2024-11-16,127.45941
Bahawalnagar,2024-11-17,127.553024
Bahawalnagar,2024-11-18,127.82422
Bahawalnagar,2024-11-19,127.140884
Bahawalnagar,2024-11-20,127.852295
Bahawalnagar,2024-11-21,127.72752
Bahawalnagar,2024-11-22,127.08092
Bahawalnagar,2024-11-23,127.76651
Bahawalnagar,2024-11-24,127.35072
Bahawalnagar,2024-11-25,127.67639
Bahawalnagar,2024-11-26,127.59141
Bahawalnagar,2024-11-27,126.847046
Bahawalnagar,2024-11-28,127.67981
Bahawalnagar,2024-11-29,127.78606
Bahawalnagar,2024-11-30,126.36075
Bahawalnagar,2024-12-01,127.556946
Bahawalnagar,2024-12-02,127.87215
Bahawalnagar,2024-12-03,126.10982
Bahawalnagar,2024-12-04,127.70076
Bahawalnagar,2024-12-05,127.82582
Bahawalnagar,2024-12-06,126.4662
Bahawalnagar,2024-12-07,127.83446
Bahawalnagar,2024-12-08,127.63933
Bahawalnagar,2024-12-09,127.29604
Bahawalnagar,2024-12-10,127.697235
Bahawalnagar,2024-12-11,127.2041
Bahawalnagar,2024-12-12,127.71994
Bahawalnagar,2024-12-13,127.51752
Bahawalnagar,2024-12-14,127.37613
Bahawalnagar,2024-12-15,127.646095
Bahawalnagar,2024-12-16,127.17268
Bahawalnagar,2024-12-17,127.86037
Bahawalnagar,2024-12-18,127.541046
Bahawalnagar,2024-12-19,127.238205
Bahawalnagar,2024-12-20,127.880516
Bahawalnagar,2024-12-21,127.30335
Bahawalnagar,2024-12-22,127.79439
Bahawalnagar,2024-12-23,127.81082
Bahawalnagar,2024-12-24,126.874146
Bahawalnagar,2024-12-25,127.806145
Bahawalnagar,2024-12-26,127.52046
Bahawalnagar,2024-12-27,126.45578
Bahawalnagar,2024-12-28,127.64696
Bahawalnagar,2024-12-29,127.71008
Bahawalnagar,2024-12-30,126.29237
Bahawalnagar,2024-12-31,127.59386
Bahawalnagar,2025-01-01,127.59688
Bahawalpur,2024-10-04,140.89708
Bahawalpur,2024-10-05,121.98617
Bahawalpur,2024-10-06,120.64054
Bahawalpur,2024-10-07,111.70609
Bahawalpur,2024-10-08,112.35741
Bahawalpur,2024-10-09,110.268555
Bahawalpur,2024-10-10,111.85643
Bahawalpur,2024-10-11,115.766495
Bahawalpur,2024-10-12,154.5434
Bahawalpur,2024-10-13,192.42435
Bahawalpur,2024-10-14,153.88634
Bahawalpur,2024-10-15,129.94682
Bahawalpur,2024-10-16,129.26894
Bahawalpur,2024-10-17,131.44325
Bahawalpur,2024-10-18,132.39726
Bahawalpur,2024-10-19,133.93858
Bahawalpur,2024-10-20,133.36392
Bahawalpur,2024-10-21,133.39519
Bahawalpur,2024-10-22,133.26743
Bahawalpur,2024-10-23,132.66335
Bahawalpur,2024-10-24,133.33914
Bahawalpur,2024-10-25,133.08366
Bahawalpur,2024-10-26,133.1215
Bahawalpur,2024-10-27,133.27606
Bahawalpur,2024-10-28,132.76187
Bahawalpur,2024-10-29,133.4317
Bahawalpur,2024-10-30,133.14427
Bahawalpur,2024-10-31,132.37784
Bahawalpur,2024-11-01,133.43115
Bahawalpur,2024-11-02,133.47536
Bahawalpur,2024-11-03,131.95236
Bahawalpur,2024-11-04,133.3653
Bahawalpur,2024-11-05,133.40233
Bahawalpur,2024-11-06,131.76668
Bahawalpur,2024-11-07,133.24005
Bahawalpur,2024-11-08,133.26141
Bahawalpur,2024-11-09,132.51678
Bahawalpur,2024-11-10,133.32162
Bahawalpur,2024-11-11,133.02199
Bahawalpur,2024-11-12,133.28314
Bahawalpur,2024-11-13,133.21277
Bahawalpur,2024-11-14,132.66487
Bahawalpur,2024-11-15,133.43382
Bahawalpur,2024-11-16,133.10756
Bahawalpur,2024-11-17,133.248
Bahawalpur,2024-11-18,133.41785
Bahawalpur,2024-11-19,132.83746
Bahawalpur,2024-11-20,133.44647
Bahawalpur,2024-11-21,133.32234
Bahawalpur,2024-11-22,132.82953
Bahawalpur,2024-11-23,133.36737
Bahawalpur,2024-11-24,132.9782
Bahawalpur,2024-11-25,133.32816
Bahawalpur,2024-11-26,133.19563
Bahawalpur,2024-11-27,132.52766
Bahawalpur,2024-11-28,133.2991
Bahawalpur,2024-11-29,133.40057
Bahawalpur,2024-11-30,132.07639
Bahawalpur,2024-12-01,133.19336
Bahawalpur,2024-12-02,133.45682
Bahawalpur,2024-12-03,131.83458
Bahawalpur,2024-12-04,133.36238
Bahawalpur,2024-12-05,133.41681
Bahawalpur,2024-12-06,132.20569
Bahawalpur,2024-12-07,133.42465
Bahawalpur,2024-12-08,133.239
Bahawalpur,2024-12-09,133.02283
Bahawalpur,2024-12-10,133.30463
Bahawalpur,2024-12-11,132.84485
Bahawalpur,2024-12-12,133.34108
Bahawalpur,2024-12-13,133.12878
Bahawalpur,2024-12-14,133.06172
Bahawalpur,2024-12-15,133.27295
Bahawalpur,2024-12-16,132.81839
Bahawalpur,2024-12-17,133.44511
Bahawalpur,2024-12-18,133.18219
Bahawalpur,2024-12-19,132.9672
Bahawalpur,2024-12-20,133.471
Bahawalpur,2024-12-21,132.981
Bahawalpur,2024-12-22,133.4295
Bahawalpur,2024-12-23,133.39996
Bahawalpur,2024-12-24,132.61247
Bahawalpur,2024-12-25,133.40192
Bahawalpur,2024-12-26,133.17688
Bahawalpur,2024-12-27,132.19904
Bahawalpur,2024-12-28,133.25302
Bahawalpur,2024-12-29,133.32303
Bahawalpur,2024-12-30,132.00232
Bahawalpur,2024-12-31,133.24771
Bahawalpur,2025-01-01,133.2354
Bhakkar,2024-10-04,137.07361
Bhakkar,2024-10-05,95.06718
Bhakkar,2024-10-06,83.63669
Bhakkar,2024-10-07,83.20706
Bhakkar,2024-10-08,75.41508
Bhakkar,2024-10-09,74.442604
Bhakkar,2024-10-10,74.59118
Bhakkar,2024-10-11,73.06984
Bhakkar,2024-10-12,74.93109
Bhakkar,2024-10-13,73.8469
Bhakkar,2024-10-14,79.28077
Bhakkar,2024-10-15,78.07482
Bhakkar,2024-10-16,79.31098
Bhakkar,2024-10-17,79.19552
Bhakkar,2024-10-18,80.285515
Bhakkar,2024-10-19,79.82755
Bhakkar,2024-10-20,79.16807
Bhakkar,2024-10-21,79.96504
Bhakkar,2024-10-22,79.30034
Bhakkar,2024-10-23,79.50695
Bhakkar,2024-10-24,79.52742
Bhakkar,2024-10-25,79.14381
Bhakkar,2024-10-26,79.781395
Bhakkar,2024-10-27,79.52514
Bhakkar,2024-10-28,78.86316
Bhakkar,2024-10-29,79.52829
Bhakkar,2024-10-30,79.920006
Bhakkar,2024-10-31,78.59939
Bhakkar,2024-11-01,79.38212
Bhakkar,2024-11-02,79.68095
Bhakkar,2024-11-03,78.46805
Bhakkar,2024-11-04,79.64312
Bhakkar,2024-11-05,79.35795
Bhakkar,2024-11-06,78.911835
Bhakkar,2024-11-07,79.67648
Bhakkar,2024-11-08,79.262024
Bhakkar,2024-11-09,79.5995
Bhakkar,2024-11-10,79.37096
Bhakkar,2024-11-11,79.0611
Bhakkar,2024-11-12,79.6981
Bhakkar,2024-11-13,79.19151
Bhakkar,2024-11-14,79.68318
Bhakkar,2024-11-15,79.46656
Bhakkar,2024-11-16,79.057976
Bhakkar,2024-11-17,79.91031
Bhakkar,2024-11-18,79.40331
Bhakkar,2024-11-19,79.27528
Bhakkar,2024-11-20,79.54748
Bhakkar,2024-11-21,79.342674
Bhakkar,2024-11-22,79.70732
Bhakkar,2024-11-23,79.313156
Bhakkar,2024-11-24,79.06882
Bhakkar,2024-11-25,79.58485
Bhakkar,2024-11-26,79.70859
Bhakkar,2024-11-27,78.732864
Bhakkar,2024-11-28,79.28857
Bhakkar,2024-11-29,79.63016
Bhakkar,2024-11-30,78.55724
Bhakkar,2024-12-01,79.80986
Bhakkar,2024-12-02,79.42014
Bhakkar,2024-12-03,78.7931
Bhakkar,2024-12-04,79.83348
Bhakkar,2024-12-05,79.40498
Bhakkar,2024-12-06,79.4211
Bhakkar,2024-12-07,79.46714
Bhakkar,2024-12-08,79.264694
Bhakkar,2024-12-09,79.7459
Bhakkar,2024-12-10,79.29108
Bhakkar,2024-12-11,79.36906
Bhakkar,2024-12-12,79.458954
Bhakkar,2024-12-13,79.15405
Bhakkar,2024-12-14,79.76988
Bhakkar,2024-12-15,79.2173
Bhakkar,2024-12-16,79.435814
Bhakkar,2024-12-17,79.54866
Bhakkar,2024-12-18,79.11365
Bhakkar,2024-12-19,79.88152
Bhakkar,2024-12-20,79.41209
Bhakkar,2024-12-21,78.90557
Bhakkar,2024-12-22,79.7047
Bhakkar,2024-12-23,79.58921
Bhakkar,2024-12-24,79.138214
Bhakkar,2024-12-25,79.39057
Bhakkar,2024-12-26,79.71458
Bhakkar,2024-12-27,79.1674
Bhakkar,2024-12-28,79.57965
Bhakkar,2024-12-29,79.39681
Bhakkar,2024-12-30,79.02597
Bhakkar,2024-12-31,79.758
Bhakkar,2025-01-01,79.17779
Chakwal,2024-10-04,116.20147
Chakwal,2024-10-05,91.546135
Chakwal,2024-10-06,82.19104
Chakwal,2024-10-07,82.52625
Chakwal,2024-10-08,80.90732
Chakwal,2024-10-09,79.872505
Chakwal,2024-10-10,81.05279
Chakwal,2024-10-11,81.3231
Chakwal,2024-10-12,79.39513
Chakwal,2024-10-13,81.775215
Chakwal,2024-10-14,80.75037
Chakwal,2024-10-15,79.143234
Chakwal,2024-10-16,82.0528
Chakwal,2024-10-17,79.76503
Chakwal,2024-10-18,80.216324
Chakwal,2024-10-19,80.964355
Chakwal,2024-10-20,79.31415
Chakwal,2024-10-21,81.234695
Chakwal,2024-10-22,79.777916
Chakwal,2024-10-23,79.54179
Chakwal,2024-10-24,81.18945
Chakwal,2024-10-25,79.355194
Chakwal,2024-10-26,80.9954
Chakwal,2024-10-27,80.16718
Chakwal,2024-10-28,78.94947
Chakwal,2024-10-29,81.47098
Chakwal,2024-10-30,80.94563
Chakwal,2024-10-31,78.66162
Chakwal,2024-11-01,80.65395
Chakwal,2024-11-02,81.30011
Chakwal,2024-11-03,78.41211
Chakwal,2024-11-04,80.26093
Chakwal,2024-11-05,80.42151
Chakwal,2024-11-06,78.5738
Chakwal,2024-11-07,81.19898
Chakwal,2024-11-08,79.62712
Chakwal,2024-11-09,80.06853
Chakwal,2024-11-10,80.88018
Chakwal,2024-11-11,79.23845
Chakwal,2024-11-12,81.21136
Chakwal,2024-11-13,79.8899
Chakwal,2024-11-14,79.89819
Chakwal,2024-11-15,81.31115
Chakwal,2024-11-16,79.60304
Chakwal,2024-11-17,81.155106
Chakwal,2024-11-18,80.32576
Chakwal,2024-11-19,79.26861
Chakwal,2024-11-20,81.10988
Chakwal,2024-11-21,79.62635
Chakwal,2024-11-22,80.65192
Chakwal,2024-11-23,80.105545
Chakwal,2024-11-24,79.19118
Chakwal,2024-11-25,81.27543
Chakwal,2024-11-26,80.51785
Chakwal,2024-11-27,78.721375
Chakwal,2024-11-28,80.57885
Chakwal,2024-11-29,81.38878
Chakwal,2024-11-30,78.357346
Chakwal,2024-12-01,80.409744
Chakwal,2024-12-02,81.08948
Chakwal,2024-12-03,78.41569
Chakwal,2024-12-04,81.275734
Chakwal,2024-12-05,79.99275
Chakwal,2024-12-06,79.51768
Chakwal,2024-12-07,80.868744
Chakwal,2024-12-08,79.50274
Chakwal,2024-12-09,80.93726
Chakwal,2024-12-10,79.808105
Chakwal,2024-12-11,79.30387
Chakwal,2024-12-12,81.18384
Chakwal,2024-12-13,79.40384
Chakwal,2024-12-14,80.82583
Chakwal,2024-12-15,80.29285
Chakwal,2024-12-16,79.27182
Chakwal,2024-12-17,81.45052
Chakwal,2024-12-18,79.729576
Chakwal,2024-12-19,80.79419
Chakwal,2024-12-20,80.77967
Chakwal,2024-12-21,79.425316
Chakwal,2024-12-22,81.28231
Chakwal,2024-12-23,80.043365
Chakwal,2024-12-24,79.038704
Chakwal,2024-12-25,80.54765
Chakwal,2024-12-26,81.16941
Chakwal,2024-12-27,78.69177
Chakwal,2024-12-28,79.91787
Chakwal,2024-12-29,81.00326
Chakwal,2024-12-30,78.59591
Chakwal,2024-12-31,81.108955
Chakwal,2025-01-01,80.00313
Chiniot,2024-10-04,174.81915
Chiniot,2024-10-05,131.95213
Chiniot,2024-10-06,112.231285
Chiniot,2024-10-07,112.5513
Chiniot,2024-10-08,108.78
Chiniot,2024-10-09,108.28157
Chiniot,2024-10-10,109.3972
Chiniot,2024-10-11,109.95434
Chiniot,2024-10-12,107.22678
Chiniot,2024-10-13,107.642296
Chiniot,2024-10-14,112.03818
Chiniot,2024-10-15,104.55019
Chiniot,2024-10-16,109.665825
Chiniot,2024-10-17,107.19781
Chiniot,2024-10-18,105.387505
Chiniot,2024-10-19,109.56627
Chiniot,2024-10-20,106.850296
Chiniot,2024-10-21,107.55305
Chiniot,2024-10-22,106.93912
Chiniot,2024-10-23,106.26294
Chiniot,2024-10-24,108.09168
Chiniot,2024-10-25,105.431984
Chiniot,2024-10-26,108.073875
Chiniot,2024-10-27,106.36786
Chiniot,2024-10-28,104.6414
Chiniot,2024-10-29,109.946075
Chiniot,2024-10-30,107.49133
Chiniot,2024-10-31,104.22403
Chiniot,2024-11-01,108.65422
Chiniot,2024-11-02,109.372795
Chiniot,2024-11-03,103.89653
Chiniot,2024-11-04,107.3701
Chiniot,2024-11-05,108.45509
Chiniot,2024-11-06,103.89332
Chiniot,2024-11-07,107.8644
Chiniot,2024-11-08,106.19117
Chiniot,2024-11-09,105.90238
Chiniot,2024-11-10,107.5886
Chiniot,2024-11-11,105.371086
Chiniot,2024-11-12,108.83648
Chiniot,2024-11-13,106.05666
Chiniot,2024-11-14,105.93094
Chiniot,2024-11-15,109.74797
Chiniot,2024-11-16,106.00664
Chiniot,2024-11-17,108.14899
Chiniot,2024-11-18,108.17294
Chiniot,2024-11-19,106.0894
Chiniot,2024-11-20,109.445175
Chiniot,2024-11-21,107.21859
Chiniot,2024-11-22,106.214424
Chiniot,2024-11-23,107.72342
Chiniot,2024-11-24,106.58179
Chiniot,2024-11-25,108.28795
Chiniot,2024-11-26,106.85453
Chiniot,2024-11-27,105.804184
Chiniot,2024-11-28,107.14066
Chiniot,2024-11-29,109.48834
Chiniot,2024-11-30,104.864944
Chiniot,2024-12-01,106.463135
Chiniot,2024-12-02,109.41277
Chiniot,2024-12-03,103.86674
Chiniot,2024-12-04,108.64188
Chiniot,2024-12-05,107.70383
Chiniot,2024-12-06,104.15562
Chiniot,2024-12-07,109.125145
Chiniot,2024-12-08,107.020134
Chiniot,2024-12-09,107.0448
Chiniot,2024-12-10,107.000084
Chiniot,2024-12-11,106.31714
Chiniot,2024-12-12,108.20368
Chiniot,2024-12-13,105.534706
Chiniot,2024-12-14,107.800674
Chiniot,2024-12-15,106.71762
Chiniot,2024-12-16,105.406235
Chiniot,2024-12-17,109.942375
Chiniot,2024-12-18,106.11705
Chiniot,2024-12-19,107.06004
Chiniot,2024-12-20,108.98746
Chiniot,2024-12-21,106.1874
Chiniot,2024-12-22,108.99791
Chiniot,2024-12-23,107.44302
Chiniot,2024-12-24,106.136826
Chiniot,2024-12-25,108.55273
Chiniot,2024-12-26,107.77921
Chiniot,2024-12-27,105.87151
Chiniot,2024-12-28,106.1797
Chiniot,2024-12-29,107.90125
Chiniot,2024-12-30,105.43909
Chiniot,2024-12-31,108.61977
Chiniot,2025-01-01,106.34179
Dera Ghazi Khan,2024-10-04,128.133
Dera Ghazi Khan,2024-10-05,98.09484
Dera Ghazi Khan,2024-10-06,86.06197
Dera Ghazi Khan,2024-10-07,87.38563
Dera Ghazi Khan,2024-10-08,84.65619
Dera Ghazi Khan,2024-10-09,84.95786
Dera Ghazi Khan,2024-10-10,85.283264
Dera Ghazi Khan,2024-10-11,84.05274
Dera Ghazi Khan,2024-10-12,86.55112
Dera Ghazi Khan,2024-10-13,83.97747
Dera Ghazi Khan,2024-10-14,85.864944
Dera Ghazi Khan,2024-10-15,84.19768
Dera Ghazi Khan,2024-10-16,85.6382
Dera Ghazi Khan,2024-10-17,86.64045
Dera Ghazi Khan,2024-10-18,86.61691
Dera Ghazi Khan,2024-10-19,86.987625
Dera Ghazi Khan,2024-10-20,86.37166
Dera Ghazi Khan,2024-10-21,86.21367
Dera Ghazi Khan,2024-10-22,86.36651
Dera Ghazi Khan,2024-10-23,86.04261
Dera Ghazi Khan,2024-10-24,86.130844
Dera Ghazi Khan,2024-10-25,86.02744
Dera Ghazi Khan,2024-10-26,86.45275
Dera Ghazi Khan,2024-10-27,86.25925
Dera Ghazi Khan,2024-10-28,85.64976
Dera Ghazi Khan,2024-10-29,86.58994
Dera Ghazi Khan,2024-10-30,86.659065
Dera Ghazi Khan,2024-10-31,85.35281
Dera Ghazi Khan,2024-11-01,86.74302
Dera Ghazi Khan,2024-11-02,86.55968
Dera Ghazi Khan,2024-11-03,85.00478
Dera Ghazi Khan,2024-11-04,86.68089
Dera Ghazi Khan,2024-11-05,86.48642
Dera Ghazi Khan,2024-11-06,85.376175
Dera Ghazi Khan,2024-11-07,86.36819
Dera Ghazi Khan,2024-11-08,86.29744
Dera Ghazi Khan,2024-11-09,86.23134
Dera Ghazi Khan,2024-11-10,86.06487
Dera Ghazi Khan,2024-11-11,85.89867
Dera Ghazi Khan,2024-11-12,86.46959
Dera Ghazi Khan,2024-11-13,86.08174
Dera Ghazi Khan,2024-11-14,86.44637
Dera Ghazi Khan,2024-11-15,86.65966
Dera Ghazi Khan,2024-11-16,86.00553
Dera Ghazi Khan,2024-11-17,86.64369
Dera Ghazi Khan,2024-11-18,86.78219
Dera Ghazi Khan,2024-11-19,85.93988
Dera Ghazi Khan,2024-11-20,86.51678
Dera Ghazi Khan,2024-11-21,86.6098
Dera Ghazi Khan,2024-11-22,86.03582
Dera Ghazi Khan,2024-11-23,86.42143
Dera Ghazi Khan,2024-11-24,86.26124
Dera Ghazi Khan,2024-11-25,86.02688
Dera Ghazi Khan,2024-11-26,86.36402
Dera Ghazi Khan,2024-11-27,85.862045
Dera Ghazi Khan,2024-11-28,86.08257
Dera Ghazi Khan,2024-11-29,86.512024
Dera Ghazi Khan,2024-11-30,85.42734
Dera Ghazi Khan,2024-12-01,86.57268
Dera Ghazi Khan,2024-12-02,86.73086
Dera Ghazi Khan,2024-12-03,85.278496
Dera Ghazi Khan,2024-12-04,86.583496
Dera Ghazi Khan,2024-12-05,86.773994
Dera Ghazi Khan,2024-12-06,85.77869
Dera Ghazi Khan,2024-12-07,86.47904
Dera Ghazi Khan,2024-12-08,86.49404
Dera Ghazi Khan,2024-12-09,86.05707
Dera Ghazi Khan,2024-12-10,86.361084
Dera Ghazi Khan,2024-12-11,86.14328
Dera Ghazi Khan,2024-12-12,86.03731
Dera Ghazi Khan,2024-12-13,86.02825
Dera Ghazi Khan,2024-12-14,86.45589
Dera Ghazi Khan,2024-12-15,86.11823
Dera Ghazi Khan,2024-12-16,86.146736
Dera Ghazi Khan,2024-12-17,86.60966
Dera Ghazi Khan,2024-12-18,86.09557
Dera Ghazi Khan,2024-12-19,86.621956
Dera Ghazi Khan,2024-12-20,86.785706
Dera Ghazi Khan,2024-12-21,86.022095
Dera Ghazi Khan,2024-12-22,86.495575
Dera Ghazi Khan,2024-12-23,86.720245
Dera Ghazi Khan,2024-12-24,85.8833
Dera Ghazi Khan,2024-12-25,86.44255
Dera Ghazi Khan,2024-12-26,86.36656
Dera Ghazi Khan,2024-12-27,85.72641
Dera Ghazi Khan,2024-12-28,86.265495
Dera Ghazi Khan,2024-12-29,86.079796
Dera Ghazi Khan,2024-12-30,85.76145
Dera Ghazi Khan,2024-12-31,86.50781
Dera Ghazi Khan,2025-01-01,86.14865
Faisalabad,2024-10-04,149.3117
Faisalabad,2024-10-05,120.43721
Faisalabad,2024-10-06,102.739075
Faisalabad,2024-10-07,100.49753
Faisalabad,2024-10-08,97.105255
Faisalabad,2024-10-09,95.58899
Faisalabad,2024-10-10,96.27834
Faisalabad,2024-10-11,96.39755
Faisalabad,2024-10-12,95.92454
Faisalabad,2024-10-13,98.0216
Faisalabad,2024-10-14,105.624626
Faisalabad,2024-10-15,98.46638
Faisalabad,2024-10-16,101.12343
Faisalabad,2024-10-17,100.60652
Faisalabad,2024-10-18,99.28141
Faisalabad,2024-10-19,101.042755
Faisalabad,2024-10-20,100.24174
Faisalabad,2024-10-21,100.32509
Faisalabad,2024-10-22,99.74883
Faisalabad,2024-10-23,99.61367
Faisalabad,2024-10-24,100.60785
Faisalabad,2024-10-25,98.83795
Faisalabad,2024-10-26,100.86621
Faisalabad,2024-10-27,100.00085
Faisalabad,2024-10-28,98.64195
Faisalabad,2024-10-29,101.66963
Faisalabad,2024-10-30,100.429565
Faisalabad,2024-10-31,98.562805
Faisalabad,2024-11-01,101.33748
Faisalabad,2024-11-02,100.970184
Faisalabad,2024-11-03,98.31815
Faisalabad,2024-11-04,100.72464
Faisalabad,2024-11-05,100.46586
Faisalabad,2024-11-06,98.37108
Faisalabad,2024-11-07,100.39775
Faisalabad,2024-11-08,99.53088
Faisalabad,2024-11-09,99.69375
Faisalabad,2024-11-10,100.45543
Faisalabad,2024-11-11,99.265205
Faisalabad,2024-11-12,101.20116
Faisalabad,2024-11-13,99.89536
Faisalabad,2024-11-14,99.624016
Faisalabad,2024-11-15,101.646965
Faisalabad,2024-11-16,99.82855
Faisalabad,2024-11-17,100.65958
Faisalabad,2024-11-18,101.14331
Faisalabad,2024-11-19,99.80601
Faisalabad,2024-11-20,100.86821
Faisalabad,2024-11-21,100.56352
Faisalabad,2024-11-22,99.730316
Faisalabad,2024-11-23,100.086266
Faisalabad,2024-11-24,99.894554
Faisalabad,2024-11-25,100.58942
Faisalabad,2024-11-26,100.272736
Faisalabad,2024-11-27,99.15217
Faisalabad,2024-11-28,100.30735
Faisalabad,2024-11-29,101.47377
Faisalabad,2024-11-30,98.4223
Faisalabad,2024-12-01,99.89138
Faisalabad,2024-12-02,101.59041
Faisalabad,2024-12-03,97.65126
Faisalabad,2024-12-04,100.74184
Faisalabad,2024-12-05,100.93391
Faisalabad,2024-12-06,98.64006
Faisalabad,2024-12-07,100.6759
Faisalabad,2024-12-08,100.343094
Faisalabad,2024-12-09,100.08913
Faisalabad,2024-12-10,99.68431
Faisalabad,2024-12-11,99.62469
Faisalabad,2024-12-12,100.61426
Faisalabad,2024-12-13,99.3681
Faisalabad,2024-12-14,100.77469
Faisalabad,2024-12-15,100.16067
Faisalabad,2024-12-16,99.28269
Faisalabad,2024-12-17,101.66583
Faisalabad,2024-12-18,99.94917
Faisalabad,2024-12-19,100.1399
Faisalabad,2024-12-20,101.46823
Faisalabad,2024-12-21,99.911415
Faisalabad,2024-12-22,100.73216
Faisalabad,2024-12-23,100.755714
Faisalabad,2024-12-24,99.80254
Faisalabad,2024-12-25,100.38927
Faisalabad,2024-12-26,100.38508
Faisalabad,2024-12-27,99.6261
Faisalabad,2024-12-28,99.60982
Faisalabad,2024-12-29,100.55576
Faisalabad,2024-12-30,99.27904
Faisalabad,2024-12-31,101.14185
Faisalabad,2025-01-01,100.06056
Gujranwala,2024-10-04,129.7323
Gujranwala,2024-10-05,97.0865
Gujranwala,2024-10-06,80.94955
Gujranwala,2024-10-07,82.544304
Gujranwala,2024-10-08,80.97985
Gujranwala,2024-10-09,80.241875
Gujranwala,2024-10-10,81.80913
Gujranwala,2024-10-11,81.73366
Gujranwala,2024-10-12,79.42613
Gujranwala,2024-10-13,80.12059
Gujranwala,2024-10-14,76.76165
Gujranwala,2024-10-15,75.19301
Gujranwala,2024-10-16,77.139465
Gujranwala,2024-10-17,76.542076
Gujranwala,2024-10-18,75.75868
Gujranwala,2024-10-19,76.89985
Gujranwala,2024-10-20,75.87811
Gujranwala,2024-10-21,76.4543
Gujranwala,2024-10-22,76.36763
Gujranwala,2024-10-23,75.392944
Gujranwala,2024-10-24,76.87817
Gujranwala,2024-10-25,75.699196
Gujranwala,2024-10-26,76.265495
Gujranwala,2024-10-27,76.68472
Gujranwala,2024-10-28,75.30487
Gujranwala,2024-10-29,76.87794
Gujranwala,2024-10-30,76.12567
Gujranwala,2024-10-31,74.95604
Gujranwala,2024-11-01,76.96527
Gujranwala,2024-11-02,76.51737
Gujranwala,2024-11-03,74.58899
Gujranwala,2024-11-04,76.426125
Gujranwala,2024-11-05,76.56895
Gujranwala,2024-11-06,74.71013
Gujranwala,2024-11-07,76.445206
Gujranwala,2024-11-08,76.080055
Gujranwala,2024-11-09,75.55451
Gujranwala,2024-11-10,76.82995
Gujranwala,2024-11-11,75.58257
Gujranwala,2024-11-12,76.4783
Gujranwala,2024-11-13,76.52513
Gujranwala,2024-11-14,75.28172
Gujranwala,2024-11-15,76.97901
Gujranwala,2024-11-16,76.01378
Gujranwala,2024-11-17,76.171265
Gujranwala,2024-11-18,76.84473
Gujranwala,2024-11-19,75.655334
Gujranwala,2024-11-20,76.60802
Gujranwala,2024-11-21,76.20753
Gujranwala,2024-11-22,75.90901
Gujranwala,2024-11-23,76.46407
Gujranwala,2024-11-24,75.65546
Gujranwala,2024-11-25,76.62225
Gujranwala,2024-11-26,75.892334
Gujranwala,2024-11-27,75.07582
Gujranwala,2024-11-28,76.81008
Gujranwala,2024-11-29,76.65839
Gujranwala,2024-11-30,74.43411
Gujranwala,2024-12-01,76.36372
Gujranwala,2024-12-02,77.01737
Gujranwala,2024-12-03,74.460945
Gujranwala,2024-12-04,76.32203
Gujranwala,2024-12-05,76.68514
Gujranwala,2024-12-06,75.234314
Gujranwala,2024-12-07,76.63696
Gujranwala,2024-12-08,76.03044
Gujranwala,2024-12-09,76.177536
Gujranwala,2024-12-10,76.33142
Gujranwala,2024-12-11,75.46781
Gujranwala,2024-12-12,76.7738
Gujranwala,2024-12-13,75.75936
Gujranwala,2024-12-14,76.137314
Gujranwala,2024-12-15,76.73287
Gujranwala,2024-12-16,75.39064
Gujranwala,2024-12-17,76.80287
Gujranwala,2024-12-18,76.21046
Gujranwala,2024-12-19,75.83981
Gujranwala,2024-12-20,76.9856
Gujranwala,2024-12-21,75.82464
Gujranwala,2024-12-22,76.44422
Gujranwala,2024-12-23,76.48126
Gujranwala,2024-12-24,75.42146
Gujranwala,2024-12-25,76.60672
Gujranwala,2024-12-26,76.40586
Gujranwala,2024-12-27,74.939606
Gujranwala,2024-12-28,76.15374
Gujranwala,2024-12-29,76.846306
Gujranwala,2024-12-30,74.68358
Gujranwala,2024-12-31,76.38001
Gujranwala,2025-01-01,76.610115
Gujrat,2024-10-04,96.3263
Gujrat,2024-10-05,80.66395
Gujrat,2024-10-06,71.94949
Gujrat,2024-10-07,72.72798
Gujrat,2024-10-08,71.98419
Gujrat,2024-10-09,71.28153
Gujrat,2024-10-10,72.1715
Gujrat,2024-10-11,72.97546
Gujrat,2024-10-12,70.211006
Gujrat,2024-10-13,71.078575
Gujrat,2024-10-14,69.79168
Gujrat,2024-10-15,68.586784
Gujrat,2024-10-16,70.33858
Gujrat,2024-10-17,69.97207
Gujrat,2024-10-18,68.28686
Gujrat,2024-10-19,70.08312
Gujrat,2024-10-20,69.02897
Gujrat,2024-10-21,69.241745
Gujrat,2024-10-22,69.75818
Gujrat,2024-10-23,68.296295
Gujrat,2024-10-24,69.97388
Gujrat,2024-10-25,68.95192
Gujrat,2024-10-26,68.960526
Gujrat,2024-10-27,70.04205
Gujrat,2024-10-28,68.24817
Gujrat,2024-10-29,69.803795
Gujrat,2024-10-30,69.38521
Gujrat,2024-10-31,67.66781
Gujrat,2024-11-01,70.218575
Gujrat,2024-11-02,69.62519
Gujrat,2024-11-03,67.21719
Gujrat,2024-11-04,69.7372
Gujrat,2024-11-05,69.97581
Gujrat,2024-11-06,67.29457
Gujrat,2024-11-07,69.35354
Gujrat,2024-11-08,69.51576
Gujrat,2024-11-09,68.10621
Gujrat,2024-11-10,70.0371
Gujrat,2024-11-11,68.74062
Gujrat,2024-11-12,69.231865
Gujrat,2024-11-13,69.90662
Gujrat,2024-11-14,68.09015
Gujrat,2024-11-15,70.014046
Gujrat,2024-11-16,69.184616
Gujrat,2024-11-17,69.09981
Gujrat,2024-11-18,70.166176
Gujrat,2024-11-19,68.52802
Gujrat,2024-11-20,69.811165
Gujrat,2024-11-21,69.47998
Gujrat,2024-11-22,68.690315
Gujrat,2024-11-23,69.92678
Gujrat,2024-11-24,68.65957
Gujrat,2024-11-25,69.6001
Gujrat,2024-11-26,69.266426
Gujrat,2024-11-27,67.837585
Gujrat,2024-11-28,70.08052
Gujrat,2024-11-29,69.46891
Gujrat,2024-11-30,67.13603
Gujrat,2024-12-01,69.69314
Gujrat,2024-12-02,70.16117
Gujrat,2024-12-03,67.15171
Gujrat,2024-12-04,69.30785
Gujrat,2024-12-05,70.05397
Gujrat,2024-12-06,67.85438
Gujrat,2024-12-07,69.93987
Gujrat,2024-12-08,69.230354
Gujrat,2024-12-09,68.999756
Gujrat,2024-12-10,69.82542
Gujrat,2024-12-11,68.392166
Gujrat,2024-12-12,69.841225
Gujrat,2024-12-13,69.04352
Gujrat,2024-12-14,68.83032
Gujrat,2024-12-15,70.06175
Gujrat,2024-12-16,68.359604
Gujrat,2024-12-17,69.70135
Gujrat,2024-12-18,69.49326
Gujrat,2024-12-19,68.68295
Gujrat,2024-12-20,70.20565
Gujrat,2024-12-21,68.81963
Gujrat,2024-12-22,69.51073
Gujrat,2024-12-23,69.8166
Gujrat,2024-12-24,68.14372
Gujrat,2024-12-25,69.97359
Gujrat,2024-12-26,69.27111
Gujrat,2024-12-27,67.77859
Gujrat,2024-12-28,69.59396
Gujrat,2024-12-29,70.00359
Gujrat,2024-12-30,68.04231
Gujrat,2024-12-31,69.107895
Gujrat,2025-01-01,69.988396
Hafizabad,2024-10-04,151.85872
Hafizabad,2024-10-05,113.49348
Hafizabad,2024-10-06,97.504585
Hafizabad,2024-10-07,97.15234
Hafizabad,2024-10-08,93.74065
Hafizabad,2024-10-09,93.02321
Hafizabad,2024-10-10,94.22619
Hafizabad,2024-10-11,93.98947
Hafizabad,2024-10-12,92.151825
Hafizabad,2024-10-13,92.04277
Hafizabad,2024-10-14,94.62547
Hafizabad,2024-10-15,88.96324
Hafizabad,2024-10-16,91.65245
Hafizabad,2024-10-17,90.551056
Hafizabad,2024-10-18,89.973694
Hafizabad,2024-10-19,92.04501
Hafizabad,2024-10-20,90.45899
Hafizabad,2024-10-21,91.316635
Hafizabad,2024-10-22,90.34125
Hafizabad,2024-10-23,89.92216
Hafizabad,2024-10-24,91.64451
Hafizabad,2024-10-25,89.537926
Hafizabad,2024-10-26,91.26976
Hafizabad,2024-10-27,90.6182
Hafizabad,2024-10-28,89.335144
Hafizabad,2024-10-29,92.32653
Hafizabad,2024-10-30,90.60986
Hafizabad,2024-10-31,89.19179
Hafizabad,2024-11-01,91.63873
Hafizabad,2024-11-02,91.66839
Hafizabad,2024-11-03,88.94332
Hafizabad,2024-11-04,90.76418
Hafizabad,2024-11-05,91.22606
Hafizabad,2024-11-06,88.96157
Hafizabad,2024-11-07,91.389465
Hafizabad,2024-11-08,89.81957
Hafizabad,2024-11-09,90.059235
Hafizabad,2024-11-10,91.345085
Hafizabad,2024-11-11,89.484985
Hafizabad,2024-11-12,91.68063
Hafizabad,2024-11-13,90.35579
Hafizabad,2024-11-14,89.83512
Hafizabad,2024-11-15,92.254425
Hafizabad,2024-11-16,90.24351
Hafizabad,2024-11-17,90.95404
Hafizabad,2024-11-18,91.31436
Hafizabad,2024-11-19,90.153496
Hafizabad,2024-11-20,91.70137
Hafizabad,2024-11-21,90.64822
Hafizabad,2024-11-22,90.4107
Hafizabad,2024-11-23,90.78104
Hafizabad,2024-11-24,90.16788
Hafizabad,2024-11-25,91.641525
Hafizabad,2024-11-26,90.54811
Hafizabad,2024-11-27,89.552414
Hafizabad,2024-11-28,91.07286
Hafizabad,2024-11-29,92.0392
Hafizabad,2024-11-30,88.87748
Hafizabad,2024-12-01,90.29382
Hafizabad,2024-12-02,92.07597
Hafizabad,2024-12-03,88.42617
Hafizabad,2024-12-04,91.23267
Hafizabad,2024-12-05,90.98101
Hafizabad,2024-12-06,89.29349
Hafizabad,2024-12-07,91.5542
Hafizabad,2024-12-08,90.50568
Hafizabad,2024-12-09,90.89776
Hafizabad,2024-12-10,90.336975
Hafizabad,2024-12-11,89.96226
Hafizabad,2024-12-12,91.64657
Hafizabad,2024-12-13,89.58411
Hafizabad,2024-12-14,91.05315
Hafizabad,2024-12-15,90.79402
Hafizabad,2024-12-16,89.50083
Hafizabad,2024-12-17,92.289825
Hafizabad,2024-12-18,90.31978
Hafizabad,2024-12-19,90.3361
Hafizabad,2024-12-20,91.80625
Hafizabad,2024-12-21,90.24941
Hafizabad,2024-12-22,91.42575
Hafizabad,2024-12-23,90.77661
Hafizabad,2024-12-24,90.052505
Hafizabad,2024-12-25,91.24717
Hafizabad,2024-12-26,91.32582
Hafizabad,2024-12-27,89.759926
Hafizabad,2024-12-28,89.964294
Hafizabad,2024-12-29,91.50258
Hafizabad,2024-12-30,89.49135
Hafizabad,2024-12-31,91.527145
Hafizabad,2025-01-01,90.5174
Jhang,2024-10-04,144.94211
Jhang,2024-10-05,115.08937
Jhang,2024-10-06,98.348785
Jhang,2024-10-07,95.302605
Jhang,2024-10-08,91.459335
Jhang,2024-10-09,90.46642
Jhang,2024-10-10,91.16598
Jhang,2024-10-11,90.99464
Jhang,2024-10-12,90.80736
Jhang,2024-10-13,93.92564
Jhang,2024-10-14,101.49583
Jhang,2024-10-15,93.6117
Jhang,2024-10-16,95.88131
Jhang,2024-10-17,95.50431
Jhang,2024-10-18,94.41768
Jhang,2024-10-19,95.96265
Jhang,2024-10-20,95.24309
Jhang,2024-10-21,95.4502
Jhang,2024-10-22,94.658035
Jhang,2024-10-23,94.6165
Jhang,2024-10-24,95.70735
Jhang,2024-10-25,94.01224
Jhang,2024-10-26,95.911964
Jhang,2024-10-27,95.11
Jhang,2024-10-28,93.84256
Jhang,2024-10-29,96.66327
Jhang,2024-10-30,95.421844
Jhang,2024-10-31,93.781876
Jhang,2024-11-01,96.303345
Jhang,2024-11-02,95.89266
Jhang,2024-11-03,93.53644
Jhang,2024-11-04,95.692276
Jhang,2024-11-05,95.36829
Jhang,2024-11-06,93.54825
Jhang,2024-11-07,95.51325
Jhang,2024-11-08,94.6217
Jhang,2024-11-09,94.842125
Jhang,2024-11-10,95.55267
Jhang,2024-11-11,94.32283
Jhang,2024-11-12,96.22473
Jhang,2024-11-13,94.99512
Jhang,2024-11-14,94.66132
Jhang,2024-11-15,96.6284
Jhang,2024-11-16,94.928375
Jhang,2024-11-17,95.60883
Jhang,2024-11-18,96.10783
Jhang,2024-11-19,94.90604
Jhang,2024-11-20,95.780914
Jhang,2024-11-21,95.53372
Jhang,2024-11-22,94.87117
Jhang,2024-11-23,94.98748
Jhang,2024-11-24,94.87586
Jhang,2024-11-25,95.69553
Jhang,2024-11-26,95.37712
Jhang,2024-11-27,94.17244
Jhang,2024-11-28,95.405876
Jhang,2024-11-29,96.47898
Jhang,2024-11-30,93.44483
Jhang,2024-12-01,94.98612
Jhang,2024-12-02,96.555214
Jhang,2024-12-03,92.882645
Jhang,2024-12-04,95.67135
Jhang,2024-12-05,95.89266
Jhang,2024-12-06,93.867195
Jhang,2024-12-07,95.58438
Jhang,2024-12-08,95.31528
Jhang,2024-12-09,95.21147
Jhang,2024-12-10,94.75818
Jhang,2024-12-11,94.619736
Jhang,2024-12-12,95.717285
Jhang,2024-12-13,94.43512
Jhang,2024-12-14,95.82623
Jhang,2024-12-15,95.25999
Jhang,2024-12-16,94.313385
Jhang,2024-12-17,96.65088
Jhang,2024-12-18,95.04038
Jhang,2024-12-19,95.14533
Jhang,2024-12-20,96.42295
Jhang,2024-12-21,94.99341
Jhang,2024-12-22,95.65289
Jhang,2024-12-23,95.710495
Jhang,2024-12-24,94.899925
Jhang,2024-12-25,95.29143
Jhang,2024-12-26,95.49892
Jhang,2024-12-27,94.70708
Jhang,2024-12-28,94.75267
Jhang,2024-12-29,95.65292
Jhang,2024-12-30,94.3332
Jhang,2024-12-31,96.15904
Jhang,2025-01-01,95.151115
Jhelum,2024-10-04,107.89057
Jhelum,2024-10-05,77.56769
Jhelum,2024-10-06,70.812805
Jhelum,2024-10-07,72.50698
Jhelum,2024-10-08,71.76826
Jhelum,2024-10-09,70.664375
Jhelum,2024-10-10,71.61774
Jhelum,2024-10-11,72.9493
Jhelum,2024-10-12,69.43836
Jhelum,2024-10-13,71.57276
Jhelum,2024-10-14,71.85812
Jhelum,2024-10-15,69.92045
Jhelum,2024-10-16,72.372734
Jhelum,2024-10-17,71.9518
Jhelum,2024-10-18,69.507866
Jhelum,2024-10-19,71.988014
Jhelum,2024-10-20,70.74873
Jhelum,2024-10-21,70.93183
Jhelum,2024-10-22,71.688095
Jhelum,2024-10-23,69.794044
Jhelum,2024-10-24,71.763504
Jhelum,2024-10-25,70.63663
Jhelum,2024-10-26,70.7617
Jhelum,2024-10-27,71.73155
Jhelum,2024-10-28,69.51623
Jhelum,2024-10-29,71.84806
Jhelum,2024-10-30,70.99161
Jhelum,2024-10-31,68.62913
Jhelum,2024-11-01,72.21217
Jhelum,2024-11-02,71.33043
Jhelum,2024-11-03,68.076805
Jhelum,2024-11-04,71.62041
Jhelum,2024-11-05,71.82903
Jhelum,2024-11-06,68.23488
Jhelum,2024-11-07,71.09535
Jhelum,2024-11-08,71.39707
Jhelum,2024-11-09,69.42847
Jhelum,2024-11-10,71.80993
Jhelum,2024-11-11,70.28688
Jhelum,2024-11-12,71.15381
Jhelum,2024-11-13,71.580795
Jhelum,2024-11-14,69.211914
Jhelum,2024-11-15,72.067314
Jhelum,2024-11-16,70.76747
Jhelum,2024-11-17,70.57581
Jhelum,2024-11-18,72.12974
Jhelum,2024-11-19,69.9385
Jhelum,2024-11-20,71.4985
Jhelum,2024-11-21,71.31295
Jhelum,2024-11-22,70.21649
Jhelum,2024-11-23,71.741455
Jhelum,2024-11-24,70.273415
Jhelum,2024-11-25,71.3812
Jhelum,2024-11-26,71.055115
Jhelum,2024-11-27,69.202286
Jhelum,2024-11-28,71.821884
Jhelum,2024-11-29,71.47748
Jhelum,2024-11-30,68.31012
Jhelum,2024-12-01,71.36501
Jhelum,2024-12-02,72.21296
Jhelum,2024-12-03,67.86161
Jhelum,2024-12-04,70.90867
Jhelum,2024-12-05,71.97884
Jhelum,2024-12-06,68.926445
Jhelum,2024-12-07,71.66001
Jhelum,2024-12-08,71.01165
Jhelum,2024-12-09,70.65007
Jhelum,2024-12-10,71.62191
Jhelum,2024-12-11,69.92708
Jhelum,2024-12-12,71.636566
Jhelum,2024-12-13,70.69914
Jhelum,2024-12-14,70.56461
Jhelum,2024-12-15,71.787224
Jhelum,2024-12-16,69.621864
Jhelum,2024-12-17,71.75798
Jhelum,2024-12-18,71.14458
Jhelum,2024-12-19,69.95995
Jhelum,2024-12-20,72.22514
Jhelum,2024-12-21,70.32792
Jhelum,2024-12-22,71.15457
Jhelum,2024-12-23,71.72777
Jhelum,2024-12-24,69.4679
Jhelum,2024-12-25,71.731064
Jhelum,2024-12-26,71.011
Jhelum,2024-12-27,68.76882
Jhelum,2024-12-28,71.40661
Jhelum,2024-12-29,71.80019
Jhelum,2024-12-30,68.39473
Jhelum,2024-12-31,71.0083
Jhelum,2025-01-01,71.69059
Kasur,2024-10-04,167.14604
Kasur,2024-10-05,121.86506
Kasur,2024-10-06,105.2872
Kasur,2024-10-07,104.46291
Kasur,2024-10-08,102.92139
Kasur,2024-10-09,102.59779
Kasur,2024-10-10,104.27235
Kasur,2024-10-11,103.423386
Kasur,2024-10-12,102.18953
Kasur,2024-10-13,102.63099
Kasur,2024-10-14,101.45478
Kasur,2024-10-15,94.59053
Kasur,2024-10-16,97.516975
Kasur,2024-10-17,95.174576
Kasur,2024-10-18,94.178764
Kasur,2024-10-19,96.59721
Kasur,2024-10-20,94.8347
Kasur,2024-10-21,95.146706
Kasur,2024-10-22,95.07689
Kasur,2024-10-23,94.70243
Kasur,2024-10-24,95.45896
Kasur,2024-10-25,94.00335
Kasur,2024-10-26,95.56114
Kasur,2024-10-27,94.57217
Kasur,2024-10-28,93.579315
Kasur,2024-10-29,96.4817
Kasur,2024-10-30,95.85413
Kasur,2024-10-31,93.37226
Kasur,2024-11-01,95.99124
Kasur,2024-11-02,96.54973
Kasur,2024-11-03,92.96753
Kasur,2024-11-04,95.20636
Kasur,2024-11-05,95.996056
Kasur,2024-11-06,92.53934
Kasur,2024-11-07,95.155174
Kasur,2024-11-08,94.55428
Kasur,2024-11-09,94.239075
Kasur,2024-11-10,95.151924
Kasur,2024-11-11,94.246185
Kasur,2024-11-12,95.95499
Kasur,2024-11-13,94.28144
Kasur,2024-11-14,94.90814
Kasur,2024-11-15,96.46957
Kasur,2024-11-16,93.712975
Kasur,2024-11-17,96.186066
Kasur,2024-11-18,95.75005
Kasur,2024-11-19,94.126274
Kasur,2024-11-20,96.485596
Kasur,2024-11-21,95.15382
Kasur,2024-11-22,94.439804
Kasur,2024-11-23,95.55475
Kasur,2024-11-24,94.87242
Kasur,2024-11-25,95.25867
Kasur,2024-11-26,94.91043
Kasur,2024-11-27,94.54415
Kasur,2024-11-28,94.85008
Kasur,2024-11-29,96.30234
Kasur,2024-11-30,94.122604
Kasur,2024-12-01,95.24397
Kasur,2024-12-02,96.40801
Kasur,2024-12-03,93.347565
Kasur,2024-12-04,96.31605
Kasur,2024-12-05,95.47437
Kasur,2024-12-06,93.51586
Kasur,2024-12-07,96.30163
Kasur,2024-12-08,95.05872
Kasur,2024-12-09,94.76631
Kasur,2024-12-10,95.10241
Kasur,2024-12-11,94.74828
Kasur,2024-12-12,95.275856
Kasur,2024-12-13,94.31407
Kasur,2024-12-14,95.530975
Kasur,2024-12-15,94.46921
Kasur,2024-12-16,94.457756
Kasur,2024-12-17,96.553215
Kasur,2024-12-18,93.72288
Kasur,2024-12-19,95.59895
Kasur,2024-12-20,96.23511
Kasur,2024-12-21,94.105064
Kasur,2024-12-22,96.37206
Kasur,2024-12-23,95.283066
Kasur,2024-12-24,94.438896
Kasur,2024-12-25,96.014656
Kasur,2024-12-26,94.9798
Kasur,2024-12-27,94.593765
Kasur,2024-12-28,94.5739
Kasur,2024-12-29,95.13159
Kasur,2024-12-30,94.30727
Kasur,2024-12-31,95.955185
Kasur,2025-01-01,94.24226
Khanewal,2024-10-04,126.80298
Khanewal,2024-10-05,102.96534
Khanewal,2024-10-06,96.218796
Khanewal,2024-10-07,87.57659
Khanewal,2024-10-08,86.434906
Khanewal,2024-10-09,86.557724
Khanewal,2024-10-10,87.46127
Khanewal,2024-10-11,86.83321
Khanewal,2024-10-12,91.47328
Khanewal,2024-10-13,95.403854
Khanewal,2024-10-14,94.76936
Khanewal,2024-10-15,93.261154
Khanewal,2024-10-16,95.49067
Khanewal,2024-10-17,96.924194
Khanewal,2024-10-18,96.97509
Khanewal,2024-10-19,97.698555
Khanewal,2024-10-20,97.021965
Khanewal,2024-10-21,96.7946
Khanewal,2024-10-22,97.15722
Khanewal,2024-10-23,96.60127
Khanewal,2024-10-24,96.78066
Khanewal,2024-10-25,96.779785
Khanewal,2024-10-26,96.66853
Khanewal,2024-10-27,96.83606
Khanewal,2024-10-28,96.32893
Khanewal,2024-10-29,96.99636
Khanewal,2024-10-30,97.08061
Khanewal,2024-10-31,96.00647
Khanewal,2024-11-01,97.34224
Khanewal,2024-11-02,97.11516
Khanewal,2024-11-03,95.631546
Khanewal,2024-11-04,97.31748
Khanewal,2024-11-05,97.22752
Khanewal,2024-11-06,95.57797
Khanewal,2024-11-07,96.97061
Khanewal,2024-11-08,97.0837
Khanewal,2024-11-09,96.357445
Khanewal,2024-11-10,96.77427
Khanewal,2024-11-11,96.63533
Khanewal,2024-11-12,96.75784
Khanewal,2024-11-13,96.79413
Khanewal,2024-11-14,96.82039
Khanewal,2024-11-15,97.1367
Khanewal,2024-11-16,96.5811
Khanewal,2024-11-17,97.100845
Khanewal,2024-11-18,97.40522
Khanewal,2024-11-19,96.27935
Khanewal,2024-11-20,97.10753
Khanewal,2024-11-21,97.25557
Khanewal,2024-11-22,96.55051
Khanewal,2024-11-23,97.21469
Khanewal,2024-11-24,96.850586
Khanewal,2024-11-25,96.64561
Khanewal,2024-11-26,96.94057
Khanewal,2024-11-27,96.445366
Khanewal,2024-11-28,96.7888
Khanewal,2024-11-29,96.86187
Khanewal,2024-11-30,96.05201
Khanewal,2024-12-01,96.96753
Khanewal,2024-12-02,97.274826
Khanewal,2024-12-03,95.89613
Khanewal,2024-12-04,97.08396
Khanewal,2024-12-05,97.40766
Khanewal,2024-12-06,96.26418
Khanewal,2024-12-07,97.15671
Khanewal,2024-12-08,97.13888
Khanewal,2024-12-09,96.591644
Khanewal,2024-12-10,97.17057
Khanewal,2024-12-11,96.72669
Khanewal,2024-12-12,96.6736
Khanewal,2024-12-13,96.79804
Khanewal,2024-12-14,96.67756
Khanewal,2024-12-15,96.79188
Khanewal,2024-12-16,96.56607
Khanewal,2024-12-17,97.00529
Khanewal,2024-12-18,96.710464
Khanewal,2024-12-19,97.042274
Khanewal,2024-12-20,97.38959
Khanewal,2024-12-21,96.39773
Khanewal,2024-12-22,97.047134
Khanewal,2024-12-23,97.384834
Khanewal,2024-12-24,96.27026
Khanewal,2024-12-25,97.182076
Khanewal,2024-12-26,96.99412
Khanewal,2024-12-27,96.16413
Khanewal,2024-12-28,97.05995
Khanewal,2024-12-29,96.710915
Khanewal,2024-12-30,96.239235
Khanewal,2024-12-31,96.79027
Khanewal,2025-01-01,96.802284
Khushab,2024-10-04,140.60468
Khushab,2024-10-05,96.79402
Khushab,2024-10-06,85.337906
Khushab,2024-10-07,83.390976
Khushab,2024-10-08,80.92347
Khushab,2024-10-09,80.47043
Khushab,2024-10-10,80.33442
Khushab,2024-10-11,79.9426
Khushab,2024-10-12,80.28589
Khushab,2024-10-13,79.64033
Khushab,2024-10-14,83.29776
Khushab,2024-10-15,80.4833
Khushab,2024-10-16,82.07945
Khushab,2024-10-17,81.003815
Khushab,2024-10-18,81.82445
Khushab,2024-10-19,82.25006
Khushab,2024-10-20,81.00895
Khushab,2024-10-21,82.45223
Khushab,2024-10-22,81.45717
Khushab,2024-10-23,81.2337
Khushab,2024-10-24,82.25114
Khushab,2024-10-25,81.00807
Khushab,2024-10-26,82.18965
Khushab,2024-10-27,81.62906
Khushab,2024-10-28,80.60319
Khushab,2024-10-29,82.29509
Khushab,2024-10-30,82.15105
Khushab,2024-10-31,80.26517
Khushab,2024-11-01,81.683395
Khushab,2024-11-02,82.377464
Khushab,2024-11-03,80.015335
Khushab,2024-11-04,81.635315
Khushab,2024-11-05,81.759735
Khushab,2024-11-06,80.21825
Khushab,2024-11-07,82.32344
Khushab,2024-11-08,81.31722
Khushab,2024-11-09,81.52376
Khushab,2024-11-10,82.01174
Khushab,2024-11-11,80.88591
Khushab,2024-11-12,82.26537
Khushab,2024-11-13,81.48601
Khushab,2024-11-14,81.47175
Khushab,2024-11-15,82.14707
Khushab,2024-11-16,81.07714
Khushab,2024-11-17,82.33223
Khushab,2024-11-18,81.572014
Khushab,2024-11-19,80.83015
Khushab,2024-11-20,82.22322
Khushab,2024-11-21,81.2223
Khushab,2024-11-22,81.90933
Khushab,2024-11-23,81.61015
Khushab,2024-11-24,80.796814
Khushab,2024-11-25,82.33154
Khushab,2024-11-26,81.844284
Khushab,2024-11-27,80.34054
Khushab,2024-11-28,81.82809
Khushab,2024-11-29,82.29619
Khushab,2024-11-30,80.01676
Khushab,2024-12-01,81.76507
Khushab,2024-12-02,81.95768
Khushab,2024-12-03,80.1181
Khushab,2024-12-04,82.41437
Khushab,2024-12-05,81.48072
Khushab,2024-12-06,81.18543
Khushab,2024-12-07,82.038246
Khushab,2024-12-08,81.0971
Khushab,2024-12-09,82.14195
Khushab,2024-12-10,81.48788
Khushab,2024-12-11,81.058075
Khushab,2024-12-12,82.24814
Khushab,2024-12-13,81.05508
Khushab,2024-12-14,82.10205
Khushab,2024-12-15,81.6619
Khushab,2024-12-16,80.958466
Khushab,2024-12-17,82.2786
Khushab,2024-12-18,81.242256
Khushab,2024-12-19,82.02702
Khushab,2024-12-20,81.75132
Khushab,2024-12-21,80.8451
Khushab,2024-12-22,82.37089
Khushab,2024-12-23,81.50572
Khushab,2024-12-24,81.085526
Khushab,2024-12-25,81.844795
Khushab,2024-12-26,82.311356
Khushab,2024-12-27,81.6736
Khushab,2024-12-28,81.43465
Khushab,2024-12-29,82.09434
Khushab,2024-12-30,81.34302
Khushab,2024-12-31,82.27554
Khushab,2025-01-01,81.52558
Lahore,2024-10-04,181.21059
Lahore,2024-10-05,130.58809
Lahore,2024-10-06,112.379555
Lahore,2024-10-07,115.50007
Lahore,2024-10-08,113.1916
Lahore,2024-10-09,112.743546
Lahore,2024-10-10,114.6884
Lahore,2024-10-11,113.77479
Lahore,2024-10-12,110.267365
Lahore,2024-10-13,111.055534
Lahore,2024-10-14,105.712944
Lahore,2024-10-15,102.14213
Lahore,2024-10-16,106.255226
Lahore,2024-10-17,102.895676
Lahore,2024-10-18,102.44588
Lahore,2024-10-19,105.36985
Lahore,2024-10-20,102.552055
Lahore,2024-10-21,103.740295
Lahore,2024-10-22,103.055534
Lahore,2024-10-23,102.55842
Lahore,2024-10-24,104.38259
Lahore,2024-10-25,101.79755
Lahore,2024-10-26,103.83799
Lahore,2024-10-27,102.8915
Lahore,2024-10-28,101.52352
Lahore,2024-10-29,105.072105
Lahore,2024-10-30,104.02161
Lahore,2024-10-31,101.541916
Lahore,2024-11-01,104.12018
Lahore,2024-11-02,105.16084
Lahore,2024-11-03,101.1962
Lahore,2024-11-04,102.924286
Lahore,2024-11-05,104.44617
Lahore,2024-11-06,100.57851
Lahore,2024-11-07,103.81476
Lahore,2024-11-08,102.36163
Lahore,2024-11-09,102.118
Lahore,2024-11-10,104.01875
Lahore,2024-11-11,102.13077
Lahore,2024-11-12,104.35166
Lahore,2024-11-13,102.286095
Lahore,2024-11-14,102.82177
Lahore,2024-11-15,105.0109
Lahore,2024-11-16,101.56202
Lahore,2024-11-17,104.51205
Lahore,2024-11-18,103.66194
Lahore,2024-11-19,101.87871
Lahore,2024-11-20,105.15422
Lahore,2024-11-21,102.852844
Lahore,2024-11-22,102.65549
Lahore,2024-11-23,103.829285
Lahore,2024-11-24,102.678406
Lahore,2024-11-25,104.05274
Lahore,2024-11-26,102.93237
Lahore,2024-11-27,102.51432
Lahore,2024-11-28,103.60834
Lahore,2024-11-29,104.80638
Lahore,2024-11-30,102.11188
Lahore,2024-12-01,103.24003
Lahore,2024-12-02,104.809616
Lahore,2024-12-03,101.3351
Lahore,2024-12-04,104.78301
Lahore,2024-12-05,103.213165
Lahore,2024-12-06,101.50615
Lahore,2024-12-07,104.94701
Lahore,2024-12-08,102.77678
Lahore,2024-12-09,103.20456
Lahore,2024-12-10,103.17117
Lahore,2024-12-11,102.6042
Lahore,2024-12-12,104.16734
Lahore,2024-12-13,102.24873
Lahore,2024-12-14,103.716644
Lahore,2024-12-15,103.08906
Lahore,2024-12-16,102.30487
Lahore,2024-12-17,105.1367
Lahore,2024-12-18,101.41421
Lahore,2024-12-19,103.702835
Lahore,2024-12-20,104.474
Lahore,2024-12-21,101.78525
Lahore,2024-12-22,104.949326
Lahore,2024-12-23,103.01231
Lahore,2024-12-24,102.31413
Lahore,2024-12-25,104.54984
Lahore,2024-12-26,103.60957
Lahore,2024-12-27,102.51364
Lahore,2024-12-28,102.43375
Lahore,2024-12-29,104.045944
Lahore,2024-12-30,102.22101
Lahore,2024-12-31,104.30513
Lahore,2025-01-01,102.49809
Layyah,2024-10-04,148.0358
Layyah,2024-10-05,110.83164
Layyah,2024-10-06,97.73974
Layyah,2024-10-07,96.48949
Layyah,2024-10-08,86.821686
Layyah,2024-10-09,83.516815
Layyah,2024-10-10,83.387184
Layyah,2024-10-11,81.6013
Layyah,2024-10-12,84.46678
Layyah,2024-10-13,81.80875
Layyah,2024-10-14,87.31241
Layyah,2024-10-15,86.28296
Layyah,2024-10-16,87.84001
Layyah,2024-10-17,88.46094
Layyah,2024-10-18,89.61435
Layyah,2024-10-19,89.114876
Layyah,2024-10-20,88.507904
Layyah,2024-10-21,88.99389
Layyah,2024-10-22,88.57281
Layyah,2024-10-23,88.62791
Layyah,2024-10-24,88.63442
Layyah,2024-10-25,88.431274
Layyah,2024-10-26,88.76383
Layyah,2024-10-27,88.84903
Layyah,2024-10-28,88.220825
Layyah,2024-10-29,88.626625
Layyah,2024-10-30,89.01334
Layyah,2024-10-31,88.0173
Layyah,2024-11-01,88.646095
Layyah,2024-11-02,88.78167
Layyah,2024-11-03,87.88744
Layyah,2024-11-04,88.785614
Layyah,2024-11-05,88.58981
Layyah,2024-11-06,88.17762
Layyah,2024-11-07,88.700714
Layyah,2024-11-08,88.54964
Layyah,2024-11-09,88.674194
Layyah,2024-11-10,88.511765
Layyah,2024-11-11,88.429085
Layyah,2024-11-12,88.69887
Layyah,2024-11-13,88.44169
Layyah,2024-11-14,88.945915
Layyah,2024-11-15,88.61561
Layyah,2024-11-16,88.33878
Layyah,2024-11-17,88.96656
Layyah,2024-11-18,88.68385
Layyah,2024-11-19,88.59004
Layyah,2024-11-20,88.68248
Layyah,2024-11-21,88.64855
Layyah,2024-11-22,88.78124
Layyah,2024-11-23,88.58617
Layyah,2024-11-24,88.455284
Layyah,2024-11-25,88.63788
Layyah,2024-11-26,88.734116
Layyah,2024-11-27,88.18211
Layyah,2024-11-28,88.63187
Layyah,2024-11-29,88.67399
Layyah,2024-11-30,88.01559
Layyah,2024-12-01,88.99326
Layyah,2024-12-02,88.6237
Layyah,2024-12-03,88.2341
Layyah,2024-12-04,88.88363
Layyah,2024-12-05,88.69632
Layyah,2024-12-06,88.679535
Layyah,2024-12-07,88.63655
Layyah,2024-12-08,88.59198
Layyah,2024-12-09,88.777016
Layyah,2024-12-10,88.57425
Layyah,2024-12-11,88.55285
Layyah,2024-12-12,88.55596
Layyah,2024-12-13,88.43342
Layyah,2024-12-14,88.766205
Layyah,2024-12-15,88.4437
Layyah,2024-12-16,88.78231
Layyah,2024-12-17,88.647064
Layyah,2024-12-18,88.38694
Layyah,2024-12-19,88.999115
Layyah,2024-12-20,88.671326
Layyah,2024-12-21,88.23202
Layyah,2024-12-22,88.78419
Layyah,2024-12-23,88.75598
Layyah,2024-12-24,88.117455
Layyah,2024-12-25,88.59943
Layyah,2024-12-26,88.72735
Layyah,2024-12-27,88.12586
Layyah,2024-12-28,88.69324
Layyah,2024-12-29,88.51803
Layyah,2024-12-30,88.368866
Layyah,2024-12-31,88.7527
Layyah,2025-01-01,88.430046
Lodhran,2024-10-04,170.38847
Lodhran,2024-10-05,128.0851
Lodhran,2024-10-06,117.616554
Lodhran,2024-10-07,102.44958
Lodhran,2024-10-08,101.63286
Lodhran,2024-10-09,102.957825
Lodhran,2024-10-10,103.03584
Lodhran,2024-10-11,103.6463
Lodhran,2024-10-12,110.2073
Lodhran,2024-10-13,114.231865
Lodhran,2024-10-14,106.22444
Lodhran,2024-10-15,106.48105
Lodhran,2024-10-16,110.06977
Lodhran,2024-10-17,110.76547
Lodhran,2024-10-18,110.4433
Lodhran,2024-10-19,111.51443
Lodhran,2024-10-20,110.637474
Lodhran,2024-10-21,110.728325
Lodhran,2024-10-22,110.69902
Lodhran,2024-10-23,110.30879
Lodhran,2024-10-24,110.81872
Lodhran,2024-10-25,110.36315
Lodhran,2024-10-26,110.7786
Lodhran,2024-10-27,110.45561
Lodhran,2024-10-28,109.97792
Lodhran,2024-10-29,111.10805
Lodhran,2024-10-30,110.97032
Lodhran,2024-10-31,109.56118
Lodhran,2024-11-01,111.037735
Lodhran,2024-11-02,111.28959
Lodhran,2024-11-03,108.96803
Lodhran,2024-11-04,110.959816
Lodhran,2024-11-05,111.00353
Lodhran,2024-11-06,108.81065
Lodhran,2024-11-07,110.731705
Lodhran,2024-11-08,110.64196
Lodhran,2024-11-09,110.02838
Lodhran,2024-11-10,110.68146
Lodhran,2024-11-11,110.2514
Lodhran,2024-11-12,110.954926
Lodhran,2024-11-13,110.36141
Lodhran,2024-11-14,110.2565
Lodhran,2024-11-15,111.120346
Lodhran,2024-11-16,110.17976
Lodhran,2024-11-17,111.14081
Lodhran,2024-11-18,111.055176
Lodhran,2024-11-19,110.02649
Lodhran,2024-11-20,111.207886
Lodhran,2024-11-21,110.91976
Lodhran,2024-11-22,110.31276
Lodhran,2024-11-23,110.86592
Lodhran,2024-11-24,110.577286
Lodhran,2024-11-25,110.770584
Lodhran,2024-11-26,110.48903
Lodhran,2024-11-27,110.06655
Lodhran,2024-11-28,110.581604
Lodhran,2024-11-29,111.07983
Lodhran,2024-11-30,109.413376
Lodhran,2024-12-01,110.54881
Lodhran,2024-12-02,111.13793
Lodhran,2024-12-03,109.077774
Lodhran,2024-12-04,111.219574
Lodhran,2024-12-05,111.050064
Lodhran,2024-12-06,109.60009
Lodhran,2024-12-07,111.11034
Lodhran,2024-12-08,110.822815
Lodhran,2024-12-09,110.52248
Lodhran,2024-12-10,110.74069
Lodhran,2024-12-11,110.4377
Lodhran,2024-12-12,110.75305
Lodhran,2024-12-13,110.36954
Lodhran,2024-12-14,110.7323
Lodhran,2024-12-15,110.472466
Lodhran,2024-12-16,110.019485
Lodhran,2024-12-17,111.167595
Lodhran,2024-12-18,110.27472
Lodhran,2024-12-19,110.8342
Lodhran,2024-12-20,111.14167
Lodhran,2024-12-21,110.13754
Lodhran,2024-12-22,111.21896
Lodhran,2024-12-23,111.015465
Lodhran,2024-12-24,109.94193
Lodhran,2024-12-25,111.006165
Lodhran,2024-12-26,110.70897
Lodhran,2024-12-27,109.603386
Lodhran,2024-12-28,110.60896
Lodhran,2024-12-29,110.68114
Lodhran,2024-12-30,109.50954
Lodhran,2024-12-31,110.9492
Lodhran,2025-01-01,110.38598
Mandi Bahuddin,2024-10-04,126.571526
Mandi Bahuddin,2024-10-05,88.57418
Mandi Bahuddin,2024-10-06,78.28019
Mandi Bahuddin,2024-10-07,79.32211
Mandi Bahuddin,2024-10-08,77.138695
Mandi Bahuddin,2024-10-09,76.63661
Mandi Bahuddin,2024-10-10,77.55912
Mandi Bahuddin,2024-10-11,77.278015
Mandi Bahuddin,2024-10-12,76.18072
Mandi Bahuddin,2024-10-13,75.93201
Mandi Bahuddin,2024-10-14,73.515526
Mandi Bahuddin,2024-10-15,72.016594
Mandi Bahuddin,2024-10-16,73.540634
Mandi Bahuddin,2024-10-17,73.325195
Mandi Bahuddin,2024-10-18,72.55387
Mandi Bahuddin,2024-10-19,73.58306
Mandi Bahuddin,2024-10-20,72.95929
Mandi Bahuddin,2024-10-21,73.14192
Mandi Bahuddin,2024-10-22,73.23943
Mandi Bahuddin,2024-10-23,72.478294
Mandi Bahuddin,2024-10-24,73.46961
Mandi Bahuddin,2024-10-25,72.87553
Mandi Bahuddin,2024-10-26,72.964165
Mandi Bahuddin,2024-10-27,73.43954
Mandi Bahuddin,2024-10-28,72.503975
Mandi Bahuddin,2024-10-29,73.45376
Mandi Bahuddin,2024-10-30,73.15776
Mandi Bahuddin,2024-10-31,72.13351
Mandi Bahuddin,2024-11-01,73.601326
Mandi Bahuddin,2024-11-02,73.24155
Mandi Bahuddin,2024-11-03,71.74071
Mandi Bahuddin,2024-11-04,73.33314
Mandi Bahuddin,2024-11-05,73.348495
Mandi Bahuddin,2024-11-06,71.72456
Mandi Bahuddin,2024-11-07,73.114746
Mandi Bahuddin,2024-11-08,73.11862
Mandi Bahuddin,2024-11-09,72.32636
Mandi Bahuddin,2024-11-10,73.449936
Mandi Bahuddin,2024-11-11,72.783195
Mandi Bahuddin,2024-11-12,73.1302
Mandi Bahuddin,2024-11-13,73.35723
Mandi Bahuddin,2024-11-14,72.417595
Mandi Bahuddin,2024-11-15,73.532295
Mandi Bahuddin,2024-11-16,73.09199
Mandi Bahuddin,2024-11-17,72.96437
Mandi Bahuddin,2024-11-18,73.54666
Mandi Bahuddin,2024-11-19,72.78126
Mandi Bahuddin,2024-11-20,73.30441
Mandi Bahuddin,2024-11-21,73.18676
Mandi Bahuddin,2024-11-22,72.68367
Mandi Bahuddin,2024-11-23,73.304825
Mandi Bahuddin,2024-11-24,72.737686
Mandi Bahuddin,2024-11-25,73.26235
Mandi Bahuddin,2024-11-26,73.003746
Mandi Bahuddin,2024-11-27,72.129715
Mandi Bahuddin,2024-11-28,73.46996
Mandi Bahuddin,2024-11-29,73.26999
Mandi Bahuddin,2024-11-30,71.64697
Mandi Bahuddin,2024-12-01,73.28993
Mandi Bahuddin,2024-12-02,73.58558
Mandi Bahuddin,2024-12-03,71.57327
Mandi Bahuddin,2024-12-04,73.07933
Mandi Bahuddin,2024-12-05,73.457466
Mandi Bahuddin,2024-12-06,72.08872
Mandi Bahuddin,2024-12-07,73.345024
Mandi Bahuddin,2024-12-08,73.053696
Mandi Bahuddin,2024-12-09,72.9019
Mandi Bahuddin,2024-12-10,73.24004
Mandi Bahuddin,2024-12-11,72.54248
Mandi Bahuddin,2024-12-12,73.377205
Mandi Bahuddin,2024-12-13,72.913216
Mandi Bahuddin,2024-12-14,72.84593
Mandi Bahuddin,2024-12-15,73.45099
Mandi Bahuddin,2024-12-16,72.58301
Mandi Bahuddin,2024-12-17,73.394264
Mandi Bahuddin,2024-12-18,73.215
Mandi Bahuddin,2024-12-19,72.69209
Mandi Bahuddin,2024-12-20,73.59206
Mandi Bahuddin,2024-12-21,72.94978
Mandi Bahuddin,2024-12-22,73.17886
Mandi Bahuddin,2024-12-23,73.345436
Mandi Bahuddin,2024-12-24,72.53163
Mandi Bahuddin,2024-12-25,73.35176
Mandi Bahuddin,2024-12-26,73.0816
Mandi Bahuddin,2024-12-27,72.07259
Mandi Bahuddin,2024-12-28,73.15443
Mandi Bahuddin,2024-12-29,73.44652
Mandi Bahuddin,2024-12-30,71.742355
Mandi Bahuddin,2024-12-31,73.05099
Mandi Bahuddin,2025-01-01,73.40186
Mianwali,2024-10-04,109.077034
Mianwali,2024-10-05,86.18432
Mianwali,2024-10-06,73.86922
Mianwali,2024-10-07,71.65927
Mianwali,2024-10-08,69.90699
Mianwali,2024-10-09,70.32477
Mianwali,2024-10-10,70.47303
Mianwali,2024-10-11,69.16091
Mianwali,2024-10-12,69.717705
Mianwali,2024-10-13,69.19504
Mianwali,2024-10-14,74.90939
Mianwali,2024-10-15,73.40576
Mianwali,2024-10-16,73.98433
Mianwali,2024-10-17,73.84085
Mianwali,2024-10-18,74.28117
Mianwali,2024-10-19,74.321106
Mianwali,2024-10-20,73.77275
Mianwali,2024-10-21,74.289566
Mianwali,2024-10-22,73.98868
Mianwali,2024-10-23,74.0338
Mianwali,2024-10-24,74.16374
Mianwali,2024-10-25,73.67494
Mianwali,2024-10-26,74.40436
Mianwali,2024-10-27,74.145966
Mianwali,2024-10-28,73.2503
Mianwali,2024-10-29,74.33144
Mianwali,2024-10-30,74.21443
Mianwali,2024-10-31,72.92009
Mianwali,2024-11-01,74.27294
Mianwali,2024-11-02,74.19868
Mianwali,2024-11-03,72.99599
Mianwali,2024-11-04,74.08281
Mianwali,2024-11-05,74.031136
Mianwali,2024-11-06,73.454056
Mianwali,2024-11-07,74.107185
Mianwali,2024-11-08,73.8944
Mianwali,2024-11-09,74.1348
Mianwali,2024-11-10,74.118126
Mianwali,2024-11-11,73.548676
Mianwali,2024-11-12,74.38083
Mianwali,2024-11-13,74.092865
Mianwali,2024-11-14,73.90707
Mianwali,2024-11-15,74.29724
Mianwali,2024-11-16,73.82469
Mianwali,2024-11-17,74.25295
Mianwali,2024-11-18,74.23863
Mianwali,2024-11-19,73.60039
Mianwali,2024-11-20,74.12196
Mianwali,2024-11-21,73.97481
Mianwali,2024-11-22,74.071625
Mianwali,2024-11-23,74.00891
Mianwali,2024-11-24,73.52474
Mianwali,2024-11-25,74.12551
Mianwali,2024-11-26,74.26459
Mianwali,2024-11-27,73.31963
Mianwali,2024-11-28,74.16097
Mianwali,2024-11-29,74.361206
Mianwali,2024-11-30,73.37179
Mianwali,2024-12-01,74.04256
Mianwali,2024-12-02,74.27265
Mianwali,2024-12-03,73.43202
Mianwali,2024-12-04,74.24
Mianwali,2024-12-05,74.17926
Mianwali,2024-12-06,73.78915
Mianwali,2024-12-07,74.07303
Mianwali,2024-12-08,73.83892
Mianwali,2024-12-09,74.129425
Mianwali,2024-12-10,73.969124
Mianwali,2024-12-11,73.88664
Mianwali,2024-12-12,74.14372
Mianwali,2024-12-13,73.70562
Mianwali,2024-12-14,74.3533
Mianwali,2024-12-15,74.16298
Mianwali,2024-12-16,73.61656
Mianwali,2024-12-17,74.32638
Mianwali,2024-12-18,73.97438
Mianwali,2024-12-19,74.144226
Mianwali,2024-12-20,74.270355
Mianwali,2024-12-21,73.62958
Mianwali,2024-12-22,74.18059
Mianwali,2024-12-23,74.099304
Mianwali,2024-12-24,73.95326
Mianwali,2024-12-25,74.028725
Mianwali,2024-12-26,74.04083
Mianwali,2024-12-27,74.15898
Mianwali,2024-12-28,74.07894
Mianwali,2024-12-29,73.9501
Mianwali,2024-12-30,74.15939
Mianwali,2024-12-31,74.386345
Mianwali,2025-01-01,73.84729
Multan,2024-10-04,153.25302
Multan,2024-10-05,107.532425
Multan,2024-10-06,96.48442
Multan,2024-10-07,91.94261
Multan,2024-10-08,87.92731
Multan,2024-10-09,87.9475
Multan,2024-10-10,88.831764
Multan,2024-10-11,88.60647
Multan,2024-10-12,94.239296
Multan,2024-10-13,92.69088
Multan,2024-10-14,91.61111
Multan,2024-10-15,92.31299
Multan,2024-10-16,96.28349
Multan,2024-10-17,97.084915
Multan,2024-10-18,97.0156
Multan,2024-10-19,97.69238
Multan,2024-10-20,96.70801
Multan,2024-10-21,96.79298
Multan,2024-10-22,96.86462
Multan,2024-10-23,96.42854
Multan,2024-10-24,96.83637
Multan,2024-10-25,96.39353
Multan,2024-10-26,96.91517
Multan,2024-10-27,96.56173
Multan,2024-10-28,95.96698
Multan,2024-10-29,97.2154
Multan,2024-10-30,97.24286
Multan,2024-10-31,95.65763
Multan,2024-11-01,97.240845
Multan,2024-11-02,97.37787
Multan,2024-11-03,95.21465
Multan,2024-11-04,97.09657
Multan,2024-11-05,97.142914
Multan,2024-11-06,95.2762
Multan,2024-11-07,96.76021
Multan,2024-11-08,96.75663
Multan,2024-11-09,96.45502
Multan,2024-11-10,96.7236
Multan,2024-11-11,96.24083
Multan,2024-11-12,97.04117
Multan,2024-11-13,96.44116
Multan,2024-11-14,96.83047
Multan,2024-11-15,97.27278
Multan,2024-11-16,96.15258
Multan,2024-11-17,97.321304
Multan,2024-11-18,97.26634
Multan,2024-11-19,96.1088
Multan,2024-11-20,97.31115
Multan,2024-11-21,97.02095
Multan,2024-11-22,96.52348
Multan,2024-11-23,97.01391
Multan,2024-11-24,96.65266
Multan,2024-11-25,96.75471
Multan,2024-11-26,96.69245
Multan,2024-11-27,96.251175
Multan,2024-11-28,96.62372
Multan,2024-11-29,97.15284
Multan,2024-11-30,95.737785
Multan,2024-12-01,97.05215
Multan,2024-12-02,97.304146
Multan,2024-12-03,95.49031
Multan,2024-12-04,97.33968
Multan,2024-12-05,97.23119
Multan,2024-12-06,96.08292
Multan,2024-12-07,97.2375
Multan,2024-12-08,96.89384
Multan,2024-12-09,96.628044
Multan,2024-12-10,96.89741
Multan,2024-12-11,96.53736
Multan,2024-12-12,96.74849
Multan,2024-12-13,96.40026
Multan,2024-12-14,96.90242
Multan,2024-12-15,96.531265
Multan,2024-12-16,96.43811
Multan,2024-12-17,97.26997
Multan,2024-12-18,96.29317
Multan,2024-12-19,97.16999
Multan,2024-12-20,97.3349
Multan,2024-12-21,96.18152
Multan,2024-12-22,97.301315
Multan,2024-12-23,97.16392
Multan,2024-12-24,96.10952
Multan,2024-12-25,97.12586
Multan,2024-12-26,96.7629
Multan,2024-12-27,95.961555
Multan,2024-12-28,96.733086
Multan,2024-12-29,96.70572
Multan,2024-12-30,95.977135
Multan,2024-12-31,97.063225
Multan,2025-01-01,96.46728
Muzaffargarh,2024-10-04,152.01787
Muzaffargarh,2024-10-05,114.191605
Muzaffargarh,2024-10-06,97.79224
Muzaffargarh,2024-10-07,95.330635
Muzaffargarh,2024-10-08,91.195694
Muzaffargarh,2024-10-09,89.91579
Muzaffargarh,2024-10-10,90.847626
Muzaffargarh,2024-10-11,89.10417
Muzaffargarh,2024-10-12,92.844475
Muzaffargarh,2024-10-13,91.64141
Muzaffargarh,2024-10-14,92.61226
Muzaffargarh,2024-10-15,92.79215
Muzaffargarh,2024-10-16,96.65295
Muzaffargarh,2024-10-17,96.79141
Muzaffargarh,2024-10-18,97.82753
Muzaffargarh,2024-10-19,97.7196
Muzaffargarh,2024-10-20,96.814156
Muzaffargarh,2024-10-21,97.37301
Muzaffargarh,2024-10-22,96.60353
Muzaffargarh,2024-10-23,97.01895
Muzaffargarh,2024-10-24,96.87529
Muzaffargarh,2024-10-25,96.290596
Muzaffargarh,2024-10-26,97.56956
Muzaffargarh,2024-10-27,97.371605
Muzaffargarh,2024-10-28,96.06753
Muzaffargarh,2024-10-29,97.39526
Muzaffargarh,2024-10-30,97.93501
Muzaffargarh,2024-10-31,95.9643
Muzaffargarh,2024-11-01,97.11415
Muzaffargarh,2024-11-02,97.58644
Muzaffargarh,2024-11-03,95.61721
Muzaffargarh,2024-11-04,97.11799
Muzaffargarh,2024-11-05,96.95414
Muzaffargarh,2024-11-06,96.01827
Muzaffargarh,2024-11-07,97.086586
Muzaffargarh,2024-11-08,96.52221
Muzaffargarh,2024-11-09,97.32045
Muzaffargarh,2024-11-10,96.738686
Muzaffargarh,2024-11-11,96.65378
Muzaffargarh,2024-11-12,97.549286
Muzaffargarh,2024-11-13,96.28507
Muzaffargarh,2024-11-14,97.67254
Muzaffargarh,2024-11-15,97.32055
Muzaffargarh,2024-11-16,96.242386
Muzaffargarh,2024-11-17,97.88823
Muzaffargarh,2024-11-18,97.122215
Muzaffargarh,2024-11-19,96.49513
Muzaffargarh,2024-11-20,97.37032
Muzaffargarh,2024-11-21,97.04725
Muzaffargarh,2024-11-22,97.13251
Muzaffargarh,2024-11-23,96.75748
Muzaffargarh,2024-11-24,96.842
Muzaffargarh,2024-11-25,96.95069
Muzaffargarh,2024-11-26,97.48445
Muzaffargarh,2024-11-27,96.59549
Muzaffargarh,2024-11-28,96.884026
Muzaffargarh,2024-11-29,97.51434
Muzaffargarh,2024-11-30,96.15438
Muzaffargarh,2024-12-01,97.845856
Muzaffargarh,2024-12-02,97.27078
Muzaffargarh,2024-12-03,95.997375
Muzaffargarh,2024-12-04,97.76499
Muzaffargarh,2024-12-05,97.12681
Muzaffargarh,2024-12-06,96.78596
Muzaffargarh,2024-12-07,97.152336
Muzaffargarh,2024-12-08,96.952255
Muzaffargarh,2024-12-09,97.14774
Muzaffargarh,2024-12-10,96.605965
Muzaffargarh,2024-12-11,96.949524
Muzaffargarh,2024-12-12,96.81135
Muzaffargarh,2024-12-13,96.52494
Muzaffargarh,2024-12-14,97.59593
Muzaffargarh,2024-12-15,96.27677
Muzaffargarh,2024-12-16,97.186554
Muzaffargarh,2024-12-17,97.49182
Muzaffargarh,2024-12-18,96.27893
Muzaffargarh,2024-12-19,97.89059
Muzaffargarh,2024-12-20,97.233475
Muzaffargarh,2024-12-21,96.452126
Muzaffargarh,2024-12-22,97.54963
Muzaffargarh,2024-12-23,97.11198
Muzaffargarh,2024-12-24,96.58816
Muzaffargarh,2024-12-25,96.96728
Muzaffargarh,2024-12-26,97.09737
Muzaffargarh,2024-12-27,96.51803
Muzaffargarh,2024-12-28,97.3237
Muzaffargarh,2024-12-29,96.67567
Muzaffargarh,2024-12-30,96.621216
Muzaffargarh,2024-12-31,97.63605
Muzaffargarh,2025-01-01,96.29058
Nankana Sahib,2024-10-04,134.77745
Nankana Sahib,2024-10-05,103.17401
Nankana Sahib,2024-10-06,90.885086
Nankana Sahib,2024-10-07,87.43282
Nankana Sahib,2024-10-08,85.398155
Nankana Sahib,2024-10-09,85.14687
Nankana Sahib,2024-10-10,87.00807
Nankana Sahib,2024-10-11,85.45945
Nankana Sahib,2024-10-12,87.6867
Nankana Sahib,2024-10-13,88.89243
Nankana Sahib,2024-10-14,91.61986
Nankana Sahib,2024-10-15,79.853775
Nankana Sahib,2024-10-16,81.01752
Nankana Sahib,2024-10-17,80.89527
Nankana Sahib,2024-10-18,79.7267
Nankana Sahib,2024-10-19,81.009155
Nankana Sahib,2024-10-20,80.27325
Nankana Sahib,2024-10-21,80.484604
Nankana Sahib,2024-10-22,80.569374
Nankana Sahib,2024-10-23,79.76629
Nankana Sahib,2024-10-24,81.01904
Nankana Sahib,2024-10-25,80.01784
Nankana Sahib,2024-10-26,80.32191
Nankana Sahib,2024-10-27,80.88199
Nankana Sahib,2024-10-28,79.643936
Nankana Sahib,2024-10-29,81.11044
Nankana Sahib,2024-10-30,80.40756
Nankana Sahib,2024-10-31,79.36746
Nankana Sahib,2024-11-01,81.301575
Nankana Sahib,2024-11-02,80.7068
Nankana Sahib,2024-11-03,79.03367
Nankana Sahib,2024-11-04,80.828575
Nankana Sahib,2024-11-05,80.8461
Nankana Sahib,2024-11-06,78.93445
Nankana Sahib,2024-11-07,80.56423
Nankana Sahib,2024-11-08,80.3916
Nankana Sahib,2024-11-09,79.60084
Nankana Sahib,2024-11-10,81.00845
Nankana Sahib,2024-11-11,79.90733
Nankana Sahib,2024-11-12,80.58189
Nankana Sahib,2024-11-13,80.746544
Nankana Sahib,2024-11-14,79.58264
Nankana Sahib,2024-11-15,81.23168
Nankana Sahib,2024-11-16,80.314095
Nankana Sahib,2024-11-17,80.243004
Nankana Sahib,2024-11-18,81.21381
Nankana Sahib,2024-11-19,80.00406
Nankana Sahib,2024-11-20,80.8038
Nankana Sahib,2024-11-21,80.64289
Nankana Sahib,2024-11-22,79.95997
Nankana Sahib,2024-11-23,80.76712
Nankana Sahib,2024-11-24,80.030685
Nankana Sahib,2024-11-25,80.77685
Nankana Sahib,2024-11-26,80.22863
Nankana Sahib,2024-11-27,79.45366
Nankana Sahib,2024-11-28,80.99726
Nankana Sahib,2024-11-29,80.81507
Nankana Sahib,2024-11-30,78.93186
Nankana Sahib,2024-12-01,80.60905
Nankana Sahib,2024-12-02,81.31507
Nankana Sahib,2024-12-03,78.771675
Nankana Sahib,2024-12-04,80.44303
Nankana Sahib,2024-12-05,81.07805
Nankana Sahib,2024-12-06,79.292534
Nankana Sahib,2024-12-07,80.87677
Nankana Sahib,2024-12-08,80.442894
Nankana Sahib,2024-12-09,80.2351
Nankana Sahib,2024-12-10,80.64122
Nankana Sahib,2024-12-11,79.8272
Nankana Sahib,2024-12-12,80.92495
Nankana Sahib,2024-12-13,80.08731
Nankana Sahib,2024-12-14,80.202835
Nankana Sahib,2024-12-15,80.933136
Nankana Sahib,2024-12-16,79.71429
Nankana Sahib,2024-12-17,81.034935
Nankana Sahib,2024-12-18,80.50973
Nankana Sahib,2024-12-19,79.873955
Nankana Sahib,2024-12-20,81.3277
Nankana Sahib,2024-12-21,80.1561
Nankana Sahib,2024-12-22,80.62515
Nankana Sahib,2024-12-23,80.881325
Nankana Sahib,2024-12-24,79.84426
Nankana Sahib,2024-12-25,80.886215
Nankana Sahib,2024-12-26,80.48517
Nankana Sahib,2024-12-27,79.54175
Nankana Sahib,2024-12-28,80.456375
Nankana Sahib,2024-12-29,81.00185
Nankana Sahib,2024-12-30,79.214966
Nankana Sahib,2024-12-31,80.47867
Nankana Sahib,2025-01-01,80.84178
Narowal,2024-10-04,119.43193
Narowal,2024-10-05,94.96306
Narowal,2024-10-06,81.723854
Narowal,2024-10-07,83.08581
Narowal,2024-10-08,81.27369
Narowal,2024-10-09,80.46309
Narowal,2024-10-10,81.79961
Narowal,2024-10-11,82.16523
Narowal,2024-10-12,78.51575
Narowal,2024-10-13,80.02974
Narowal,2024-10-14,76.331635
Narowal,2024-10-15,74.63258
Narowal,2024-10-16,77.16659
Narowal,2024-10-17,76.49203
Narowal,2024-10-18,74.943855
Narowal,2024-10-19,76.797455
Narowal,2024-10-20,75.57587
Narowal,2024-10-21,75.90284
Narowal,2024-10-22,76.308266
Narowal,2024-10-23,74.90545
Narowal,2024-10-24,76.54849
Narowal,2024-10-25,75.36905
Narowal,2024-10-26,75.80868
Narowal,2024-10-27,76.36961
Narowal,2024-10-28,74.51732
Narowal,2024-10-29,76.71936
Narowal,2024-10-30,75.743866
Narowal,2024-10-31,74.03445
Narowal,2024-11-01,76.912476
Narowal,2024-11-02,76.23563
Narowal,2024-11-03,73.67557
Narowal,2024-11-04,76.307144
Narowal,2024-11-05,76.54129
Narowal,2024-11-06,73.81926
Narowal,2024-11-07,75.998764
Narowal,2024-11-08,76.00864
Narowal,2024-11-09,74.85242
Narowal,2024-11-10,76.53707
Narowal,2024-11-11,75.08435
Narowal,2024-11-12,76.13117
Narowal,2024-11-13,76.20893
Narowal,2024-11-14,74.570816
Narowal,2024-11-15,76.87004
Narowal,2024-11-16,75.58286
Narowal,2024-11-17,75.62917
Narowal,2024-11-18,76.78542
Narowal,2024-11-19,75.0512
Narowal,2024-11-20,76.35825
Narowal,2024-11-21,76.0576
Narowal,2024-11-22,75.24848
Narowal,2024-11-23,76.43659
Narowal,2024-11-24,75.250885
Narowal,2024-11-25,76.248726
Narowal,2024-11-26,75.70696
Narowal,2024-11-27,74.489586
Narowal,2024-11-28,76.526855
Narowal,2024-11-29,76.405045
Narowal,2024-11-30,73.80425
Narowal,2024-12-01,76.0371
Narowal,2024-12-02,76.95671
Narowal,2024-12-03,73.45152
Narowal,2024-12-04,75.88649
Narowal,2024-12-05,76.6102
Narowal,2024-12-06,74.35125
Narowal,2024-12-07,76.46065
Narowal,2024-12-08,75.808716
Narowal,2024-12-09,75.621185
Narowal,2024-12-10,76.27195
Narowal,2024-12-11,75.00448
Narowal,2024-12-12,76.44434
Narowal,2024-12-13,75.41469
Narowal,2024-12-14,75.64574
Narowal,2024-12-15,76.44634
Narowal,2024-12-16,74.60437
Narowal,2024-12-17,76.64219
Narowal,2024-12-18,75.87692
Narowal,2024-12-19,75.14891
Narowal,2024-12-20,76.94859
Narowal,2024-12-21,75.29449
Narowal,2024-12-22,76.07544
Narowal,2024-12-23,76.38646
Narowal,2024-12-24,74.7605
Narowal,2024-12-25,76.475136
Narowal,2024-12-26,75.93615
Narowal,2024-12-27,74.27681
Narowal,2024-12-28,76.02235
Narowal,2024-12-29,76.552765
Narowal,2024-12-30,74.0251
Narowal,2024-12-31,76.01066
Narowal,2025-01-01,76.31849
Okara,2024-10-04,122.467316
Okara,2024-10-05,107.38467
Okara,2024-10-06,94.30829
Okara,2024-10-07,87.74865
Okara,2024-10-08,83.52693
Okara,2024-10-09,83.38321
Okara,2024-10-10,84.585464
Okara,2024-10-11,84.20678
Okara,2024-10-12,93.07014
Okara,2024-10-13,101.66235
Okara,2024-10-14,103.3893
Okara,2024-10-15,86.60746
Okara,2024-10-16,85.86128
Okara,2024-10-17,86.27174
Okara,2024-10-18,85.30263
Okara,2024-10-19,86.66993
Okara,2024-10-20,86.34569
Okara,2024-10-21,85.94667
Okara,2024-10-22,86.56887
Okara,2024-10-23,85.765816
Okara,2024-10-24,86.4847
Okara,2024-10-25,86.11255
Okara,2024-10-26,85.69851
Okara,2024-10-27,86.681595
Okara,2024-10-28,85.687325
Okara,2024-10-29,86.505424
Okara,2024-10-30,86.41305
Okara,2024-10-31,85.35009
Okara,2024-11-01,86.9261
Okara,2024-11-02,86.23573
Okara,2024-11-03,85.00851
Okara,2024-11-04,86.78839
Okara,2024-11-05,86.607834
Okara,2024-11-06,84.925606
Okara,2024-11-07,86.26623
Okara,2024-11-08,86.45505
Okara,2024-11-09,85.26184
Okara,2024-11-10,86.53565
Okara,2024-11-11,86.00056
Okara,2024-11-12,85.92491
Okara,2024-11-13,86.635475
Okara,2024-11-14,85.6031
Okara,2024-11-15,86.661545
Okara,2024-11-16,86.32839
Okara,2024-11-17,85.71161
Okara,2024-11-18,86.96105
Okara,2024-11-19,85.971924
Okara,2024-11-20,86.3677
Okara,2024-11-21,86.64982
Okara,2024-11-22,85.640724
Okara,2024-11-23,86.643364
Okara,2024-11-24,86.068375
Okara,2024-11-25,86.21666
Okara,2024-11-26,86.3221
Okara,2024-11-27,85.488174
Okara,2024-11-28,86.6221
Okara,2024-11-29,86.16374
Okara,2024-11-30,85.00019
Okara,2024-12-01,86.56485
Okara,2024-12-02,86.79159
Okara,2024-12-03,84.85386
Okara,2024-12-04,86.240685
Okara,2024-12-05,86.93431
Okara,2024-12-06,85.06659
Okara,2024-12-07,86.48446
Okara,2024-12-08,86.47565
Okara,2024-12-09,85.6473
Okara,2024-12-10,86.60832
Okara,2024-12-11,85.868065
Okara,2024-12-12,86.38743
Okara,2024-12-13,86.18908
Okara,2024-12-14,85.60438
Okara,2024-12-15,86.670944
Okara,2024-12-16,85.75882
Okara,2024-12-17,86.42029
Okara,2024-12-18,86.50445
Okara,2024-12-19,85.41004
Okara,2024-12-20,86.89406
Okara,2024-12-21,86.14594
Okara,2024-12-22,86.14333
Okara,2024-12-23,86.824936
Okara,2024-12-24,85.78477
Okara,2024-12-25,86.585754
Okara,2024-12-26,86.27829
Okara,2024-12-27,85.480545
Okara,2024-12-28,86.49393
Okara,2024-12-29,86.49517
Okara,2024-12-30,85.194595
Okara,2024-12-31,86.06754
Okara,2025-01-01,86.690506
Pakpattan,2024-10-04,133.65237
Pakpattan,2024-10-05,116.40937
Pakpattan,2024-10-06,103.46965
Pakpattan,2024-10-07,94.314095
Pakpattan,2024-10-08,89.49706
Pakpattan,2024-10-09,88.9554
Pakpattan,2024-10-10,90.24155
Pakpattan,2024-10-11,89.79576
Pakpattan,2024-10-12,99.014984
Pakpattan,2024-10-13,106.36397
Pakpattan,2024-10-14,109.01059
Pakpattan,2024-10-15,96.27833
Pakpattan,2024-10-16,95.67728
Pakpattan,2024-10-17,96.80998
Pakpattan,2024-10-18,96.835236
Pakpattan,2024-10-19,98.0698
Pakpattan,2024-10-20,97.37929
Pakpattan,2024-10-21,97.307594
Pakpattan,2024-10-22,97.69888
Pakpattan,2024-10-23,96.87528
Pakpattan,2024-10-24,97.55257
Pakpattan,2024-10-25,97.30137
Pakpattan,2024-10-26,97.051384
Pakpattan,2024-10-27,97.652176
Pakpattan,2024-10-28,96.90419
Pakpattan,2024-10-29,97.54675
Pakpattan,2024-10-30,97.456276
Pakpattan,2024-10-31,96.667206
Pakpattan,2024-11-01,97.82924
Pakpattan,2024-11-02,97.53234
Pakpattan,2024-11-03,96.382835
Pakpattan,2024-11-04,97.6888
Pakpattan,2024-11-05,97.7564
Pakpattan,2024-11-06,96.279015
Pakpattan,2024-11-07,97.21806
Pakpattan,2024-11-08,97.612816
Pakpattan,2024-11-09,96.71364
Pakpattan,2024-11-10,97.57454
Pakpattan,2024-11-11,97.18434
Pakpattan,2024-11-12,97.176834
Pakpattan,2024-11-13,97.602806
Pakpattan,2024-11-14,96.84429
Pakpattan,2024-11-15,97.65031
Pakpattan,2024-11-16,97.3856
Pakpattan,2024-11-17,97.22646
Pakpattan,2024-11-18,97.83834
Pakpattan,2024-11-19,97.07966
Pakpattan,2024-11-20,97.601875
Pakpattan,2024-11-21,97.55952
Pakpattan,2024-11-22,96.88128
Pakpattan,2024-11-23,97.76835
Pakpattan,2024-11-24,97.11909
Pakpattan,2024-11-25,97.35446
Pakpattan,2024-11-26,97.493416
Pakpattan,2024-11-27,96.81001
Pakpattan,2024-11-28,97.61029
Pakpattan,2024-11-29,97.31955
Pakpattan,2024-11-30,96.52843
Pakpattan,2024-12-01,97.55973
Pakpattan,2024-12-02,97.74189
Pakpattan,2024-12-03,96.34844
Pakpattan,2024-12-04,97.33323
Pakpattan,2024-12-05,97.79474
Pakpattan,2024-12-06,96.6144
Pakpattan,2024-12-07,97.678055
Pakpattan,2024-12-08,97.39145
Pakpattan,2024-12-09,97.00452
Pakpattan,2024-12-10,97.72147
Pakpattan,2024-12-11,97.02365
Pakpattan,2024-12-12,97.46698
Pakpattan,2024-12-13,97.36014
Pakpattan,2024-12-14,96.99694
Pakpattan,2024-12-15,97.63281
Pakpattan,2024-12-16,96.95183
Pakpattan,2024-12-17,97.478195
Pakpattan,2024-12-18,97.5366
Pakpattan,2024-12-19,97.05153
Pakpattan,2024-12-20,97.7984
Pakpattan,2024-12-21,97.22093
Pakpattan,2024-12-22,97.446465
Pakpattan,2024-12-23,97.69143
Pakpattan,2024-12-24,96.9435
Pakpattan,2024-12-25,97.733444
Pakpattan,2024-12-26,97.263794
Pakpattan,2024-12-27,96.74273
Pakpattan,2024-12-28,97.62091
Pakpattan,2024-12-29,97.53255
Pakpattan,2024-12-30,96.44448
Pakpattan,2024-12-31,97.23224
Pakpattan,2025-01-01,97.64528
Rahim Yar Khan,2024-10-04,143.2837
Rahim Yar Khan,2024-10-05,165.7562
Rahim Yar Khan,2024-10-06,148.32822
Rahim Yar Khan,2024-10-07,113.55499
Rahim Yar Khan,2024-10-08,103.12855
Rahim Yar Khan,2024-10-09,102.45323
Rahim Yar Khan,2024-10-10,102.5009
Rahim Yar Khan,2024-10-11,117.21189
Rahim Yar Khan,2024-10-12,174.62119
Rahim Yar Khan,2024-10-13,177.23056
Rahim Yar Khan,2024-10-14,137.45438
Rahim Yar Khan,2024-10-15,125.06108
Rahim Yar Khan,2024-10-16,123.02394
Rahim Yar Khan,2024-10-17,123.50408
Rahim Yar Khan,2024-10-18,123.5553
Rahim Yar Khan,2024-10-19,122.88591
Rahim Yar Khan,2024-10-20,122.55318
Rahim Yar Khan,2024-10-21,122.8411
Rahim Yar Khan,2024-10-22,122.73692
Rahim Yar Khan,2024-10-23,122.75156
Rahim Yar Khan,2024-10-24,122.983864
Rahim Yar Khan,2024-10-25,122.6846
Rahim Yar Khan,2024-10-26,122.91662
Rahim Yar Khan,2024-10-27,122.87996
Rahim Yar Khan,2024-10-28,122.74318
Rahim Yar Khan,2024-10-29,122.930374
Rahim Yar Khan,2024-10-30,122.752045
Rahim Yar Khan,2024-10-31,122.91986
Rahim Yar Khan,2024-11-01,122.84157
Rahim Yar Khan,2024-11-02,122.79332
Rahim Yar Khan,2024-11-03,122.9574
Rahim Yar Khan,2024-11-04,122.87639
Rahim Yar Khan,2024-11-05,122.73201
Rahim Yar Khan,2024-11-06,122.890366
Rahim Yar Khan,2024-11-07,122.9816
Rahim Yar Khan,2024-11-08,122.613556
Rahim Yar Khan,2024-11-09,122.81731
Rahim Yar Khan,2024-11-10,122.95064
Rahim Yar Khan,2024-11-11,122.645676
Rahim Yar Khan,2024-11-12,122.927505
Rahim Yar Khan,2024-11-13,122.84979
Rahim Yar Khan,2024-11-14,122.805695
Rahim Yar Khan,2024-11-15,122.90553
Rahim Yar Khan,2024-11-16,122.70735
Rahim Yar Khan,2024-11-17,122.9469
Rahim Yar Khan,2024-11-18,122.820694
Rahim Yar Khan,2024-11-19,122.73016
Rahim Yar Khan,2024-11-20,122.94235
Rahim Yar Khan,2024-11-21,122.704666
Rahim Yar Khan,2024-11-22,122.92583
Rahim Yar Khan,2024-11-23,122.864685
Rahim Yar Khan,2024-11-24,122.68085
Rahim Yar Khan,2024-11-25,122.98457
Rahim Yar Khan,2024-11-26,122.75476
Rahim Yar Khan,2024-11-27,122.86867
Rahim Yar Khan,2024-11-28,122.927216
Rahim Yar Khan,2024-11-29,122.677185
Rahim Yar Khan,2024-11-30,122.93378
Rahim Yar Khan,2024-12-01,122.85901
Rahim Yar Khan,2024-12-02,122.68028
Rahim Yar Khan,2024-12-03,122.88202
Rahim Yar Khan,2024-12-04,122.960236
Rahim Yar Khan,2024-12-05,122.59805
Rahim Yar Khan,2024-12-06,122.79675
Rahim Yar Khan,2024-12-07,122.927
Rahim Yar Khan,2024-12-08,122.62381
Rahim Yar Khan,2024-12-09,122.95825
Rahim Yar Khan,2024-12-10,122.83888
Rahim Yar Khan,2024-12-11,122.73706
Rahim Yar Khan,2024-12-12,122.97456
Rahim Yar Khan,2024-12-13,122.71727
Rahim Yar Khan,2024-12-14,122.90463
Rahim Yar Khan,2024-12-15,122.89464
Rahim Yar Khan,2024-12-16,122.71741
Rahim Yar Khan,2024-12-17,122.92555
Rahim Yar Khan,2024-12-18,122.76683
Rahim Yar Khan,2024-12-19,122.90248
Rahim Yar Khan,2024-12-20,122.86154
Rahim Yar Khan,2024-12-21,122.667404
Rahim Yar Khan,2024-12-22,122.95856
Rahim Yar Khan,2024-12-23,122.76199
Rahim Yar Khan,2024-12-24,122.85927
Rahim Yar Khan,2024-12-25,122.90607
Rahim Yar Khan,2024-12-26,122.6555
Rahim Yar Khan,2024-12-27,122.98161
Rahim Yar Khan,2024-12-28,122.80687
Rahim Yar Khan,2024-12-29,122.692215
Rahim Yar Khan,2024-12-30,122.961975
Rahim Yar Khan,2024-12-31,122.92826
Rahim Yar Khan,2025-01-01,122.64133
Rajanpur,2024-10-04,139.82722
Rajanpur,2024-10-05,124.9476
Rajanpur,2024-10-06,105.318794
Rajanpur,2024-10-07,93.92554
Rajanpur,2024-10-08,86.86967
Rajanpur,2024-10-09,84.98543
Rajanpur,2024-10-10,84.92161
Rajanpur,2024-10-11,84.965
Rajanpur,2024-10-12,88.648605
Rajanpur,2024-10-13,86.94319
Rajanpur,2024-10-14,87.15945
Rajanpur,2024-10-15,88.49692
Rajanpur,2024-10-16,89.87425
Rajanpur,2024-10-17,90.37627
Rajanpur,2024-10-18,89.933525
Rajanpur,2024-10-19,90.77392
Rajanpur,2024-10-20,90.33837
Rajanpur,2024-10-21,90.09877
Rajanpur,2024-10-22,90.43767
Rajanpur,2024-10-23,90.04739
Rajanpur,2024-10-24,90.4438
Rajanpur,2024-10-25,90.26449
Rajanpur,2024-10-26,90.16925
Rajanpur,2024-10-27,90.43813
Rajanpur,2024-10-28,89.977646
Rajanpur,2024-10-29,90.599106
Rajanpur,2024-10-30,90.38581
Rajanpur,2024-10-31,89.68938
Rajanpur,2024-11-01,90.6782
Rajanpur,2024-11-02,90.46164
Rajanpur,2024-11-03,89.37398
Rajanpur,2024-11-04,90.64969
Rajanpur,2024-11-05,90.52068
Rajanpur,2024-11-06,89.18799
Rajanpur,2024-11-07,90.39686
Rajanpur,2024-11-08,90.427956
Rajanpur,2024-11-09,89.78078
Rajanpur,2024-11-10,90.449326
Rajanpur,2024-11-11,90.20696
Rajanpur,2024-11-12,90.29509
Rajanpur,2024-11-13,90.42039
Rajanpur,2024-11-14,89.90504
Rajanpur,2024-11-15,90.66516
Rajanpur,2024-11-16,90.364204
Rajanpur,2024-11-17,90.22398
Rajanpur,2024-11-18,90.699135
Rajanpur,2024-11-19,90.17937
Rajanpur,2024-11-20,90.50986
Rajanpur,2024-11-21,90.59738
Rajanpur,2024-11-22,89.87503
Rajanpur,2024-11-23,90.476776
Rajanpur,2024-11-24,90.27875
Rajanpur,2024-11-25,90.24751
Rajanpur,2024-11-26,90.35307
Rajanpur,2024-11-27,89.87648
Rajanpur,2024-11-28,90.444756
Rajanpur,2024-11-29,90.443504
Rajanpur,2024-11-30,89.4626
Rajanpur,2024-12-01,90.43121
Rajanpur,2024-12-02,90.69035
Rajanpur,2024-12-03,89.184006
Rajanpur,2024-12-04,90.3405
Rajanpur,2024-12-05,90.708435
Rajanpur,2024-12-06,89.45145
Rajanpur,2024-12-07,90.535995
Rajanpur,2024-12-08,90.51381
Rajanpur,2024-12-09,89.93887
Rajanpur,2024-12-10,90.44279
Rajanpur,2024-12-11,90.1553
Rajanpur,2024-12-12,90.36579
Rajanpur,2024-12-13,90.28822
Rajanpur,2024-12-14,90.116646
Rajanpur,2024-12-15,90.43863
Rajanpur,2024-12-16,90.030975
Rajanpur,2024-12-17,90.58522
Rajanpur,2024-12-18,90.43067
Rajanpur,2024-12-19,90.05805
Rajanpur,2024-12-20,90.71098
Rajanpur,2024-12-21,90.30083
Rajanpur,2024-12-22,90.373245
Rajanpur,2024-12-23,90.67417
Rajanpur,2024-12-24,90.00753
Rajanpur,2024-12-25,90.50172
Rajanpur,2024-12-26,90.41431
Rajanpur,2024-12-27,89.66833
Rajanpur,2024-12-28,90.41223
Rajanpur,2024-12-29,90.43755
Rajanpur,2024-12-30,89.47742
Rajanpur,2024-12-31,90.25668
Rajanpur,2025-01-01,90.43153
Rawalpindi,2024-10-04,155.13332
Rawalpindi,2024-10-05,114.83963
Rawalpindi,2024-10-06,98.0734
Rawalpindi,2024-10-07,101.908936
Rawalpindi,2024-10-08,102.87548
Rawalpindi,2024-10-09,100.09809
Rawalpindi,2024-10-10,102.81108
Rawalpindi,2024-10-11,106.09902
Rawalpindi,2024-10-12,98.770996
Rawalpindi,2024-10-13,104.48941
Rawalpindi,2024-10-14,106.0315
Rawalpindi,2024-10-15,100.89036
Rawalpindi,2024-10-16,107.19128
Rawalpindi,2024-10-17,104.17564
Rawalpindi,2024-10-18,102.22333
Rawalpindi,2024-10-19,105.856964
Rawalpindi,2024-10-20,102.41811
Rawalpindi,2024-10-21,104.867676
Rawalpindi,2024-10-22,103.3909
Rawalpindi,2024-10-23,101.512856
Rawalpindi,2024-10-24,105.529335
Rawalpindi,2024-10-25,101.01798
Rawalpindi,2024-10-26,105.22971
Rawalpindi,2024-10-27,103.81836
Rawalpindi,2024-10-28,99.73476
Rawalpindi,2024-10-29,106.811584
Rawalpindi,2024-10-30,104.05942
Rawalpindi,2024-10-31,98.96081
Rawalpindi,2024-11-01,105.76938
Rawalpindi,2024-11-02,105.72429
Rawalpindi,2024-11-03,98.43794
Rawalpindi,2024-11-04,103.76657
Rawalpindi,2024-11-05,105.04325
Rawalpindi,2024-11-06,99.32574
Rawalpindi,2024-11-07,105.14076
Rawalpindi,2024-11-08,102.47432
Rawalpindi,2024-11-09,102.60362
Rawalpindi,2024-11-10,105.1656
Rawalpindi,2024-11-11,100.514496
Rawalpindi,2024-11-12,105.90759
Rawalpindi,2024-11-13,103.30149
Rawalpindi,2024-11-14,101.72118
Rawalpindi,2024-11-15,106.77169
Rawalpindi,2024-11-16,102.23103
Rawalpindi,2024-11-17,104.71336
Rawalpindi,2024-11-18,105.17404
Rawalpindi,2024-11-19,101.34279
Rawalpindi,2024-11-20,105.6767
Rawalpindi,2024-11-21,103.27232
Rawalpindi,2024-11-22,103.67429
Rawalpindi,2024-11-23,104.24091
Rawalpindi,2024-11-24,101.56961
Rawalpindi,2024-11-25,105.47852
Rawalpindi,2024-11-26,103.935875
Rawalpindi,2024-11-27,99.85542
Rawalpindi,2024-11-28,104.659744
Rawalpindi,2024-11-29,106.4572
Rawalpindi,2024-11-30,98.49806
Rawalpindi,2024-12-01,102.94563
Rawalpindi,2024-12-02,106.554474
Rawalpindi,2024-12-03,98.27318
Rawalpindi,2024-12-04,105.10536
Rawalpindi,2024-12-05,104.515045
Rawalpindi,2024-12-06,101.132286
Rawalpindi,2024-12-07,105.45509
Rawalpindi,2024-12-08,102.752556
Rawalpindi,2024-12-09,104.43649
Rawalpindi,2024-12-10,103.457985
Rawalpindi,2024-12-11,101.1814
Rawalpindi,2024-12-12,105.543785
Rawalpindi,2024-12-13,101.060936
Rawalpindi,2024-12-14,104.96488
Rawalpindi,2024-12-15,104.16506
Rawalpindi,2024-12-16,100.54902
Rawalpindi,2024-12-17,106.77987
Rawalpindi,2024-12-18,102.735245
Rawalpindi,2024-12-19,103.397446
Rawalpindi,2024-12-20,106.06677
Rawalpindi,2024-12-21,101.80191
Rawalpindi,2024-12-22,105.35638
Rawalpindi,2024-12-23,103.904015
Rawalpindi,2024-12-24,100.82432
Rawalpindi,2024-12-25,105.024055
Rawalpindi,2024-12-26,105.08202
Rawalpindi,2024-12-27,100.08054
Rawalpindi,2024-12-28,102.54164
Rawalpindi,2024-12-29,105.39757
Rawalpindi,2024-12-30,99.70086
Rawalpindi,2024-12-31,105.69764
Rawalpindi,2025-01-01,103.66321
Sahiwal,2024-10-04,133.93607
Sahiwal,2024-10-05,116.69069
Sahiwal,2024-10-06,101.58389
Sahiwal,2024-10-07,93.2303
Sahiwal,2024-10-08,88.46016
Sahiwal,2024-10-09,87.62532
Sahiwal,2024-10-10,89.189766
Sahiwal,2024-10-11,88.40925
Sahiwal,2024-10-12,96.61823
Sahiwal,2024-10-13,103.90041
Sahiwal,2024-10-14,107.14528
Sahiwal,2024-10-15,99.107254
Sahiwal,2024-10-16,98.940315
Sahiwal,2024-10-17,100.22646
Sahiwal,2024-10-18,100.261154
Sahiwal,2024-10-19,101.172226
Sahiwal,2024-10-20,100.82733
Sahiwal,2024-10-21,100.64172
Sahiwal,2024-10-22,100.84745
Sahiwal,2024-10-23,100.124
Sahiwal,2024-10-24,100.81539
Sahiwal,2024-10-25,100.60337
Sahiwal,2024-10-26,100.55763
Sahiwal,2024-10-27,100.88503
Sahiwal,2024-10-28,100.27279
Sahiwal,2024-10-29,100.94553
Sahiwal,2024-10-30,100.8361
Sahiwal,2024-10-31,100.07079
Sahiwal,2024-11-01,101.12767
Sahiwal,2024-11-02,100.68332
Sahiwal,2024-11-03,99.81062
Sahiwal,2024-11-04,101.06525
Sahiwal,2024-11-05,100.84096
Sahiwal,2024-11-06,99.73566
Sahiwal,2024-11-07,100.63161
Sahiwal,2024-11-08,100.81643
Sahiwal,2024-11-09,100.231964
Sahiwal,2024-11-10,100.804474
Sahiwal,2024-11-11,100.52288
Sahiwal,2024-11-12,100.65248
Sahiwal,2024-11-13,100.875046
Sahiwal,2024-11-14,100.22258
Sahiwal,2024-11-15,101.02237
Sahiwal,2024-11-16,100.81171
Sahiwal,2024-11-17,100.44589
Sahiwal,2024-11-18,101.13937
Sahiwal,2024-11-19,100.58011
Sahiwal,2024-11-20,100.74028
Sahiwal,2024-11-21,100.96445
Sahiwal,2024-11-22,100.36816
Sahiwal,2024-11-23,100.87298
Sahiwal,2024-11-24,100.40972
Sahiwal,2024-11-25,100.64946
Sahiwal,2024-11-26,100.74341
Sahiwal,2024-11-27,100.08716
Sahiwal,2024-11-28,100.83038
Sahiwal,2024-11-29,100.76787
Sahiwal,2024-11-30,99.82965
Sahiwal,2024-12-01,100.88578
Sahiwal,2024-12-02,101.07408
Sahiwal,2024-12-03,99.680214
Sahiwal,2024-12-04,100.77199
Sahiwal,2024-12-05,101.115036
Sahiwal,2024-12-06,100.005806
Sahiwal,2024-12-07,100.78755
Sahiwal,2024-12-08,100.796555
Sahiwal,2024-12-09,100.36877
Sahiwal,2024-12-10,100.864456
Sahiwal,2024-12-11,100.28071
Sahiwal,2024-12-12,100.74695
Sahiwal,2024-12-13,100.65467
Sahiwal,2024-12-14,100.529274
Sahiwal,2024-12-15,100.867065
Sahiwal,2024-12-16,100.32995
Sahiwal,2024-12-17,100.89077
Sahiwal,2024-12-18,100.91186
Sahiwal,2024-12-19,100.326096
Sahiwal,2024-12-20,101.095535
Sahiwal,2024-12-21,100.71723
Sahiwal,2024-12-22,100.6208
Sahiwal,2024-12-23,101.04525
Sahiwal,2024-12-24,100.45828
Sahiwal,2024-12-25,100.82791
Sahiwal,2024-12-26,100.58296
Sahiwal,2024-12-27,100.25553
Sahiwal,2024-12-28,100.81614
Sahiwal,2024-12-29,100.78935
Sahiwal,2024-12-30,99.93531
Sahiwal,2024-12-31,100.620445
Sahiwal,2025-01-01,100.91031
Sargodha,2024-10-04,160.01996
Sargodha,2024-10-05,107.452385
Sargodha,2024-10-06,94.08572
Sargodha,2024-10-07,91.577675
Sargodha,2024-10-08,88.15296
Sargodha,2024-10-09,88.067314
Sargodha,2024-10-10,88.42993
Sargodha,2024-10-11,87.46078
Sargodha,2024-10-12,87.52828
Sargodha,2024-10-13,86.869934
Sargodha,2024-10-14,90.86574
Sargodha,2024-10-15,85.77694
Sargodha,2024-10-16,87.85905
Sargodha,2024-10-17,86.84837
Sargodha,2024-10-18,86.94893
Sargodha,2024-10-19,88.10933
Sargodha,2024-10-20,86.93283
Sargodha,2024-10-21,87.80107
Sargodha,2024-10-22,87.04025
Sargodha,2024-10-23,86.66026
Sargodha,2024-10-24,87.66701
Sargodha,2024-10-25,86.52406
Sargodha,2024-10-26,87.90317
Sargodha,2024-10-27,87.02228
Sargodha,2024-10-28,86.11294
Sargodha,2024-10-29,88.217926
Sargodha,2024-10-30,87.546
Sargodha,2024-10-31,85.7798
Sargodha,2024-11-01,87.66002
Sargodha,2024-11-02,88.10718
Sargodha,2024-11-03,85.54909
Sargodha,2024-11-04,87.2486
Sargodha,2024-11-05,87.51325
Sargodha,2024-11-06,85.84023
Sargodha,2024-11-07,87.665
Sargodha,2024-11-08,86.839096
Sargodha,2024-11-09,86.99375
Sargodha,2024-11-10,87.4158
Sargodha,2024-11-11,86.38783
Sargodha,2024-11-12,88.12291
Sargodha,2024-11-13,86.94354
Sargodha,2024-11-14,86.78464
Sargodha,2024-11-15,88.07309
Sargodha,2024-11-16,86.7605
Sargodha,2024-11-17,87.79319
Sargodha,2024-11-18,87.49869
Sargodha,2024-11-19,86.580124
Sargodha,2024-11-20,87.95832
Sargodha,2024-11-21,87.14747
Sargodha,2024-11-22,87.184074
Sargodha,2024-11-23,87.27523
Sargodha,2024-11-24,86.72631
Sargodha,2024-11-25,87.686104
Sargodha,2024-11-26,87.40743
Sargodha,2024-11-27,86.21474
Sargodha,2024-11-28,87.23927
Sargodha,2024-11-29,88.275116
Sargodha,2024-11-30,85.721954
Sargodha,2024-12-01,87.05693
Sargodha,2024-12-02,87.92315
Sargodha,2024-12-03,85.484116
Sargodha,2024-12-04,87.951866
Sargodha,2024-12-05,87.38504
Sargodha,2024-12-06,86.29942
Sargodha,2024-12-07,87.77548
Sargodha,2024-12-08,87.02275
Sargodha,2024-12-09,87.49111
Sargodha,2024-12-10,87.036
Sargodha,2024-12-11,86.56897
Sargodha,2024-12-12,87.60858
Sargodha,2024-12-13,86.531006
Sargodha,2024-12-14,87.76391
Sargodha,2024-12-15,87.10472
Sargodha,2024-12-16,86.373566
Sargodha,2024-12-17,88.25771
Sargodha,2024-12-18,86.873665
Sargodha,2024-12-19,87.349495
Sargodha,2024-12-20,87.76732
Sargodha,2024-12-21,86.69475
Sargodha,2024-12-22,88.0175
Sargodha,2024-12-23,87.28059
Sargodha,2024-12-24,86.443054
Sargodha,2024-12-25,87.558136
Sargodha,2024-12-26,87.71973
Sargodha,2024-12-27,86.14611
Sargodha,2024-12-28,86.8903
Sargodha,2024-12-29,87.49581
Sargodha,2024-12-30,86.03309
Sargodha,2024-12-31,88.04865
Sargodha,2025-01-01,87.01813
Sheikhupura,2024-10-04,176.83348
Sheikhupura,2024-10-05,123.495285
Sheikhupura,2024-10-06,104.606544
Sheikhupura,2024-10-07,107.44797
Sheikhupura,2024-10-08,105.33956
Sheikhupura,2024-10-09,104.91161
Sheikhupura,2024-10-10,107.02488
Sheikhupura,2024-10-11,106.16337
Sheikhupura,2024-10-12,103.34757
Sheikhupura,2024-10-13,104.48833
Sheikhupura,2024-10-14,99.615585
Sheikhupura,2024-10-15,95.83314
Sheikhupura,2024-10-16,99.52515
Sheikhupura,2024-10-17,96.35463
Sheikhupura,2024-10-18,95.991135
Sheikhupura,2024-10-19,98.78637
Sheikhupura,2024-10-20,96.14028
Sheikhupura,2024-10-21,97.154976
Sheikhupura,2024-10-22,96.747986
Sheikhupura,2024-10-23,96.0937
Sheikhupura,2024-10-24,97.7156
Sheikhupura,2024-10-25,95.4674
Sheikhupura,2024-10-26,97.08348
Sheikhupura,2024-10-27,96.453896
Sheikhupura,2024-10-28,95.138725
Sheikhupura,2024-10-29,98.26558
Sheikhupura,2024-10-30,97.466736
Sheikhupura,2024-10-31,95.00504
Sheikhupura,2024-11-01,97.6198
Sheikhupura,2024-11-02,98.50634
Sheikhupura,2024-11-03,94.60228
Sheikhupura,2024-11-04,96.49096
Sheikhupura,2024-11-05,97.99349
Sheikhupura,2024-11-06,94.01312
Sheikhupura,2024-11-07,97.17836
Sheikhupura,2024-11-08,96.06252
Sheikhupura,2024-11-09,95.49919
Sheikhupura,2024-11-10,97.39251
Sheikhupura,2024-11-11,95.53506
Sheikhupura,2024-11-12,97.55558
Sheikhupura,2024-11-13,95.85056
Sheikhupura,2024-11-14,96.36063
Sheikhupura,2024-11-15,98.27639
Sheikhupura,2024-11-16,95.03521
Sheikhupura,2024-11-17,97.91716
Sheikhupura,2024-11-18,97.2303
Sheikhupura,2024-11-19,95.292015
Sheikhupura,2024-11-20,98.51453
Sheikhupura,2024-11-21,96.433914
Sheikhupura,2024-11-22,96.14516
Sheikhupura,2024-11-23,97.44542
Sheikhupura,2024-11-24,96.26716
Sheikhupura,2024-11-25,97.3899
Sheikhupura,2024-11-26,96.26463
Sheikhupura,2024-11-27,95.99409
Sheikhupura,2024-11-28,97.0677
Sheikhupura,2024-11-29,97.993454
Sheikhupura,2024-11-30,95.570496
Sheikhupura,2024-12-01,96.74128
Sheikhupura,2024-12-02,98.20299
Sheikhupura,2024-12-03,94.84549
Sheikhupura,2024-12-04,98.15017
Sheikhupura,2024-12-05,96.80824
Sheikhupura,2024-12-06,95.129776
Sheikhupura,2024-12-07,98.35373
Sheikhupura,2024-12-08,96.370735
Sheikhupura,2024-12-09,96.64838
Sheikhupura,2024-12-10,96.84703
Sheikhupura,2024-12-11,96.16748
Sheikhupura,2024-12-12,97.4966
Sheikhupura,2024-12-13,95.59845
Sheikhupura,2024-12-14,96.9964
Sheikhupura,2024-12-15,96.61555
Sheikhupura,2024-12-16,95.81311
Sheikhupura,2024-12-17,98.34294
Sheikhupura,2024-12-18,94.99847
Sheikhupura,2024-12-19,97.173996
Sheikhupura,2024-12-20,97.95558
Sheikhupura,2024-12-21,95.25344
Sheikhupura,2024-12-22,98.30392
Sheikhupura,2024-12-23,96.59294
Sheikhupura,2024-12-24,95.63776
Sheikhupura,2024-12-25,98.04709
Sheikhupura,2024-12-26,96.98415
Sheikhupura,2024-12-27,95.83909
Sheikhupura,2024-12-28,96.150894
Sheikhupura,2024-12-29,97.38687
Sheikhupura,2024-12-30,95.617
Sheikhupura,2024-12-31,97.52429
Sheikhupura,2025-01-01,96.07748
Sialkot,2024-10-04,129.36311
Sialkot,2024-10-05,99.15167
Sialkot,2024-10-06,82.465546
Sialkot,2024-10-07,84.31425
Sialkot,2024-10-08,82.20684
Sialkot,2024-10-09,81.538994
Sialkot,2024-10-10,83.116585
Sialkot,2024-10-11,83.211426
Sialkot,2024-10-12,79.614746
Sialkot,2024-10-13,80.96769
Sialkot,2024-10-14,78.28999
Sialkot,2024-10-15,75.961876
Sialkot,2024-10-16,78.63106
Sialkot,2024-10-17,78.12898
Sialkot,2024-10-18,76.62018
Sialkot,2024-10-19,78.72128
Sialkot,2024-10-20,77.24959
Sialkot,2024-10-21,77.65658
Sialkot,2024-10-22,78.12387
Sialkot,2024-10-23,76.60223
Sialkot,2024-10-24,78.46431
Sialkot,2024-10-25,77.010445
Sialkot,2024-10-26,77.49452
Sialkot,2024-10-27,78.23917
Sialkot,2024-10-28,76.21956
Sialkot,2024-10-29,78.61806
Sialkot,2024-10-30,77.462585
Sialkot,2024-10-31,75.89036
Sialkot,2024-11-01,78.79088
Sialkot,2024-11-02,77.99174
Sialkot,2024-11-03,75.501526
Sialkot,2024-11-04,78.043
Sialkot,2024-11-05,78.405106
Sialkot,2024-11-06,75.57149
Sialkot,2024-11-07,77.78969
Sialkot,2024-11-08,77.7765
Sialkot,2024-11-09,76.58315
Sialkot,2024-11-10,78.4393
Sialkot,2024-11-11,76.71282
Sialkot,2024-11-12,77.85592
Sialkot,2024-11-13,78.0318
Sialkot,2024-11-14,76.30504
Sialkot,2024-11-15,78.782845
Sialkot,2024-11-16,77.29176
Sialkot,2024-11-17,77.26398
Sialkot,2024-11-18,78.64288
Sialkot,2024-11-19,76.798195
Sialkot,2024-11-20,78.19004
Sialkot,2024-11-21,77.753365
Sialkot,2024-11-22,76.905594
Sialkot,2024-11-23,78.2709
Sialkot,2024-11-24,76.92893
Sialkot,2024-11-25,78.1229
Sialkot,2024-11-26,77.403366
Sialkot,2024-11-27,76.28058
Sialkot,2024-11-28,78.41392
Sialkot,2024-11-29,78.19281
Sialkot,2024-11-30,75.603714
Sialkot,2024-12-01,77.801216
Sialkot,2024-12-02,78.86403
Sialkot,2024-12-03,75.170425
Sialkot,2024-12-04,77.55485
Sialkot,2024-12-05,78.433464
Sialkot,2024-12-06,76.0594
Sialkot,2024-12-07,78.3244
Sialkot,2024-12-08,77.4908
Sialkot,2024-12-09,77.3181
Sialkot,2024-12-10,78.086136
Sialkot,2024-12-11,76.70379
Sialkot,2024-12-12,78.35076
Sialkot,2024-12-13,77.06441
Sialkot,2024-12-14,77.31451
Sialkot,2024-12-15,78.32132
Sialkot,2024-12-16,76.32588
Sialkot,2024-12-17,78.50455
Sialkot,2024-12-18,77.603386
Sialkot,2024-12-19,76.81262
Sialkot,2024-12-20,78.824844
Sialkot,2024-12-21,77.005424
Sialkot,2024-12-22,77.798904
Sialkot,2024-12-23,78.13821
Sialkot,2024-12-24,76.58862
Sialkot,2024-12-25,78.33743
Sialkot,2024-12-26,77.69878
Sialkot,2024-12-27,76.12134
Sialkot,2024-12-28,77.811264
Sialkot,2024-12-29,78.465225
Sialkot,2024-12-30,75.789345
Sialkot,2024-12-31,77.71377
Sialkot,2025-01-01,78.17049
Toba Tek Singh,2024-10-04,128.20825
Toba Tek Singh,2024-10-05,103.79661
Toba Tek Singh,2024-10-06,91.315155
Toba Tek Singh,2024-10-07,86.94318
Toba Tek Singh,2024-10-08,83.18841
Toba Tek Singh,2024-10-09,82.7032
Toba Tek Singh,2024-10-10,82.98988
Toba Tek Singh,2024-10-11,82.22532
Toba Tek Singh,2024-10-12,85.447586
Toba Tek Singh,2024-10-13,90.63278
Toba Tek Singh,2024-10-14,96.609604
Toba Tek Singh,2024-10-15,89.28811
Toba Tek Singh,2024-10-16,89.60437
Toba Tek Singh,2024-10-17,89.94298
Toba Tek Singh,2024-10-18,89.43078
Toba Tek Singh,2024-10-19,90.39534
Toba Tek Singh,2024-10-20,89.99498
Toba Tek Singh,2024-10-21,89.94634
Toba Tek Singh,2024-10-22,89.87293
Toba Tek Singh,2024-10-23,89.39098
Toba Tek Singh,2024-10-24,90.14844
Toba Tek Singh,2024-10-25,89.5569
Toba Tek Singh,2024-10-26,90.01665
Toba Tek Singh,2024-10-27,90.04793
Toba Tek Singh,2024-10-28,89.30057
Toba Tek Singh,2024-10-29,90.47473
Toba Tek Singh,2024-10-30,89.93104
Toba Tek Singh,2024-10-31,89.14772
Toba Tek Singh,2024-11-01,90.55728
Toba Tek Singh,2024-11-02,90.18937
Toba Tek Singh,2024-11-03,88.93842
Toba Tek Singh,2024-11-04,90.33496
Toba Tek Singh,2024-11-05,89.9555
Toba Tek Singh,2024-11-06,88.9362
Toba Tek Singh,2024-11-07,89.89079
Toba Tek Singh,2024-11-08,89.78808
Toba Tek Singh,2024-11-09,89.53708
Toba Tek Singh,2024-11-10,90.11762
Toba Tek Singh,2024-11-11,89.4813
Toba Tek Singh,2024-11-12,90.17622
Toba Tek Singh,2024-11-13,90.01677
Toba Tek Singh,2024-11-14,89.388214
Toba Tek Singh,2024-11-15,90.52987
Toba Tek Singh,2024-11-16,89.92146
Toba Tek Singh,2024-11-17,89.97856
Toba Tek Singh,2024-11-18,90.50773
Toba Tek Singh,2024-11-19,89.78135
Toba Tek Singh,2024-11-20,90.14049
Toba Tek Singh,2024-11-21,90.20573
Toba Tek Singh,2024-11-22,89.62377
Toba Tek Singh,2024-11-23,89.93193
Toba Tek Singh,2024-11-24,89.63245
Toba Tek Singh,2024-11-25,90.01032
Toba Tek Singh,2024-11-26,89.77186
Toba Tek Singh,2024-11-27,89.04821
Toba Tek Singh,2024-11-28,90.10187
Toba Tek Singh,2024-11-29,90.315704
Toba Tek Singh,2024-11-30,88.83025
Toba Tek Singh,2024-12-01,90.01495
Toba Tek Singh,2024-12-02,90.57031
Toba Tek Singh,2024-12-03,88.74717
Toba Tek Singh,2024-12-04,90.062775
Toba Tek Singh,2024-12-05,90.43438
Toba Tek Singh,2024-12-06,89.14108
Toba Tek Singh,2024-12-07,90.076294
Toba Tek Singh,2024-12-08,90.020584
Toba Tek Singh,2024-12-09,89.715546
Toba Tek Singh,2024-12-10,89.88567
Toba Tek Singh,2024-12-11,89.417885
Toba Tek Singh,2024-12-12,90.08789
Toba Tek Singh,2024-12-13,89.608765
Toba Tek Singh,2024-12-14,89.96863
Toba Tek Singh,2024-12-15,90.08055
Toba Tek Singh,2024-12-16,89.35802
Toba Tek Singh,2024-12-17,90.43509
Toba Tek Singh,2024-12-18,90.031166
Toba Tek Singh,2024-12-19,89.71932
Toba Tek Singh,2024-12-20,90.57168
Toba Tek Singh,2024-12-21,89.87921
Toba Tek Singh,2024-12-22,90.09785
Toba Tek Singh,2024-12-23,90.33623
Toba Tek Singh,2024-12-24,89.70876
Toba Tek Singh,2024-12-25,89.99188
Toba Tek Singh,2024-12-26,89.85856
Toba Tek Singh,2024-12-27,89.533165
Toba Tek Singh,2024-12-28,89.81378
Toba Tek Singh,2024-12-29,90.11713
Toba Tek Singh,2024-12-30,89.2848
Toba Tek Singh,2024-12-31,90.13553
Toba Tek Singh,2025-01-01,90.08166
Vehari,2024-10-04,128.04974
Vehari,2024-10-05,110.46231
Vehari,2024-10-06,104.487915
Vehari,2024-10-07,93.792816
Vehari,2024-10-08,93.04867
Vehari,2024-10-09,92.678734
Vehari,2024-10-10,93.742744
Vehari,2024-10-11,94.53159
Vehari,2024-10-12,101.39218
Vehari,2024-10-13,113.1217
Vehari,2024-10-14,106.77055
Vehari,2024-10-15,104.26611
Vehari,2024-10-16,105.667694
Vehari,2024-10-17,106.91426
Vehari,2024-10-18,107.44594
Vehari,2024-10-19,107.89579
Vehari,2024-10-20,107.28314
Vehari,2024-10-21,107.56502
Vehari,2024-10-22,107.39597
Vehari,2024-10-23,106.98793
Vehari,2024-10-24,107.47037
Vehari,2024-10-25,107.27982
Vehari,2024-10-26,107.48053
Vehari,2024-10-27,107.409485
Vehari,2024-10-28,107.026054
Vehari,2024-10-29,107.61414
Vehari,2024-10-30,107.48462
Vehari,2024-10-31,106.837654
Vehari,2024-11-01,107.54503
Vehari,2024-11-02,107.541435
Vehari,2024-11-03,106.51651
Vehari,2024-11-04,107.444916
Vehari,2024-11-05,107.4662
Vehari,2024-11-06,106.44055
Vehari,2024-11-07,107.438416
Vehari,2024-11-08,107.40808
Vehari,2024-11-09,107.072136
Vehari,2024-11-10,107.40696
Vehari,2024-11-11,107.2194
Vehari,2024-11-12,107.539116
Vehari,2024-11-13,107.37398
Vehari,2024-11-14,107.16188
Vehari,2024-11-15,107.572426
Vehari,2024-11-16,107.37404
Vehari,2024-11-17,107.53013
Vehari,2024-11-18,107.5243
Vehari,2024-11-19,107.20838
Vehari,2024-11-20,107.48702
Vehari,2024-11-21,107.45038
Vehari,2024-11-22,107.307915
Vehari,2024-11-23,107.46884
Vehari,2024-11-24,107.204185
Vehari,2024-11-25,107.45059
Vehari,2024-11-26,107.36298
Vehari,2024-11-27,106.9352
Vehari,2024-11-28,107.3909
Vehari,2024-11-29,107.58634
Vehari,2024-11-30,106.60883
Vehari,2024-12-01,107.38564
Vehari,2024-12-02,107.550285
Vehari,2024-12-03,106.458534
Vehari,2024-12-04,107.53958
Vehari,2024-12-05,107.474785
Vehari,2024-12-06,106.94289
Vehari,2024-12-07,107.46966
Vehari,2024-12-08,107.395454
Vehari,2024-12-09,107.377464
Vehari,2024-12-10,107.4346
Vehari,2024-12-11,107.12676
Vehari,2024-12-12,107.4314
Vehari,2024-12-13,107.30979
Vehari,2024-12-14,107.445175
Vehari,2024-12-15,107.39448
Vehari,2024-12-16,107.06798
Vehari,2024-12-17,107.5945
Vehari,2024-12-18,107.42299
Vehari,2024-12-19,107.44979
Vehari,2024-12-20,107.52408
Vehari,2024-12-21,107.305984
Vehari,2024-12-22,107.516754
Vehari,2024-12-23,107.5006
Vehari,2024-12-24,107.10438
Vehari,2024-12-25,107.46433
Vehari,2024-12-26,107.42419
Vehari,2024-12-27,106.84599
Vehari,2024-12-28,107.39108
Vehari,2024-12-29,107.40493
Vehari,2024-12-30,106.52702
Vehari,2024-12-31,107.520836
Vehari,2025-01-01,107.40648
