District,Time,AQI,PM10,PM2.5,Carbon_Monoxide,Nitrogen_Dioxide,Sulphur_Dioxide,Ozone,Dust
Attock,2024-11-06 16:00,272.67999999999995,70.8,46.2,674.0,26.8,7.9,79.0,5.0
Attock,2024-11-06 17:00,270.81,74.5,48.9,685.0,35.0,7.9,62.0,4.0
Attock,2024-11-06 18:00,258.96999999999997,77.3,51.1,705.0,41.6,7.8,49.0,4.0
Attock,2024-11-06 19:00,235.38000000000005,77.8,51.8,739.0,45.4,7.7,41.0,4.0
Attock,2024-11-06 20:00,203.945,77.5,51.9,782.0,47.6,7.5,36.0,3.0
Attock,2024-11-06 21:00,187.01,78.0,52.4,846.0,48.8,7.4,32.0,3.0
Attock,2024-11-06 22:00,179.805,79.2,53.3,962.0,49.2,7.5,28.0,3.0
Attock,2024-11-06 23:00,174.32500000000002,80.8,54.6,1099.0,48.7,7.7,24.0,2.0
Attock,2024-11-07 00:00,169.50500000000002,78.5,53.4,1173.0,45.4,7.2,18.0,2.0
Attock,2024-11-07 01:00,173.64000000000001,79.2,54.1,1137.0,42.7,7.1,18.0,2.0
Attock,2024-11-07 02:00,190.385,86.8,59.4,1037.0,38.7,7.0,19.0,2.0
Attock,2024-11-07 03:00,206.72500000000002,89.2,61.2,936.0,33.4,7.6,32.0,2.0
Attock,2024-11-07 04:00,194.63,93.8,64.5,844.0,25.7,9.8,67.0,2.0
Attock,2024-11-07 05:00,172.565,100.1,68.2,750.0,16.6,12.8,114.0,3.0
Attock,2024-11-07 06:00,160.41500000000002,97.3,64.7,678.0,9.4,14.7,151.0,5.0
Attock,2024-11-07 07:00,160.145,102.0,64.7,644.0,5.3,14.4,170.0,9.0
Attock,2024-11-07 08:00,159.27000000000004,113.6,70.1,632.0,3.1,13.0,179.0,15.0
Attock,2024-11-07 09:00,154.04000000000002,123.4,75.2,624.0,2.4,11.6,180.0,19.0
Attock,2024-11-07 10:00,162.06500000000003,129.0,78.0,610.0,2.9,10.6,171.0,19.0
Attock,2024-11-07 11:00,180.92999999999998,131.3,79.6,599.0,4.8,9.6,153.0,17.0
Attock,2024-11-07 12:00,210.285,128.1,78.5,598.0,9.1,9.0,134.0,16.0
Attock,2024-11-07 13:00,265.835,131.8,80.6,598.0,17.6,9.0,113.0,17.0
Attock,2024-11-07 14:00,329.79,138.3,84.8,607.0,28.4,9.5,90.0,18.0
Attock,2024-11-07 15:00,368.21500000000003,146.7,90.3,664.0,36.5,10.1,71.0,18.0
Attock,2024-11-07 16:00,365.34000000000003,154.6,96.6,824.0,39.5,10.9,60.0,16.0
Bahawalnagar,2024-11-06 16:00,208.35500000000002,196.5,120.1,646.0,54.2,13.7,40.0,34.0
Bahawalnagar,2024-11-06 17:00,215.23000000000002,203.5,124.8,655.0,57.5,13.5,27.0,34.0
Bahawalnagar,2024-11-06 18:00,212.68999999999997,204.0,125.3,668.0,59.2,13.0,17.0,34.0
Bahawalnagar,2024-11-06 19:00,195.9,199.8,122.0,694.0,59.6,12.2,11.0,34.0
Bahawalnagar,2024-11-06 20:00,183.11,194.2,118.3,724.0,58.3,11.1,8.0,34.0
Bahawalnagar,2024-11-06 21:00,178.05500000000004,188.6,114.3,754.0,54.6,10.1,8.0,33.0
Bahawalnagar,2024-11-06 22:00,171.705,181.1,109.4,786.0,46.8,9.1,13.0,29.0
Bahawalnagar,2024-11-06 23:00,167.93499999999997,170.0,103.4,818.0,36.5,8.1,22.0,24.0
Bahawalnagar,2024-11-07 00:00,167.99,172.3,105.0,837.0,24.3,8.2,39.0,20.0
Bahawalnagar,2024-11-07 01:00,164.19,172.3,105.0,846.0,22.1,8.0,43.0,19.0
Bahawalnagar,2024-11-07 02:00,164.48,173.2,105.9,842.0,18.8,7.9,51.0,18.0
Bahawalnagar,2024-11-07 03:00,166.14999999999998,172.8,105.2,808.0,15.3,9.2,67.0,18.0
Bahawalnagar,2024-11-07 04:00,162.38500000000002,169.5,103.1,719.0,11.3,13.5,101.0,21.0
Bahawalnagar,2024-11-07 05:00,155.77,168.1,99.9,598.0,7.1,19.1,144.0,24.0
Bahawalnagar,2024-11-07 06:00,147.86,158.3,92.2,500.0,3.9,22.4,174.0,27.0
Bahawalnagar,2024-11-07 07:00,136.51500000000001,134.6,77.5,442.0,1.9,21.3,179.0,27.0
Bahawalnagar,2024-11-07 08:00,127.46,117.3,67.3,405.0,1.1,18.0,171.0,26.0
Bahawalnagar,2024-11-07 09:00,120.85999999999999,107.1,61.2,394.0,2.0,15.1,159.0,24.0
Bahawalnagar,2024-11-07 10:00,116.79,100.8,57.7,409.0,5.9,13.7,147.0,22.0
Bahawalnagar,2024-11-07 11:00,114.975,97.8,56.1,449.0,11.7,12.7,132.0,20.0
Bahawalnagar,2024-11-07 12:00,118.81,102.2,60.5,509.0,16.7,12.1,117.0,18.0
Bahawalnagar,2024-11-07 13:00,128.22500000000002,116.2,69.6,608.0,20.4,12.0,103.0,16.0
Bahawalnagar,2024-11-07 14:00,140.94000000000005,123.4,75.2,728.0,23.3,12.2,89.0,14.0
Bahawalnagar,2024-11-07 15:00,155.89000000000001,122.5,75.0,811.0,24.1,12.2,81.0,13.0
Bahawalnagar,2024-11-07 16:00,155.01999999999998,122.9,75.0,827.0,21.2,11.9,83.0,12.0
Bahawalpur,2024-11-06 16:00,231.51000000000005,114.1,68.2,404.0,3.0,16.6,107.0,15.0
Bahawalpur,2024-11-06 17:00,246.29999999999998,116.6,69.8,402.0,3.5,16.3,102.0,16.0
Bahawalpur,2024-11-06 18:00,253.52,119.2,71.0,399.0,4.0,16.0,97.0,17.0
Bahawalpur,2024-11-06 19:00,252.08500000000004,122.0,72.4,395.0,4.5,15.7,92.0,18.0
Bahawalpur,2024-11-06 20:00,244.43500000000006,123.9,73.6,391.0,5.1,15.3,86.0,18.0
Bahawalpur,2024-11-06 21:00,232.08000000000004,123.9,73.8,387.0,5.7,14.6,79.0,18.0
Bahawalpur,2024-11-06 22:00,212.56,121.1,72.4,386.0,6.5,13.2,68.0,17.0
Bahawalpur,2024-11-06 23:00,192.93500000000003,116.4,69.8,385.0,7.4,11.5,55.0,15.0
Bahawalpur,2024-11-07 00:00,180.70000000000002,118.0,71.5,381.0,7.1,11.3,52.0,13.0
Bahawalpur,2024-11-07 01:00,165.64000000000004,113.4,68.5,372.0,6.7,10.9,52.0,13.0
Bahawalpur,2024-11-07 02:00,148.05,109.4,65.9,358.0,6.1,10.4,53.0,13.0
Bahawalpur,2024-11-07 03:00,133.75500000000002,107.3,63.8,340.0,5.2,10.0,61.0,14.0
Bahawalpur,2024-11-07 04:00,125.77499999999999,105.0,62.2,314.0,3.7,10.2,83.0,16.0
Bahawalpur,2024-11-07 05:00,121.51,108.3,62.6,284.0,2.0,10.6,111.0,18.0
Bahawalpur,2024-11-07 06:00,109.46000000000001,94.1,54.0,256.0,0.7,10.4,131.0,20.0
Bahawalpur,2024-11-07 07:00,96.26,74.0,41.3,232.0,0.2,9.0,133.0,21.0
Bahawalpur,2024-11-07 08:00,93.85499999999999,62.4,33.8,210.0,0.2,7.0,126.0,21.0
Bahawalpur,2024-11-07 09:00,93.875,56.6,30.0,196.0,0.3,5.5,120.0,21.0
Bahawalpur,2024-11-07 10:00,93.865,53.1,27.9,193.0,0.2,5.1,119.0,21.0
Bahawalpur,2024-11-07 11:00,96.31500000000003,50.9,26.5,198.0,0.2,5.3,118.0,21.0
Bahawalpur,2024-11-07 12:00,106.405,49.4,26.0,202.0,0.5,5.4,114.0,20.0
Bahawalpur,2024-11-07 13:00,129.695,47.4,26.3,201.0,1.3,5.2,106.0,17.0
Bahawalpur,2024-11-07 14:00,158.915,46.6,26.1,200.0,2.5,5.0,95.0,14.0
Bahawalpur,2024-11-07 15:00,180.92999999999998,45.9,26.1,199.0,3.6,4.8,84.0,11.0
Bahawalpur,2024-11-07 16:00,193.27,44.9,25.9,198.0,4.6,4.5,75.0,9.0
Bhakkar,2024-11-06 16:00,196.70500000000004,173.7,105.2,781.0,10.2,9.1,84.0,25.0
Bhakkar,2024-11-06 17:00,203.53000000000003,176.5,107.1,811.0,11.3,10.7,79.0,27.0
Bhakkar,2024-11-06 18:00,205.46000000000004,177.9,107.8,818.0,12.2,12.2,75.0,28.0
Bhakkar,2024-11-06 19:00,199.98500000000004,176.0,106.6,786.0,12.6,13.5,71.0,28.0
Bhakkar,2024-11-06 20:00,195.245,176.5,107.1,731.0,12.8,14.6,68.0,27.0
Bhakkar,2024-11-06 21:00,191.16,177.0,107.8,686.0,13.2,15.4,64.0,27.0
Bhakkar,2024-11-06 22:00,186.77,178.3,108.7,648.0,13.9,15.7,60.0,27.0
Bhakkar,2024-11-06 23:00,181.51,180.2,110.4,620.0,14.7,15.6,55.0,26.0
Bhakkar,2024-11-07 00:00,167.38,164.8,101.5,645.0,11.4,17.5,58.0,20.0
Bhakkar,2024-11-07 01:00,168.73000000000002,168.6,103.8,783.0,12.8,16.4,51.0,20.0
Bhakkar,2024-11-07 02:00,185.28,177.9,110.1,975.0,14.5,15.0,43.0,21.0
Bhakkar,2024-11-07 03:00,196.20000000000002,184.9,115.3,1084.0,14.5,14.7,47.0,21.0
Bhakkar,2024-11-07 04:00,195.66000000000003,176.0,109.7,1035.0,11.2,16.6,76.0,22.0
Bhakkar,2024-11-07 05:00,187.42,170.0,105.0,905.0,6.3,19.5,117.0,23.0
Bhakkar,2024-11-07 06:00,178.93,160.2,98.0,782.0,2.6,21.5,149.0,23.0
Bhakkar,2024-11-07 07:00,167.035,145.8,88.2,693.0,1.3,21.8,162.0,23.0
Bhakkar,2024-11-07 08:00,152.64499999999998,133.2,80.1,611.0,1.2,21.1,166.0,22.0
Bhakkar,2024-11-07 09:00,143.805,124.3,74.5,554.0,1.5,20.2,165.0,20.0
Bhakkar,2024-11-07 10:00,137.38,116.6,70.1,528.0,1.8,18.9,160.0,17.0
Bhakkar,2024-11-07 11:00,132.65,110.8,66.8,526.0,2.6,17.2,150.0,14.0
Bhakkar,2024-11-07 12:00,132.76500000000001,104.8,64.5,542.0,4.3,16.0,139.0,12.0
Bhakkar,2024-11-07 13:00,142.63500000000002,107.6,66.6,590.0,7.4,15.7,126.0,12.0
Bhakkar,2024-11-07 14:00,155.675,114.3,71.2,655.0,11.4,15.8,112.0,13.0
Bhakkar,2024-11-07 15:00,164.66500000000002,126.2,79.6,692.0,15.1,15.7,97.0,14.0
Bhakkar,2024-11-07 16:00,165.96,137.4,87.3,665.0,18.9,15.4,82.0,14.0
Chakwal,2024-11-06 16:00,165.70000000000002,81.3,52.4,1208.0,28.9,8.9,60.0,5.0
Chakwal,2024-11-06 17:00,173.28,80.1,51.9,1230.0,33.2,8.4,44.0,4.0
Chakwal,2024-11-06 18:00,187.02,77.1,50.2,1222.0,36.1,7.8,32.0,4.0
Chakwal,2024-11-06 19:00,179.17499999999998,72.9,47.7,1189.0,37.1,7.1,24.0,4.0
Chakwal,2024-11-06 20:00,160.15,68.2,45.5,1126.0,36.8,6.4,20.0,3.0
Chakwal,2024-11-06 21:00,143.36999999999998,67.8,45.8,1032.0,35.9,5.8,18.0,3.0
Chakwal,2024-11-06 22:00,141.36499999999998,69.6,47.3,869.0,34.8,5.4,18.0,3.0
Chakwal,2024-11-06 23:00,139.315,72.6,49.6,674.0,33.1,5.2,21.0,2.0
Chakwal,2024-11-07 00:00,136.85000000000002,81.0,55.1,557.0,27.0,6.1,33.0,3.0
Chakwal,2024-11-07 01:00,137.53500000000003,85.7,58.0,595.0,25.4,5.1,29.0,3.0
Chakwal,2024-11-07 02:00,159.695,89.9,60.8,711.0,23.0,3.9,25.0,2.0
Chakwal,2024-11-07 03:00,175.215,89.6,60.5,782.0,19.5,4.3,34.0,4.0
Chakwal,2024-11-07 04:00,170.655,96.9,62.9,745.0,13.9,7.8,69.0,9.0
Chakwal,2024-11-07 05:00,166.245,146.2,90.8,663.0,7.2,12.8,116.0,16.0
Chakwal,2024-11-07 06:00,164.895,177.9,109.7,605.0,2.3,16.5,153.0,22.0
Chakwal,2024-11-07 07:00,170.1,193.2,118.3,600.0,0.7,17.7,169.0,25.0
Chakwal,2024-11-07 08:00,169.035,198.8,121.5,618.0,1.0,17.6,175.0,27.0
Chakwal,2024-11-07 09:00,167.04999999999998,201.2,122.9,641.0,1.7,17.2,174.0,27.0
Chakwal,2024-11-07 10:00,168.75,203.5,124.3,661.0,2.5,16.6,167.0,24.0
Chakwal,2024-11-07 11:00,173.815,204.4,125.3,685.0,3.7,15.6,154.0,19.0
Chakwal,2024-11-07 12:00,176.16000000000003,193.2,120.6,717.0,4.9,15.0,142.0,16.0
Chakwal,2024-11-07 13:00,179.77,189.1,118.3,762.0,5.9,15.1,135.0,16.0
Chakwal,2024-11-07 14:00,184.83999999999997,188.6,117.6,816.0,6.8,15.4,129.0,17.0
Chakwal,2024-11-07 15:00,189.55499999999998,192.3,119.0,861.0,7.5,15.6,124.0,19.0
Chakwal,2024-11-07 16:00,192.35500000000005,196.0,121.1,897.0,7.7,15.4,119.0,20.0
Chiniot,2024-11-06 16:00,358.01000000000005,304.5,193.2,1703.0,99.0,19.0,25.0,30.0
Chiniot,2024-11-06 17:00,365.22,307.3,194.6,1683.0,97.5,19.4,25.0,32.0
Chiniot,2024-11-06 18:00,365.74999999999994,311.1,196.5,1660.0,93.9,19.4,26.0,33.0
Chiniot,2024-11-06 19:00,359.38,312.0,197.0,1667.0,89.1,19.1,24.0,35.0
Chiniot,2024-11-06 20:00,349.25499999999994,315.7,198.4,1669.0,82.2,18.5,23.0,36.0
Chiniot,2024-11-06 21:00,335.42,312.0,196.5,1668.0,73.6,17.5,23.0,36.0
Chiniot,2024-11-06 22:00,314.545,297.1,187.2,1673.0,61.8,15.6,24.0,32.0
Chiniot,2024-11-06 23:00,293.585,278.5,176.5,1674.0,48.3,13.4,25.0,27.0
Chiniot,2024-11-07 00:00,277.36000000000007,250.5,162.5,1642.0,24.8,11.9,39.0,22.0
Chiniot,2024-11-07 01:00,269.58000000000004,249.6,162.1,1564.0,27.3,12.6,38.0,22.0
Chiniot,2024-11-07 02:00,263.40500000000003,251.5,163.4,1453.0,30.5,13.8,38.0,22.0
Chiniot,2024-11-07 03:00,258.6,257.0,165.8,1319.0,30.8,15.7,53.0,23.0
Chiniot,2024-11-07 04:00,241.26,258.0,165.3,1141.0,25.6,19.3,94.0,26.0
Chiniot,2024-11-07 05:00,221.075,259.8,162.5,940.0,17.6,23.6,150.0,30.0
Chiniot,2024-11-07 06:00,206.22000000000003,254.3,156.0,784.0,11.1,26.3,193.0,33.0
Chiniot,2024-11-07 07:00,194.91000000000003,244.0,147.6,701.0,6.8,25.9,215.0,36.0
Chiniot,2024-11-07 08:00,188.01500000000001,236.1,142.0,662.0,4.0,23.9,224.0,38.0
Chiniot,2024-11-07 09:00,183.57000000000002,228.6,137.4,651.0,5.2,21.9,221.0,38.0
Chiniot,2024-11-07 10:00,178.86,222.1,133.6,640.0,13.7,20.3,201.0,35.0
Chiniot,2024-11-07 11:00,182.865,217.0,131.8,657.0,26.3,18.6,168.0,30.0
Chiniot,2024-11-07 12:00,201.25500000000002,221.7,137.4,762.0,35.8,17.5,138.0,25.0
Chiniot,2024-11-07 13:00,220.6,234.2,147.1,1052.0,39.7,17.2,113.0,22.0
Chiniot,2024-11-07 14:00,257.715,237.0,150.4,1430.0,40.5,17.4,91.0,19.0
Chiniot,2024-11-07 15:00,279.98,237.0,151.3,1669.0,38.9,17.7,76.0,16.0
Chiniot,2024-11-07 16:00,275.745,234.2,149.9,1649.0,34.0,18.2,72.0,14.0
Dera Ghazi Khan,2024-11-06 16:00,211.69,101.7,62.2,551.0,11.4,42.3,99.0,8.0
Dera Ghazi Khan,2024-11-06 17:00,208.73000000000005,83.8,51.6,542.0,10.0,36.2,89.0,5.0
Dera Ghazi Khan,2024-11-06 18:00,202.38000000000002,66.8,41.2,520.0,8.7,30.6,79.0,3.0
Dera Ghazi Khan,2024-11-06 19:00,192.64499999999998,50.4,31.0,465.0,7.8,25.5,67.0,2.0
Dera Ghazi Khan,2024-11-06 20:00,180.57500000000002,36.2,22.0,397.0,7.0,20.9,55.0,2.0
Dera Ghazi Khan,2024-11-06 21:00,169.26000000000002,26.1,15.5,339.0,6.9,18.9,46.0,2.0
Dera Ghazi Khan,2024-11-06 22:00,158.38,20.7,12.0,299.0,7.8,21.3,41.0,2.0
Dera Ghazi Khan,2024-11-06 23:00,151.665,20.3,11.6,268.0,9.3,26.3,40.0,3.0
Dera Ghazi Khan,2024-11-07 00:00,148.595,7.8,3.8,239.0,8.5,20.7,32.0,3.0
Dera Ghazi Khan,2024-11-07 01:00,148.95999999999998,8.5,4.1,199.0,9.0,23.6,31.0,3.0
Dera Ghazi Khan,2024-11-07 02:00,150.20000000000002,11.3,5.6,162.0,9.8,28.1,31.0,3.0
Dera Ghazi Khan,2024-11-07 03:00,151.37500000000003,15.1,7.9,161.0,10.9,34.8,38.0,5.0
Dera Ghazi Khan,2024-11-07 04:00,151.92,27.7,15.5,223.0,12.7,46.3,55.0,9.0
Dera Ghazi Khan,2024-11-07 05:00,152.255,78.7,46.7,322.0,14.8,60.0,79.0,14.0
Dera Ghazi Khan,2024-11-07 06:00,158.78,108.0,65.2,415.0,15.7,68.7,102.0,18.0
Dera Ghazi Khan,2024-11-07 07:00,152.98499999999999,119.2,72.4,477.0,14.0,67.6,123.0,18.0
Dera Ghazi Khan,2024-11-07 08:00,152.175,124.8,76.6,534.0,11.1,61.6,142.0,17.0
Dera Ghazi Khan,2024-11-07 09:00,158.56500000000003,129.0,79.4,621.0,9.6,58.0,156.0,16.0
Dera Ghazi Khan,2024-11-07 10:00,162.505,129.9,80.1,780.0,11.3,60.1,163.0,16.0
Dera Ghazi Khan,2024-11-07 11:00,174.92000000000002,129.0,79.6,969.0,14.4,64.6,165.0,15.0
Dera Ghazi Khan,2024-11-07 12:00,189.29,130.4,80.8,1102.0,16.6,69.0,162.0,14.0
Dera Ghazi Khan,2024-11-07 13:00,191.8,126.7,79.2,1140.0,16.8,73.1,153.0,12.0
Dera Ghazi Khan,2024-11-07 14:00,218.945,131.8,82.9,1123.0,16.1,77.0,139.0,9.0
Dera Ghazi Khan,2024-11-07 15:00,239.01500000000004,134.1,85.0,1080.0,14.9,79.3,126.0,7.0
Dera Ghazi Khan,2024-11-07 16:00,251.94,130.9,83.4,1014.0,13.0,78.4,116.0,5.0
Faisalabad,2024-11-06 16:00,385.0,251.5,153.7,755.0,24.0,14.5,72.0,40.0
Faisalabad,2024-11-06 17:00,349.25,247.7,152.3,814.0,21.8,14.1,67.0,37.0
Faisalabad,2024-11-06 18:00,317.63499999999993,242.1,148.5,861.0,19.8,13.6,63.0,35.0
Faisalabad,2024-11-06 19:00,301.39,235.6,143.4,890.0,18.7,13.2,59.0,36.0
Faisalabad,2024-11-06 20:00,290.7850000000001,232.4,140.6,906.0,17.8,12.8,56.0,38.0
Faisalabad,2024-11-06 21:00,277.445,229.1,138.3,904.0,16.5,12.5,55.0,38.0
Faisalabad,2024-11-06 22:00,253.5,221.2,133.6,871.0,14.6,12.2,56.0,34.0
Faisalabad,2024-11-06 23:00,227.86,211.9,129.0,820.0,12.3,11.8,59.0,28.0
Faisalabad,2024-11-07 00:00,213.565,202.1,123.4,787.0,8.5,11.9,69.0,22.0
Faisalabad,2024-11-07 01:00,226.79,202.6,123.9,800.0,8.8,12.1,70.0,20.0
Faisalabad,2024-11-07 02:00,251.55999999999997,203.5,124.8,830.0,9.2,12.4,73.0,18.0
Faisalabad,2024-11-07 03:00,262.0450000000001,201.6,124.3,829.0,8.8,12.8,84.0,18.0
Faisalabad,2024-11-07 04:00,243.87999999999997,201.2,123.4,763.0,6.9,13.5,113.0,22.0
Faisalabad,2024-11-07 05:00,211.72999999999996,197.0,118.3,666.0,4.3,14.4,151.0,27.0
Faisalabad,2024-11-07 06:00,182.285,180.2,105.5,583.0,2.3,14.8,177.0,31.0
Faisalabad,2024-11-07 07:00,163.43,162.5,94.3,531.0,1.3,14.3,182.0,32.0
Faisalabad,2024-11-07 08:00,155.885,149.5,86.4,494.0,1.0,13.3,176.0,31.0
Faisalabad,2024-11-07 09:00,152.25000000000003,140.2,81.0,473.0,1.5,12.4,166.0,29.0
Faisalabad,2024-11-07 10:00,167.375,134.6,77.8,471.0,3.2,11.9,154.0,25.0
Faisalabad,2024-11-07 11:00,194.325,130.4,75.9,486.0,5.7,11.5,139.0,21.0
Faisalabad,2024-11-07 12:00,218.49,130.9,78.5,513.0,7.8,11.2,125.0,17.0
Faisalabad,2024-11-07 13:00,237.14499999999998,140.2,85.2,557.0,9.4,11.0,111.0,15.0
Faisalabad,2024-11-07 14:00,248.07500000000005,143.0,87.8,613.0,10.6,10.8,98.0,14.0
Faisalabad,2024-11-07 15:00,251.16000000000003,145.8,89.9,659.0,11.1,10.7,89.0,13.0
Faisalabad,2024-11-07 16:00,243.70499999999998,148.1,91.5,687.0,10.5,10.7,88.0,12.0
Gujranwala,2024-11-06 16:00,245.05,228.2,146.7,944.0,39.3,17.8,63.0,17.0
Gujranwala,2024-11-06 17:00,247.66499999999996,235.6,152.7,1000.0,42.6,17.5,46.0,15.0
Gujranwala,2024-11-06 18:00,242.21,232.8,150.9,1068.0,43.3,16.9,34.0,14.0
Gujranwala,2024-11-06 19:00,241.51000000000002,219.8,143.0,1175.0,40.0,15.6,30.0,13.0
Gujranwala,2024-11-06 20:00,243.71499999999997,202.1,132.2,1295.0,34.0,13.9,32.0,11.0
Gujranwala,2024-11-06 21:00,241.16000000000003,187.7,124.3,1367.0,28.6,12.7,34.0,10.0
Gujranwala,2024-11-06 22:00,229.08499999999998,179.3,119.2,1357.0,24.6,12.2,35.0,9.0
Gujranwala,2024-11-06 23:00,211.86,173.7,115.7,1300.0,21.0,12.1,38.0,9.0
Gujranwala,2024-11-07 00:00,201.09499999999997,165.3,110.1,1236.0,15.7,12.4,46.0,9.0
Gujranwala,2024-11-07 01:00,194.22000000000003,163.9,109.4,1174.0,16.5,12.2,44.0,8.0
Gujranwala,2024-11-07 02:00,191.14500000000004,163.4,110.1,1105.0,17.4,12.1,43.0,7.0
Gujranwala,2024-11-07 03:00,189.95000000000002,163.4,110.1,1046.0,17.1,14.1,56.0,8.0
Gujranwala,2024-11-07 04:00,189.53,170.9,112.2,1005.0,14.3,20.1,96.0,12.0
Gujranwala,2024-11-07 05:00,192.65,183.9,117.1,973.0,10.2,28.2,149.0,17.0
Gujranwala,2024-11-07 06:00,201.80499999999998,205.4,127.6,938.0,6.9,34.2,192.0,22.0
Gujranwala,2024-11-07 07:00,206.01000000000002,223.5,137.4,887.0,4.7,36.3,215.0,25.0
Gujranwala,2024-11-07 08:00,203.64999999999995,228.6,140.2,832.0,3.4,36.4,227.0,28.0
Gujranwala,2024-11-07 09:00,200.115,227.2,139.2,799.0,3.9,35.8,230.0,29.0
Gujranwala,2024-11-07 10:00,200.31500000000003,225.4,138.3,799.0,7.2,34.6,221.0,29.0
Gujranwala,2024-11-07 11:00,209.42,224.4,137.8,820.0,12.4,32.6,202.0,27.0
Gujranwala,2024-11-07 12:00,222.34500000000003,229.6,142.5,854.0,17.6,30.8,180.0,26.0
Gujranwala,2024-11-07 13:00,240.375,243.1,151.8,898.0,23.0,29.5,153.0,25.0
Gujranwala,2024-11-07 14:00,259.26500000000004,256.1,161.1,954.0,28.5,28.4,122.0,25.0
Gujranwala,2024-11-07 15:00,272.24,264.5,168.1,1019.0,31.8,26.7,97.0,23.0
Gujranwala,2024-11-07 16:00,274.41999999999996,263.6,169.0,1102.0,31.8,24.0,80.0,20.0
Gujrat,2024-11-06 16:00,183.075,143.9,94.5,1089.0,22.7,15.7,92.0,8.0
Gujrat,2024-11-06 17:00,178.055,146.2,95.9,1034.0,20.6,15.9,91.0,7.0
Gujrat,2024-11-06 18:00,172.45,146.7,95.9,980.0,18.4,15.9,91.0,7.0
Gujrat,2024-11-06 19:00,166.57500000000002,144.4,94.3,936.0,16.6,15.6,89.0,7.0
Gujrat,2024-11-06 20:00,160.77500000000003,142.5,92.9,891.0,14.7,15.2,87.0,8.0
Gujrat,2024-11-06 21:00,158.17,143.9,93.6,864.0,13.1,14.8,85.0,9.0
Gujrat,2024-11-06 22:00,159.81500000000003,147.6,95.9,869.0,11.8,14.7,83.0,10.0
Gujrat,2024-11-06 23:00,162.815,150.4,97.6,891.0,10.9,14.8,81.0,10.0
Gujrat,2024-11-07 00:00,160.745,146.7,95.0,899.0,11.4,13.6,69.0,9.0
Gujrat,2024-11-07 01:00,159.185,149.5,96.6,880.0,12.0,12.6,62.0,8.0
Gujrat,2024-11-07 02:00,158.03,146.2,95.0,848.0,12.6,11.4,55.0,7.0
Gujrat,2024-11-07 03:00,159.075,141.6,93.6,807.0,12.1,11.7,63.0,7.0
Gujrat,2024-11-07 04:00,161.79,153.2,99.9,751.0,9.4,15.2,101.0,9.0
Gujrat,2024-11-07 05:00,168.27500000000003,168.6,107.6,688.0,5.6,20.3,154.0,13.0
Gujrat,2024-11-07 06:00,173.59,181.6,114.1,644.0,2.8,23.8,193.0,16.0
Gujrat,2024-11-07 07:00,176.545,192.3,119.2,630.0,1.6,24.2,204.0,19.0
Gujrat,2024-11-07 08:00,177.64000000000001,196.5,121.1,635.0,1.4,23.0,201.0,21.0
Gujrat,2024-11-07 09:00,178.03000000000003,197.0,121.1,655.0,1.9,22.1,196.0,23.0
Gujrat,2024-11-07 10:00,177.96500000000003,197.0,120.6,694.0,3.1,22.1,194.0,24.0
Gujrat,2024-11-07 11:00,178.67000000000002,199.8,122.0,748.0,5.0,22.3,190.0,25.0
Gujrat,2024-11-07 12:00,185.035,203.5,125.3,802.0,7.7,22.3,180.0,25.0
Gujrat,2024-11-07 13:00,197.175,210.0,129.9,864.0,11.8,21.9,161.0,25.0
Gujrat,2024-11-07 14:00,214.165,215.6,134.1,926.0,16.6,21.3,136.0,24.0
Gujrat,2024-11-07 15:00,223.03000000000003,215.1,134.6,954.0,20.1,20.3,113.0,22.0
Gujrat,2024-11-07 16:00,219.82000000000002,208.6,131.3,922.0,21.3,18.8,95.0,19.0
Hafizabad,2024-11-06 16:00,321.475,275.7,174.6,1577.0,43.2,13.9,62.0,27.0
Hafizabad,2024-11-06 17:00,345.14000000000004,279.4,176.5,1554.0,40.3,13.6,59.0,27.0
Hafizabad,2024-11-06 18:00,361.17499999999995,280.3,176.5,1531.0,37.6,13.3,56.0,28.0
Hafizabad,2024-11-06 19:00,363.77500000000003,281.3,177.0,1533.0,36.4,13.2,50.0,30.0
Hafizabad,2024-11-06 20:00,359.1050000000001,281.3,176.0,1537.0,35.5,13.1,45.0,32.0
Hafizabad,2024-11-06 21:00,348.01500000000004,273.8,171.8,1527.0,34.5,12.9,40.0,32.0
Hafizabad,2024-11-06 22:00,327.505,257.0,162.1,1492.0,33.5,12.2,34.0,29.0
Hafizabad,2024-11-06 23:00,301.785,239.3,152.7,1444.0,32.5,11.4,28.0,24.0
Hafizabad,2024-11-07 00:00,275.16,228.2,148.1,1408.0,23.7,13.2,39.0,20.0
Hafizabad,2024-11-07 01:00,267.68000000000006,230.5,149.9,1399.0,23.8,14.0,41.0,20.0
Hafizabad,2024-11-07 02:00,264.08000000000004,232.8,152.3,1402.0,23.7,15.4,45.0,19.0
Hafizabad,2024-11-07 03:00,260.24,235.6,153.2,1400.0,22.2,17.5,62.0,20.0
Hafizabad,2024-11-07 04:00,255.81999999999996,242.1,154.1,1406.0,17.8,21.5,102.0,23.0
Hafizabad,2024-11-07 05:00,262.20500000000004,246.8,153.7,1408.0,12.0,26.3,155.0,27.0
Hafizabad,2024-11-07 06:00,259.50500000000005,246.8,151.3,1349.0,7.4,29.2,195.0,31.0
Hafizabad,2024-11-07 07:00,238.92000000000004,240.3,145.8,1159.0,4.5,28.7,213.0,33.0
Hafizabad,2024-11-07 08:00,210.9,233.3,140.6,908.0,2.9,26.4,218.0,35.0
Hafizabad,2024-11-07 09:00,204.07000000000002,227.2,136.9,756.0,3.6,24.3,214.0,35.0
Hafizabad,2024-11-07 10:00,203.36,221.7,134.1,800.0,8.3,23.2,200.0,33.0
Hafizabad,2024-11-07 11:00,206.00500000000002,216.5,131.8,941.0,15.5,22.4,178.0,30.0
Hafizabad,2024-11-07 12:00,215.995,220.7,136.0,1045.0,21.2,21.9,156.0,27.0
Hafizabad,2024-11-07 13:00,228.3,233.3,144.8,1052.0,24.5,22.0,134.0,24.0
Hafizabad,2024-11-07 14:00,239.61499999999998,235.2,147.6,1020.0,26.5,22.5,111.0,20.0
Hafizabad,2024-11-07 15:00,245.28000000000006,228.6,144.8,994.0,26.5,22.7,95.0,17.0
Hafizabad,2024-11-07 16:00,241.94499999999996,220.3,140.6,984.0,23.4,22.3,91.0,14.0
Jhang,2024-11-06 16:00,292.17,287.8,179.3,1587.0,66.1,15.3,33.0,39.0
Jhang,2024-11-06 17:00,337.39500000000004,278.5,174.6,2011.0,57.7,14.2,34.0,34.0
Jhang,2024-11-06 18:00,361.445,266.4,166.7,2237.0,48.8,13.1,36.0,30.0
Jhang,2024-11-06 19:00,329.32500000000005,256.1,159.3,2105.0,40.7,11.9,36.0,29.0
Jhang,2024-11-06 20:00,288.545,247.7,153.2,1774.0,32.0,10.7,36.0,29.0
Jhang,2024-11-06 21:00,272.36,235.2,145.3,1466.0,24.4,9.9,39.0,28.0
Jhang,2024-11-06 22:00,255.97500000000002,222.1,137.4,1233.0,18.1,9.8,45.0,26.0
Jhang,2024-11-06 23:00,227.835,212.3,131.3,1023.0,12.9,10.2,52.0,23.0
Jhang,2024-11-07 00:00,223.765,202.1,124.3,903.0,8.5,11.1,64.0,20.0
Jhang,2024-11-07 01:00,223.86,200.7,123.4,948.0,10.6,11.8,65.0,19.0
Jhang,2024-11-07 02:00,221.22500000000002,201.2,123.9,1083.0,13.4,12.8,68.0,18.0
Jhang,2024-11-07 03:00,214.89,200.7,123.4,1148.0,14.4,13.6,79.0,19.0
Jhang,2024-11-07 04:00,201.74,199.8,122.0,1062.0,11.8,14.2,108.0,22.0
Jhang,2024-11-07 05:00,188.18,197.4,119.2,906.0,7.4,14.7,145.0,27.0
Jhang,2024-11-07 06:00,171.03000000000003,181.6,107.1,767.0,4.0,14.8,171.0,30.0
Jhang,2024-11-07 07:00,157.93999999999997,163.4,95.5,660.0,2.0,14.2,178.0,31.0
Jhang,2024-11-07 08:00,145.985,151.3,88.0,570.0,1.0,13.2,174.0,30.0
Jhang,2024-11-07 09:00,137.50000000000003,143.4,83.1,533.0,2.1,12.4,165.0,28.0
Jhang,2024-11-07 10:00,132.775,137.4,79.9,583.0,6.7,11.9,150.0,25.0
Jhang,2024-11-07 11:00,138.87500000000003,133.6,78.2,686.0,13.5,11.5,131.0,21.0
Jhang,2024-11-07 12:00,148.88499999999996,137.4,83.1,777.0,19.2,11.3,112.0,17.0
Jhang,2024-11-07 13:00,158.79999999999998,150.9,92.9,830.0,23.2,11.2,95.0,15.0
Jhang,2024-11-07 14:00,164.435,156.9,97.6,872.0,26.2,11.3,79.0,13.0
Jhang,2024-11-07 15:00,169.28500000000003,159.7,99.9,917.0,26.9,11.5,69.0,12.0
Jhang,2024-11-07 16:00,183.57000000000002,161.1,100.8,982.0,23.8,12.1,69.0,11.0
Jhelum,2024-11-06 16:00,189.43,116.9,79.9,1244.0,54.8,14.1,61.0,2.0
Jhelum,2024-11-06 17:00,196.38,123.9,85.0,1292.0,54.9,14.2,52.0,2.0
Jhelum,2024-11-06 18:00,196.63,125.3,86.1,1297.0,53.8,14.1,45.0,2.0
Jhelum,2024-11-06 19:00,187.75500000000002,122.5,84.3,1229.0,51.9,13.7,39.0,2.0
Jhelum,2024-11-06 20:00,174.455,119.7,82.4,1118.0,48.8,13.1,34.0,2.0
Jhelum,2024-11-06 21:00,163.39000000000001,117.1,80.6,1028.0,45.7,12.1,30.0,2.0
Jhelum,2024-11-06 22:00,155.41,113.9,78.5,971.0,43.0,10.6,26.0,2.0
Jhelum,2024-11-06 23:00,151.32000000000002,112.9,77.8,936.0,40.3,8.8,22.0,2.0
Jhelum,2024-11-07 00:00,156.20500000000004,105.5,72.2,954.0,33.2,7.8,25.0,2.0
Jhelum,2024-11-07 01:00,162.345,107.6,73.6,1092.0,34.3,7.0,19.0,2.0
Jhelum,2024-11-07 02:00,182.98,112.7,76.8,1284.0,35.3,6.1,12.0,2.0
Jhelum,2024-11-07 03:00,192.625,115.9,79.2,1360.0,33.2,6.2,21.0,3.0
Jhelum,2024-11-07 04:00,176.32,106.4,72.2,1206.0,24.8,8.5,62.0,6.0
Jhelum,2024-11-07 05:00,160.805,110.6,72.2,937.0,13.1,12.0,119.0,10.0
Jhelum,2024-11-07 06:00,165.66,129.5,81.3,725.0,4.5,14.4,162.0,14.0
Jhelum,2024-11-07 07:00,172.01500000000001,149.0,92.2,634.0,1.1,14.9,178.0,18.0
Jhelum,2024-11-07 08:00,176.33999999999997,164.4,100.6,601.0,0.6,14.4,180.0,22.0
Jhelum,2024-11-07 09:00,177.71,173.7,105.7,610.0,2.7,13.8,175.0,24.0
Jhelum,2024-11-07 10:00,175.98499999999999,178.3,108.5,663.0,8.2,13.1,162.0,24.0
Jhelum,2024-11-07 11:00,173.295,178.8,109.9,758.0,16.3,12.3,141.0,21.0
Jhelum,2024-11-07 12:00,180.09499999999997,185.8,115.0,870.0,23.3,12.0,122.0,20.0
Jhelum,2024-11-07 13:00,198.675,197.0,122.5,1014.0,28.2,12.7,109.0,20.0
Jhelum,2024-11-07 14:00,218.365,206.3,129.0,1175.0,32.0,13.9,98.0,21.0
Jhelum,2024-11-07 15:00,232.02000000000004,214.2,134.1,1284.0,34.7,14.9,88.0,21.0
Jhelum,2024-11-07 16:00,235.64000000000004,218.9,137.4,1307.0,36.1,15.5,79.0,20.0
Kasur,2024-11-06 16:00,307.48,271.0,166.2,1139.0,22.2,16.3,83.0,40.0
Kasur,2024-11-06 17:00,329.70500000000004,273.8,168.1,1158.0,21.9,16.3,70.0,40.0
Kasur,2024-11-06 18:00,340.67499999999995,271.0,166.2,1152.0,21.7,16.1,59.0,40.0
Kasur,2024-11-06 19:00,335.88,262.6,160.7,1114.0,22.3,15.4,49.0,40.0
Kasur,2024-11-06 20:00,320.13000000000005,257.0,156.9,1052.0,22.9,14.4,42.0,40.0
Kasur,2024-11-06 21:00,297.8200000000001,252.4,153.7,1002.0,22.6,13.9,40.0,38.0
Kasur,2024-11-06 22:00,268.23,243.1,148.5,973.0,20.5,14.2,46.0,34.0
Kasur,2024-11-06 23:00,240.53000000000003,235.2,143.9,956.0,17.4,14.9,57.0,29.0
Kasur,2024-11-07 00:00,232.96,229.6,141.1,958.0,10.7,16.3,76.0,24.0
Kasur,2024-11-07 01:00,222.555,225.8,139.7,1008.0,10.2,15.8,77.0,23.0
Kasur,2024-11-07 02:00,212.10500000000002,222.6,137.8,1078.0,9.4,15.1,80.0,21.0
Kasur,2024-11-07 03:00,209.69500000000002,218.4,135.0,1084.0,8.3,15.5,91.0,21.0
Kasur,2024-11-07 04:00,198.9,213.7,131.8,967.0,6.5,18.0,118.0,25.0
Kasur,2024-11-07 05:00,184.02500000000003,213.7,129.5,786.0,4.5,21.5,153.0,30.0
Kasur,2024-11-07 06:00,176.385,210.9,125.3,643.0,2.9,23.5,178.0,34.0
Kasur,2024-11-07 07:00,170.89499999999998,203.0,119.2,573.0,2.0,22.8,187.0,36.0
Kasur,2024-11-07 08:00,163.765,195.6,114.6,541.0,1.5,20.6,186.0,37.0
Kasur,2024-11-07 09:00,159.79999999999998,188.1,110.1,537.0,2.2,18.7,180.0,36.0
Kasur,2024-11-07 10:00,157.44500000000002,181.6,106.4,570.0,4.7,17.5,166.0,33.0
Kasur,2024-11-07 11:00,161.9,175.6,104.5,632.0,8.3,16.7,147.0,29.0
Kasur,2024-11-07 12:00,178.055,181.1,109.4,688.0,11.4,16.2,129.0,25.0
Kasur,2024-11-07 13:00,202.10000000000002,188.6,115.3,729.0,13.5,16.5,115.0,22.0
Kasur,2024-11-07 14:00,225.95499999999998,189.1,117.1,763.0,15.1,17.2,103.0,19.0
Kasur,2024-11-07 15:00,235.375,187.2,117.1,783.0,16.0,17.7,94.0,16.0
Kasur,2024-11-07 16:00,231.05500000000004,187.2,118.0,775.0,15.9,17.9,91.0,14.0
Khanewal,2024-11-06 16:00,260.46999999999997,207.2,129.5,1351.0,25.5,16.2,80.0,33.0
Khanewal,2024-11-06 17:00,285.71,207.7,130.9,1484.0,23.4,18.0,79.0,29.0
Khanewal,2024-11-06 18:00,301.5100000000001,211.4,132.7,1546.0,21.5,19.1,77.0,27.0
Khanewal,2024-11-06 19:00,300.81000000000006,211.9,132.2,1508.0,20.7,18.8,71.0,26.0
Khanewal,2024-11-06 20:00,293.7850000000001,210.9,131.3,1400.0,20.2,17.7,63.0,27.0
Khanewal,2024-11-06 21:00,288.59999999999997,204.4,127.6,1265.0,19.3,16.7,59.0,26.0
Khanewal,2024-11-06 22:00,260.95000000000005,192.8,121.1,1086.0,17.6,16.0,61.0,23.0
Khanewal,2024-11-06 23:00,223.47500000000005,183.0,115.0,880.0,15.4,15.3,66.0,19.0
Khanewal,2024-11-07 00:00,193.295,167.6,105.5,743.0,11.9,14.7,74.0,15.0
Khanewal,2024-11-07 01:00,179.95000000000002,163.4,102.7,740.0,12.1,14.1,72.0,15.0
Khanewal,2024-11-07 02:00,174.745,161.6,102.2,806.0,12.3,13.3,70.0,14.0
Khanewal,2024-11-07 03:00,175.58999999999997,159.3,100.6,837.0,11.5,12.9,76.0,14.0
Khanewal,2024-11-07 04:00,166.44000000000003,156.0,98.0,785.0,9.0,13.4,99.0,15.0
Khanewal,2024-11-07 05:00,152.61999999999998,149.5,92.2,697.0,5.5,14.2,129.0,17.0
Khanewal,2024-11-07 06:00,137.19,127.6,77.3,616.0,2.9,14.8,151.0,19.0
Khanewal,2024-11-07 07:00,121.91000000000003,109.7,65.4,546.0,1.7,14.8,156.0,20.0
Khanewal,2024-11-07 08:00,111.665,101.0,59.8,481.0,1.3,14.4,152.0,20.0
Khanewal,2024-11-07 09:00,105.34,93.4,55.1,448.0,1.7,13.8,144.0,19.0
Khanewal,2024-11-07 10:00,102.01499999999999,88.0,51.9,457.0,2.8,12.7,134.0,17.0
Khanewal,2024-11-07 11:00,102.72000000000001,83.8,49.5,498.0,4.7,11.4,122.0,13.0
Khanewal,2024-11-07 12:00,109.64,83.6,51.1,565.0,7.7,10.6,107.0,11.0
Khanewal,2024-11-07 13:00,129.43,95.7,59.3,679.0,13.0,10.8,90.0,11.0
Khanewal,2024-11-07 14:00,157.595,111.3,69.8,820.0,19.4,11.6,71.0,13.0
Khanewal,2024-11-07 15:00,180.25000000000003,126.2,80.3,916.0,24.1,12.1,55.0,14.0
Khanewal,2024-11-07 16:00,202.02,134.6,86.8,936.0,26.1,12.0,45.0,13.0
Khushab,2024-11-06 16:00,199.41000000000005,214.2,128.1,641.0,7.3,11.7,127.0,35.0
Khushab,2024-11-06 17:00,211.35,214.7,128.1,659.0,7.4,11.4,120.0,35.0
Khushab,2024-11-06 18:00,221.435,213.7,127.6,683.0,7.5,11.1,114.0,34.0
Khushab,2024-11-06 19:00,226.04,210.9,126.2,708.0,7.6,10.7,108.0,33.0
Khushab,2024-11-06 20:00,229.57000000000005,208.2,124.3,737.0,7.7,10.2,102.0,33.0
Khushab,2024-11-06 21:00,232.54,204.4,122.5,789.0,7.9,9.6,94.0,31.0
Khushab,2024-11-06 22:00,234.46,192.8,117.3,881.0,8.3,8.8,83.0,27.0
Khushab,2024-11-06 23:00,234.605,186.3,114.3,995.0,8.8,8.0,70.0,21.0
Khushab,2024-11-07 00:00,239.42000000000002,197.4,122.5,1097.0,8.3,7.9,62.0,16.0
Khushab,2024-11-07 01:00,245.00000000000003,201.6,125.3,1201.0,8.6,8.3,59.0,16.0
Khushab,2024-11-07 02:00,251.43,205.4,128.1,1294.0,8.9,8.8,57.0,16.0
Khushab,2024-11-07 03:00,250.98500000000004,210.9,131.8,1300.0,8.5,9.8,66.0,17.0
Khushab,2024-11-07 04:00,240.85999999999999,219.8,136.9,1148.0,6.9,11.7,96.0,22.0
Khushab,2024-11-07 05:00,221.66000000000003,226.3,138.8,910.0,4.7,14.0,137.0,28.0
Khushab,2024-11-07 06:00,199.69000000000003,214.7,129.5,720.0,2.9,15.4,167.0,33.0
Khushab,2024-11-07 07:00,186.87999999999997,199.8,118.5,636.0,2.0,14.9,177.0,36.0
Khushab,2024-11-07 08:00,179.42,187.7,110.6,601.0,1.5,13.5,178.0,37.0
Khushab,2024-11-07 09:00,173.51,176.5,103.8,578.0,1.3,12.4,175.0,36.0
Khushab,2024-11-07 10:00,168.93499999999997,167.6,98.5,551.0,1.4,12.1,172.0,33.0
Khushab,2024-11-07 11:00,166.20999999999998,161.6,95.2,535.0,1.9,12.0,167.0,28.0
Khushab,2024-11-07 12:00,163.82,154.1,92.2,543.0,2.6,11.9,159.0,23.0
Khushab,2024-11-07 13:00,168.35000000000002,151.3,92.2,587.0,3.9,11.5,147.0,19.0
Khushab,2024-11-07 14:00,179.67,156.9,96.6,655.0,5.6,11.1,132.0,15.0
Khushab,2024-11-07 15:00,191.09,166.2,103.1,721.0,6.7,11.1,121.0,13.0
Khushab,2024-11-07 16:00,200.03500000000003,177.0,110.4,779.0,6.9,11.6,118.0,12.0
Lahore,2024-11-06 16:00,858.7300000000001,320.4,202.6,6983.0,153.0,38.8,12.0,33.0
Lahore,2024-11-06 17:00,744.3849999999999,326.0,206.3,5829.0,150.2,38.3,4.0,33.0
Lahore,2024-11-06 18:00,642.905,324.1,205.4,4840.0,141.8,36.6,0.0,32.0
Lahore,2024-11-06 19:00,595.13,314.8,198.8,4430.0,126.0,32.8,1.0,29.0
Lahore,2024-11-06 20:00,559.76,296.2,187.2,4185.0,104.6,27.7,7.0,25.0
Lahore,2024-11-06 21:00,508.57500000000005,271.9,172.8,3799.0,84.6,23.6,14.0,21.0
Lahore,2024-11-06 22:00,417.235,244.9,158.3,3011.0,66.7,21.3,23.0,18.0
Lahore,2024-11-06 23:00,314.38500000000005,223.5,146.7,2082.0,50.3,19.9,33.0,16.0
Lahore,2024-11-07 00:00,247.08000000000004,208.6,137.4,1487.0,30.2,18.0,48.0,15.0
Lahore,2024-11-07 01:00,251.70500000000004,198.8,131.3,1571.0,35.6,17.4,43.0,14.0
Lahore,2024-11-07 02:00,291.38499999999993,191.9,127.1,1990.0,42.7,16.8,39.0,13.0
Lahore,2024-11-07 03:00,311.83,190.5,124.8,2188.0,45.1,17.4,50.0,14.0
Lahore,2024-11-07 04:00,283.71999999999997,192.8,124.3,1865.0,38.7,20.4,92.0,18.0
Lahore,2024-11-07 05:00,235.91,199.3,125.7,1320.0,27.6,24.7,149.0,23.0
Lahore,2024-11-07 06:00,202.495,213.7,131.3,898.0,18.5,28.2,195.0,27.0
Lahore,2024-11-07 07:00,183.615,222.1,135.0,661.0,10.2,30.1,223.0,28.0
Lahore,2024-11-07 08:00,171.94500000000002,219.3,134.1,546.0,3.9,31.1,239.0,28.0
Lahore,2024-11-07 09:00,186.48500000000004,214.2,131.8,706.0,8.9,31.5,235.0,28.0
Lahore,2024-11-07 10:00,236.435,210.5,129.5,1216.0,35.9,31.0,200.0,27.0
Lahore,2024-11-07 11:00,315.475,210.9,130.9,2001.0,74.3,29.8,145.0,26.0
Lahore,2024-11-07 12:00,421.425,227.2,143.0,2995.0,102.1,28.6,100.0,24.0
Lahore,2024-11-07 13:00,577.42,241.2,153.2,4512.0,109.4,27.6,74.0,21.0
Lahore,2024-11-07 14:00,749.14,244.9,156.5,6236.0,106.2,26.6,57.0,18.0
Lahore,2024-11-07 15:00,833.9150000000001,232.4,149.5,7156.0,99.8,25.2,46.0,15.0
Lahore,2024-11-07 16:00,775.3550000000001,217.9,140.6,6649.0,92.4,23.2,40.0,13.0
Layyah,2024-11-06 16:00,233.50500000000002,173.7,105.2,841.0,10.2,9.1,84.0,25.0
Layyah,2024-11-06 17:00,258.445,176.5,107.1,841.0,11.3,10.7,79.0,27.0
Layyah,2024-11-06 18:00,268.205,177.9,107.8,828.0,12.2,12.2,75.0,28.0
Layyah,2024-11-06 19:00,249.335,176.0,106.6,792.0,12.6,13.5,71.0,28.0
Layyah,2024-11-06 20:00,219.89000000000001,176.5,107.1,743.0,12.8,14.6,68.0,27.0
Layyah,2024-11-06 21:00,210.755,177.0,107.8,727.0,13.2,15.4,64.0,27.0
Layyah,2024-11-06 22:00,203.725,178.3,108.7,771.0,13.9,15.7,60.0,27.0
Layyah,2024-11-06 23:00,196.56500000000003,180.2,110.4,848.0,14.7,15.6,55.0,26.0
Layyah,2024-11-07 00:00,188.81,164.8,101.5,921.0,11.4,17.5,58.0,20.0
Layyah,2024-11-07 01:00,198.14,168.6,103.8,996.0,12.8,16.4,51.0,20.0
Layyah,2024-11-07 02:00,214.235,177.9,110.1,1067.0,14.5,15.0,43.0,21.0
Layyah,2024-11-07 03:00,222.12000000000003,184.9,115.3,1082.0,14.5,14.7,47.0,21.0
Layyah,2024-11-07 04:00,203.775,176.0,109.7,999.0,11.2,16.6,76.0,22.0
Layyah,2024-11-07 05:00,182.35500000000002,170.0,105.0,860.0,6.3,19.5,117.0,23.0
Layyah,2024-11-07 06:00,167.24,160.2,98.0,735.0,2.6,21.5,149.0,23.0
Layyah,2024-11-07 07:00,152.125,145.8,88.2,646.0,1.3,21.8,162.0,23.0
Layyah,2024-11-07 08:00,137.01,133.2,80.1,570.0,1.2,21.1,166.0,22.0
Layyah,2024-11-07 09:00,132.875,124.3,74.5,517.0,1.5,20.2,165.0,20.0
Layyah,2024-11-07 10:00,134.33,116.6,70.1,488.0,1.8,18.9,160.0,17.0
Layyah,2024-11-07 11:00,139.855,110.8,66.8,482.0,2.6,17.2,150.0,14.0
Layyah,2024-11-07 12:00,146.815,104.8,64.5,495.0,4.3,16.0,139.0,12.0
Layyah,2024-11-07 13:00,160.235,107.6,66.6,536.0,7.4,15.7,126.0,12.0
Layyah,2024-11-07 14:00,176.09000000000003,114.3,71.2,598.0,11.4,15.8,112.0,13.0
Layyah,2024-11-07 15:00,187.825,126.2,79.6,656.0,15.1,15.7,97.0,14.0
Layyah,2024-11-07 16:00,191.91499999999996,137.4,87.3,709.0,18.9,15.4,82.0,14.0
Lodhran,2024-11-06 16:00,277.61,204.4,126.7,1787.0,28.9,23.5,80.0,29.0
Lodhran,2024-11-06 17:00,305.19,206.3,127.6,2063.0,27.3,22.7,76.0,29.0
Lodhran,2024-11-06 18:00,313.365,202.6,125.3,2167.0,25.2,21.6,73.0,29.0
Lodhran,2024-11-06 19:00,288.9,192.8,118.7,1971.0,23.1,20.1,70.0,29.0
Lodhran,2024-11-06 20:00,257.985,183.0,112.5,1604.0,20.6,18.4,68.0,28.0
Lodhran,2024-11-06 21:00,239.90000000000003,173.7,106.4,1301.0,18.0,16.6,66.0,26.0
Lodhran,2024-11-06 22:00,220.05,161.6,99.4,1163.0,15.3,14.8,64.0,22.0
Lodhran,2024-11-06 23:00,201.275,146.7,91.0,1090.0,12.6,13.0,62.0,17.0
Lodhran,2024-11-07 00:00,191.32,136.4,85.2,1020.0,10.0,12.1,65.0,12.0
Lodhran,2024-11-07 01:00,190.39499999999998,131.8,82.0,937.0,10.1,11.8,64.0,12.0
Lodhran,2024-11-07 02:00,194.345,130.9,81.7,856.0,10.1,11.4,64.0,12.0
Lodhran,2024-11-07 03:00,191.66,129.0,80.1,762.0,9.3,11.3,70.0,12.0
Lodhran,2024-11-07 04:00,171.25499999999997,124.8,77.3,635.0,7.0,11.6,88.0,13.0
Lodhran,2024-11-07 05:00,140.35500000000002,119.2,72.4,495.0,4.0,12.2,113.0,15.0
Lodhran,2024-11-07 06:00,115.63000000000001,102.4,61.0,387.0,1.7,12.6,131.0,17.0
Lodhran,2024-11-07 07:00,103.06500000000001,91.5,53.0,324.0,0.7,12.7,137.0,19.0
Lodhran,2024-11-07 08:00,93.45000000000002,82.2,46.8,293.0,0.5,12.6,136.0,20.0
Lodhran,2024-11-07 09:00,87.63499999999999,75.7,42.8,294.0,1.3,12.3,132.0,20.0
Lodhran,2024-11-07 10:00,85.065,71.0,40.0,321.0,3.0,11.7,126.0,18.0
Lodhran,2024-11-07 11:00,86.67,68.9,39.2,381.0,5.7,10.9,117.0,15.0
Lodhran,2024-11-07 12:00,92.44000000000001,72.4,43.2,498.0,10.2,10.6,105.0,13.0
Lodhran,2024-11-07 13:00,120.04500000000002,85.0,51.8,726.0,17.9,11.1,88.0,13.0
Lodhran,2024-11-07 14:00,155.0,101.3,63.1,1011.0,27.4,11.9,68.0,14.0
Lodhran,2024-11-07 15:00,181.245,117.3,74.3,1209.0,34.9,12.6,52.0,15.0
Lodhran,2024-11-07 16:00,188.56500000000003,129.0,82.2,1237.0,39.1,13.0,41.0,16.0
Mandi Bahuddin,2024-11-06 16:00,243.96,241.2,153.7,1002.0,23.3,13.4,79.0,22.0
Mandi Bahuddin,2024-11-06 17:00,253.64999999999998,254.3,162.1,1120.0,23.4,13.4,71.0,22.0
Mandi Bahuddin,2024-11-06 18:00,259.435,260.8,166.2,1223.0,23.1,13.2,63.0,22.0
Mandi Bahuddin,2024-11-06 19:00,258.535,252.4,160.7,1293.0,22.4,12.5,54.0,21.0
Mandi Bahuddin,2024-11-06 20:00,253.38000000000002,236.1,151.3,1346.0,21.2,11.5,45.0,18.0
Mandi Bahuddin,2024-11-06 21:00,246.33,215.1,139.2,1391.0,19.9,10.7,39.0,16.0
Mandi Bahuddin,2024-11-06 22:00,239.89499999999998,192.8,127.1,1426.0,18.4,10.1,35.0,13.0
Mandi Bahuddin,2024-11-06 23:00,235.91500000000005,177.0,118.3,1451.0,16.8,9.7,34.0,10.0
Mandi Bahuddin,2024-11-07 00:00,237.50500000000005,182.5,120.1,1478.0,14.9,10.7,39.0,11.0
Mandi Bahuddin,2024-11-07 01:00,236.09999999999997,180.2,119.0,1539.0,14.6,10.1,37.0,10.0
Mandi Bahuddin,2024-11-07 02:00,243.225,183.0,121.5,1601.0,14.0,9.5,35.0,9.0
Mandi Bahuddin,2024-11-07 03:00,242.07999999999998,183.0,122.5,1575.0,12.9,10.7,47.0,10.0
Mandi Bahuddin,2024-11-07 04:00,228.71500000000003,189.5,125.3,1379.0,10.7,15.6,83.0,13.0
Mandi Bahuddin,2024-11-07 05:00,212.18,207.2,132.7,1096.0,7.9,22.2,133.0,18.0
Mandi Bahuddin,2024-11-07 06:00,200.015,222.1,139.2,877.0,5.6,27.0,173.0,23.0
Mandi Bahuddin,2024-11-07 07:00,196.70999999999998,232.4,143.4,785.0,4.0,28.1,195.0,27.0
Mandi Bahuddin,2024-11-07 08:00,196.18000000000004,235.2,143.9,759.0,2.9,27.2,208.0,31.0
Mandi Bahuddin,2024-11-07 09:00,196.75500000000002,234.2,142.5,766.0,2.8,26.1,213.0,33.0
Mandi Bahuddin,2024-11-07 10:00,198.84,231.9,141.1,800.0,4.2,25.1,208.0,33.0
Mandi Bahuddin,2024-11-07 11:00,203.645,229.6,140.2,868.0,6.5,23.7,195.0,31.0
Mandi Bahuddin,2024-11-07 12:00,213.04000000000002,233.3,143.4,960.0,8.9,22.8,178.0,29.0
Mandi Bahuddin,2024-11-07 13:00,228.09000000000003,243.1,150.4,1086.0,11.3,22.7,158.0,27.0
Mandi Bahuddin,2024-11-07 14:00,244.07000000000002,249.6,156.0,1236.0,13.8,23.0,134.0,26.0
Mandi Bahuddin,2024-11-07 15:00,258.53999999999996,254.3,160.2,1377.0,15.5,22.9,114.0,24.0
Mandi Bahuddin,2024-11-07 16:00,271.62499999999994,255.2,162.1,1517.0,16.0,22.0,99.0,22.0
Mianwali,2024-11-06 16:00,193.46500000000003,202.6,121.5,972.0,15.4,11.8,100.0,35.0
Mianwali,2024-11-06 17:00,202.51999999999998,202.1,121.5,1071.0,15.0,11.7,94.0,34.0
Mianwali,2024-11-06 18:00,207.75500000000002,198.8,119.7,1113.0,14.2,11.5,89.0,33.0
Mianwali,2024-11-06 19:00,201.725,191.9,114.8,1053.0,13.0,11.0,86.0,32.0
Mianwali,2024-11-06 20:00,190.065,183.9,109.9,935.0,11.5,10.4,85.0,31.0
Mianwali,2024-11-06 21:00,179.95000000000002,177.4,105.2,842.0,10.2,9.7,83.0,30.0
Mianwali,2024-11-06 22:00,172.625,169.5,100.6,801.0,9.4,8.9,78.0,28.0
Mianwali,2024-11-06 23:00,165.77,160.2,95.0,784.0,8.8,8.0,71.0,25.0
Mianwali,2024-11-07 00:00,161.56999999999996,153.7,91.7,792.0,8.7,6.5,56.0,19.0
Mianwali,2024-11-07 01:00,164.005,149.5,88.9,851.0,9.9,6.0,47.0,18.0
Mianwali,2024-11-07 02:00,170.57500000000002,150.9,90.3,935.0,11.5,5.5,37.0,16.0
Mianwali,2024-11-07 03:00,175.085,156.5,94.3,969.0,11.7,5.8,40.0,17.0
Mianwali,2024-11-07 04:00,176.53,173.7,104.5,907.0,9.4,7.7,70.0,22.0
Mianwali,2024-11-07 05:00,179.80500000000004,205.4,123.4,794.0,5.7,10.5,113.0,30.0
Mianwali,2024-11-07 06:00,174.33,212.8,127.1,697.0,2.9,12.7,147.0,35.0
Mianwali,2024-11-07 07:00,165.24999999999997,204.0,121.5,635.0,1.7,13.7,162.0,37.0
Mianwali,2024-11-07 08:00,156.405,193.2,114.8,587.0,1.3,14.1,167.0,36.0
Mianwali,2024-11-07 09:00,150.135,184.9,109.9,559.0,1.5,14.1,167.0,34.0
Mianwali,2024-11-07 10:00,145.34,177.0,105.2,552.0,2.2,13.6,161.0,30.0
Mianwali,2024-11-07 11:00,142.47,169.0,101.0,564.0,3.4,12.6,150.0,24.0
Mianwali,2024-11-07 12:00,140.405,159.7,96.6,595.0,5.0,11.8,138.0,20.0
Mianwali,2024-11-07 13:00,145.80999999999995,160.2,97.1,657.0,7.3,11.4,126.0,19.0
Mianwali,2024-11-07 14:00,153.69500000000002,161.6,98.5,737.0,10.0,11.2,114.0,19.0
Mianwali,2024-11-07 15:00,160.15000000000003,164.4,101.0,797.0,11.8,10.8,103.0,19.0
Mianwali,2024-11-07 16:00,161.88500000000002,164.8,102.0,822.0,12.1,10.2,93.0,17.0
Multan,2024-11-06 16:00,267.79499999999996,156.5,97.1,1157.0,15.4,14.8,91.0,19.0
Multan,2024-11-06 17:00,306.42,146.7,91.3,1123.0,12.8,13.5,91.0,16.0
Multan,2024-11-06 18:00,324.94000000000005,136.0,84.8,1112.0,10.6,12.7,90.0,13.0
Multan,2024-11-06 19:00,306.58000000000004,122.5,76.4,1163.0,9.2,12.6,87.0,11.0
Multan,2024-11-06 20:00,269.48,111.5,69.6,1236.0,8.2,13.0,84.0,10.0
Multan,2024-11-06 21:00,238.06000000000003,103.1,64.3,1300.0,7.5,13.4,80.0,9.0
Multan,2024-11-06 22:00,221.14,96.9,60.3,1348.0,7.2,13.7,75.0,8.0
Multan,2024-11-06 23:00,210.01000000000005,92.2,57.3,1385.0,7.3,14.0,69.0,7.0
Multan,2024-11-07 00:00,201.285,89.6,55.4,1399.0,8.4,13.7,62.0,8.0
Multan,2024-11-07 01:00,200.58500000000004,90.3,55.8,1401.0,9.4,13.2,56.0,8.0
Multan,2024-11-07 02:00,204.855,95.7,59.8,1378.0,10.8,12.6,49.0,7.0
Multan,2024-11-07 03:00,207.01500000000001,98.3,61.5,1284.0,10.9,12.3,51.0,8.0
Multan,2024-11-07 04:00,190.48000000000002,96.4,59.6,1054.0,8.8,12.7,69.0,11.0
Multan,2024-11-07 05:00,170.505,96.6,58.4,752.0,5.5,13.4,96.0,15.0
Multan,2024-11-07 06:00,148.70499999999998,97.6,57.7,520.0,2.9,13.4,117.0,18.0
Multan,2024-11-07 07:00,131.28,96.4,56.2,424.0,1.6,12.2,128.0,20.0
Multan,2024-11-07 08:00,116.77499999999999,90.8,52.6,398.0,1.1,10.3,134.0,21.0
Multan,2024-11-07 09:00,109.50000000000001,84.1,48.5,392.0,1.6,8.7,135.0,21.0
Multan,2024-11-07 10:00,113.59,79.9,46.2,382.0,3.1,7.6,130.0,19.0
Multan,2024-11-07 11:00,124.81,77.5,45.1,392.0,5.6,6.9,121.0,17.0
Multan,2024-11-07 12:00,137.565,82.0,49.5,442.0,9.7,6.8,109.0,15.0
Multan,2024-11-07 13:00,153.89500000000004,98.7,61.0,548.0,16.7,7.8,93.0,15.0
Multan,2024-11-07 14:00,172.60999999999999,118.5,74.7,694.0,25.2,9.4,75.0,15.0
Multan,2024-11-07 15:00,190.97000000000003,136.0,86.6,847.0,32.5,11.2,59.0,15.0
Multan,2024-11-07 16:00,209.51500000000004,149.9,96.4,1013.0,37.3,13.1,48.0,15.0
Muzaffargarh,2024-11-06 16:00,239.73000000000002,173.7,108.0,1543.0,20.3,26.1,85.0,17.0
Muzaffargarh,2024-11-06 17:00,268.22,173.2,108.3,1412.0,18.4,24.2,81.0,15.0
Muzaffargarh,2024-11-06 18:00,297.64000000000004,168.6,105.7,1334.0,16.5,22.0,77.0,14.0
Muzaffargarh,2024-11-06 19:00,282.4800000000001,159.3,99.9,1408.0,14.8,19.5,74.0,13.0
Muzaffargarh,2024-11-06 20:00,245.48000000000005,150.9,94.8,1534.0,13.0,16.5,71.0,12.0
Muzaffargarh,2024-11-06 21:00,229.70500000000004,143.9,90.3,1606.0,11.9,14.2,68.0,11.0
Muzaffargarh,2024-11-06 22:00,222.15500000000003,138.8,87.3,1558.0,11.6,12.9,63.0,10.0
Muzaffargarh,2024-11-06 23:00,209.85999999999999,135.0,85.2,1456.0,12.0,12.1,57.0,10.0
Muzaffargarh,2024-11-07 00:00,200.26,129.0,81.3,1385.0,11.3,12.4,58.0,9.0
Muzaffargarh,2024-11-07 01:00,202.425,129.9,81.7,1409.0,13.9,11.9,49.0,9.0
Muzaffargarh,2024-11-07 02:00,210.09,136.0,86.4,1464.0,17.4,11.3,39.0,9.0
Muzaffargarh,2024-11-07 03:00,212.42,143.4,91.7,1451.0,18.5,11.7,41.0,10.0
Muzaffargarh,2024-11-07 04:00,197.775,136.4,86.1,1304.0,15.0,13.6,68.0,11.0
Muzaffargarh,2024-11-07 05:00,179.50500000000002,131.8,82.4,1089.0,9.3,16.5,107.0,13.0
Muzaffargarh,2024-11-07 06:00,164.85,125.3,77.3,900.0,4.8,19.5,140.0,15.0
Muzaffargarh,2024-11-07 07:00,155.785,122.0,74.5,766.0,2.9,22.9,159.0,17.0
Muzaffargarh,2024-11-07 08:00,145.95,120.1,73.1,657.0,2.3,26.4,170.0,18.0
Muzaffargarh,2024-11-07 09:00,138.57,116.2,70.5,585.0,3.1,28.9,175.0,19.0
Muzaffargarh,2024-11-07 10:00,133.64499999999998,110.4,67.1,552.0,5.2,29.7,172.0,18.0
Muzaffargarh,2024-11-07 11:00,139.3,107.1,65.2,555.0,8.7,29.6,163.0,17.0
Muzaffargarh,2024-11-07 12:00,145.68499999999997,112.0,69.4,593.0,13.5,29.1,149.0,16.0
Muzaffargarh,2024-11-07 13:00,158.70000000000002,123.4,77.1,683.0,20.7,28.4,127.0,15.0
Muzaffargarh,2024-11-07 14:00,185.74499999999998,136.4,86.4,809.0,29.2,27.3,101.0,15.0
Muzaffargarh,2024-11-07 15:00,201.21500000000006,150.4,95.9,923.0,35.5,26.6,79.0,15.0
Muzaffargarh,2024-11-07 16:00,213.57000000000002,162.5,104.3,1030.0,37.8,26.7,65.0,15.0
Nankana Sahib,2024-11-06 16:00,264.6,278.5,171.4,1341.0,43.5,24.0,70.0,42.0
Nankana Sahib,2024-11-06 17:00,257.89,288.7,177.4,1222.0,49.6,24.4,54.0,42.0
Nankana Sahib,2024-11-06 18:00,249.465,293.4,180.7,1112.0,53.8,24.2,42.0,42.0
Nankana Sahib,2024-11-06 19:00,237.555,292.4,179.7,1033.0,56.0,23.3,34.0,42.0
Nankana Sahib,2024-11-06 20:00,228.575,289.6,177.4,962.0,56.3,21.8,29.0,42.0
Nankana Sahib,2024-11-06 21:00,221.66,282.2,172.8,930.0,53.8,20.4,28.0,40.0
Nankana Sahib,2024-11-06 22:00,218.705,268.2,164.8,964.0,46.9,19.2,33.0,36.0
Nankana Sahib,2024-11-06 23:00,218.73000000000002,252.4,156.0,1035.0,37.2,18.0,42.0,31.0
Nankana Sahib,2024-11-07 00:00,216.76,235.2,147.1,1089.0,16.9,17.0,68.0,25.0
Nankana Sahib,2024-11-07 01:00,216.45500000000004,227.7,143.0,1118.0,15.6,15.9,69.0,23.0
Nankana Sahib,2024-11-07 02:00,213.905,218.9,138.3,1129.0,13.7,14.5,72.0,20.0
Nankana Sahib,2024-11-07 03:00,213.09500000000003,213.7,134.1,1092.0,11.6,14.8,84.0,19.0
Nankana Sahib,2024-11-07 04:00,203.00000000000003,208.6,129.9,967.0,9.0,18.5,113.0,22.0
Nankana Sahib,2024-11-07 05:00,188.52500000000003,207.7,127.6,793.0,6.2,23.9,152.0,28.0
Nankana Sahib,2024-11-07 06:00,175.23499999999999,212.8,127.1,659.0,4.1,28.2,181.0,32.0
Nankana Sahib,2024-11-07 07:00,168.89499999999998,212.3,126.2,595.0,2.8,30.5,196.0,34.0
Nankana Sahib,2024-11-07 08:00,164.565,206.3,122.5,569.0,2.3,31.7,202.0,35.0
Nankana Sahib,2024-11-07 09:00,162.39999999999998,199.3,118.5,577.0,3.2,31.7,199.0,34.0
Nankana Sahib,2024-11-07 10:00,164.345,192.8,114.8,636.0,5.7,29.9,184.0,32.0
Nankana Sahib,2024-11-07 11:00,169.33499999999998,186.7,112.7,728.0,9.7,26.8,161.0,29.0
Nankana Sahib,2024-11-07 12:00,175.89999999999998,190.9,116.6,792.0,15.7,24.2,138.0,25.0
Nankana Sahib,2024-11-07 13:00,178.85000000000002,201.2,123.9,787.0,26.3,22.8,116.0,21.0
Nankana Sahib,2024-11-07 14:00,177.68499999999997,202.6,127.6,753.0,38.9,21.8,94.0,17.0
Nankana Sahib,2024-11-07 15:00,177.645,204.0,129.5,752.0,46.3,20.9,78.0,14.0
Nankana Sahib,2024-11-07 16:00,182.79500000000002,204.9,131.3,822.0,44.3,20.0,73.0,12.0
Narowal,2024-11-06 16:00,211.35500000000002,188.6,122.9,1117.0,36.2,17.5,72.0,10.0
Narowal,2024-11-06 17:00,215.96500000000003,179.7,117.6,1161.0,28.1,16.1,76.0,8.0
Narowal,2024-11-06 18:00,214.26000000000002,171.4,111.8,1163.0,21.1,14.7,79.0,7.0
Narowal,2024-11-06 19:00,202.78,163.0,106.2,1095.0,17.1,13.6,77.0,7.0
Narowal,2024-11-06 20:00,186.19500000000002,156.0,101.3,986.0,14.2,12.6,74.0,7.0
Narowal,2024-11-06 21:00,170.455,148.1,96.4,897.0,12.1,11.8,71.0,7.0
Narowal,2024-11-06 22:00,158.185,142.5,92.4,853.0,10.4,11.0,67.0,7.0
Narowal,2024-11-06 23:00,149.31500000000003,136.9,88.5,829.0,9.5,10.4,64.0,6.0
Narowal,2024-11-07 00:00,147.59500000000003,135.5,87.8,813.0,9.8,10.5,63.0,7.0
Narowal,2024-11-07 01:00,148.03500000000003,133.6,86.4,810.0,12.7,10.3,58.0,6.0
Narowal,2024-11-07 02:00,150.82000000000002,133.2,86.6,815.0,16.4,10.1,53.0,6.0
Narowal,2024-11-07 03:00,151.20499999999998,133.2,86.6,798.0,17.7,11.0,62.0,6.0
Narowal,2024-11-07 04:00,146.05,132.2,85.4,733.0,14.0,14.0,98.0,9.0
Narowal,2024-11-07 05:00,141.145,138.3,87.8,647.0,7.8,18.0,148.0,13.0
Narowal,2024-11-07 06:00,149.695,154.1,96.4,584.0,3.1,20.8,185.0,16.0
Narowal,2024-11-07 07:00,157.94500000000002,167.6,103.8,560.0,1.0,21.4,199.0,18.0
Narowal,2024-11-07 08:00,160.93000000000004,173.2,106.9,559.0,0.5,20.8,199.0,20.0
Narowal,2024-11-07 09:00,163.205,174.2,107.6,585.0,2.5,20.1,194.0,21.0
Narowal,2024-11-07 10:00,165.07500000000002,173.7,107.1,645.0,8.2,19.7,183.0,21.0
Narowal,2024-11-07 11:00,170.72,173.7,107.3,731.0,16.4,19.1,166.0,20.0
Narowal,2024-11-07 12:00,186.255,183.9,114.8,826.0,24.4,18.7,146.0,19.0
Narowal,2024-11-07 13:00,204.975,197.0,124.3,944.0,32.0,18.5,121.0,18.0
Narowal,2024-11-07 14:00,222.60000000000002,206.3,131.3,1070.0,39.4,18.4,93.0,17.0
Narowal,2024-11-07 15:00,231.44,209.1,134.1,1147.0,44.2,18.1,70.0,16.0
Narowal,2024-11-07 16:00,227.51499999999996,207.7,133.6,1130.0,45.2,17.6,57.0,15.0
Okara,2024-11-06 16:00,227.34,237.0,142.5,848.0,29.7,15.5,73.0,42.0
Okara,2024-11-06 17:00,228.91500000000002,238.4,144.4,861.0,30.8,15.1,62.0,40.0
Okara,2024-11-06 18:00,235.81500000000003,237.0,143.4,868.0,30.6,14.5,54.0,37.0
Okara,2024-11-06 19:00,238.71500000000003,231.4,140.2,868.0,28.5,13.6,51.0,35.0
Okara,2024-11-06 20:00,237.26000000000005,224.4,136.4,861.0,25.1,12.6,51.0,32.0
Okara,2024-11-06 21:00,232.4,219.8,133.6,856.0,21.7,12.0,53.0,29.0
Okara,2024-11-06 22:00,221.63500000000002,216.1,132.2,858.0,18.6,12.1,55.0,26.0
Okara,2024-11-06 23:00,207.44000000000003,212.8,130.9,862.0,15.7,12.5,58.0,23.0
Okara,2024-11-07 00:00,194.27000000000004,206.8,128.5,862.0,11.2,13.5,66.0,18.0
Okara,2024-11-07 01:00,190.535,204.4,127.6,865.0,11.6,13.1,64.0,16.0
Okara,2024-11-07 02:00,191.95500000000004,201.2,126.2,865.0,12.1,12.7,62.0,14.0
Okara,2024-11-07 03:00,190.34,195.1,122.0,838.0,11.6,12.8,73.0,14.0
Okara,2024-11-07 04:00,182.76500000000001,192.8,119.2,760.0,9.1,14.1,108.0,19.0
Okara,2024-11-07 05:00,172.46000000000004,186.7,113.2,655.0,5.6,15.9,156.0,26.0
Okara,2024-11-07 06:00,162.75,183.5,107.1,566.0,2.9,16.8,189.0,31.0
Okara,2024-11-07 07:00,155.43,174.6,101.0,508.0,1.5,15.7,196.0,33.0
Okara,2024-11-07 08:00,148.055,165.3,95.5,467.0,1.0,13.6,189.0,33.0
Okara,2024-11-07 09:00,142.45499999999998,156.9,90.3,447.0,1.8,12.0,179.0,33.0
Okara,2024-11-07 10:00,139.92499999999998,150.9,86.8,452.0,4.4,11.3,169.0,32.0
Okara,2024-11-07 11:00,140.04,148.1,85.4,478.0,8.3,11.0,156.0,30.0
Okara,2024-11-07 12:00,145.24999999999997,153.7,90.1,514.0,13.0,11.1,140.0,28.0
Okara,2024-11-07 13:00,154.35500000000002,165.8,98.7,563.0,19.7,11.6,117.0,27.0
Okara,2024-11-07 14:00,164.74,179.3,108.3,622.0,27.0,12.4,91.0,27.0
Okara,2024-11-07 15:00,172.2,188.6,115.5,675.0,30.7,13.2,74.0,25.0
Okara,2024-11-07 16:00,175.01,184.9,115.0,715.0,27.5,13.7,73.0,21.0
Pakpattan,2024-11-06 16:00,201.34500000000003,247.7,153.2,864.0,38.9,15.1,51.0,41.0
Pakpattan,2024-11-06 17:00,204.48499999999999,257.0,160.2,849.0,41.9,15.2,38.0,40.0
Pakpattan,2024-11-06 18:00,203.16,259.8,162.5,832.0,44.2,15.1,28.0,39.0
Pakpattan,2024-11-06 19:00,198.34,254.3,159.3,826.0,46.2,14.6,20.0,39.0
Pakpattan,2024-11-06 20:00,195.495,250.5,156.5,818.0,47.5,13.7,15.0,39.0
Pakpattan,2024-11-06 21:00,190.99000000000004,244.9,152.7,801.0,46.8,12.7,13.0,38.0
Pakpattan,2024-11-06 22:00,181.70999999999998,235.2,146.2,758.0,43.2,11.3,13.0,33.0
Pakpattan,2024-11-06 23:00,166.855,213.3,133.6,705.0,37.8,9.6,17.0,26.0
Pakpattan,2024-11-07 00:00,159.39499999999995,186.3,116.6,683.0,22.7,9.0,38.0,19.0
Pakpattan,2024-11-07 01:00,162.935,179.3,111.5,733.0,20.4,9.0,44.0,18.0
Pakpattan,2024-11-07 02:00,174.57,177.0,109.9,813.0,17.2,9.0,53.0,17.0
Pakpattan,2024-11-07 03:00,180.00999999999996,175.1,108.0,847.0,13.7,9.6,70.0,17.0
Pakpattan,2024-11-07 04:00,174.23000000000002,173.7,106.4,787.0,9.9,11.3,101.0,20.0
Pakpattan,2024-11-07 05:00,161.73000000000002,169.0,101.3,679.0,5.9,13.5,140.0,23.0
Pakpattan,2024-11-07 06:00,145.81,149.9,88.0,585.0,2.9,14.9,166.0,26.0
Pakpattan,2024-11-07 07:00,130.43499999999997,129.0,75.2,515.0,1.5,14.9,171.0,26.0
Pakpattan,2024-11-07 08:00,119.82500000000002,115.3,66.8,459.0,1.1,14.1,165.0,25.0
Pakpattan,2024-11-07 09:00,113.91,106.2,61.5,443.0,1.7,13.2,155.0,23.0
Pakpattan,2024-11-07 10:00,114.78500000000001,100.1,58.2,499.0,3.4,12.4,144.0,20.0
Pakpattan,2024-11-07 11:00,124.29,96.2,56.1,594.0,6.2,11.5,131.0,17.0
Pakpattan,2024-11-07 12:00,134.605,97.8,59.3,663.0,9.4,10.9,116.0,14.0
Pakpattan,2024-11-07 13:00,142.39000000000001,113.6,69.8,669.0,13.9,10.8,99.0,12.0
Pakpattan,2024-11-07 14:00,143.995,125.3,78.2,648.0,19.0,11.0,81.0,12.0
Pakpattan,2024-11-07 15:00,142.44,127.1,79.9,637.0,21.6,11.2,70.0,11.0
Pakpattan,2024-11-07 16:00,140.01000000000002,125.3,78.5,657.0,19.9,11.3,70.0,11.0
Rahim Yar Khan,2024-11-06 16:00,188.64000000000001,107.3,65.2,972.0,17.2,14.4,77.0,17.0
Rahim Yar Khan,2024-11-06 17:00,180.48999999999998,109.7,66.8,1009.0,18.0,12.9,69.0,17.0
Rahim Yar Khan,2024-11-06 18:00,176.24,107.1,65.2,1002.0,17.5,11.6,64.0,17.0
Rahim Yar Khan,2024-11-06 19:00,171.775,96.6,58.6,924.0,14.8,10.5,65.0,16.0
Rahim Yar Khan,2024-11-06 20:00,162.04500000000002,88.5,52.9,802.0,10.8,9.5,69.0,15.0
Rahim Yar Khan,2024-11-06 21:00,160.525,84.1,49.6,703.0,7.7,8.8,72.0,14.0
Rahim Yar Khan,2024-11-06 22:00,151.45,82.7,48.2,644.0,6.6,8.6,73.0,14.0
Rahim Yar Khan,2024-11-06 23:00,148.01,81.7,47.4,607.0,6.5,8.7,74.0,15.0
Rahim Yar Khan,2024-11-07 00:00,145.73000000000002,83.8,47.7,606.0,7.4,8.7,72.0,19.0
Rahim Yar Khan,2024-11-07 01:00,152.04500000000004,85.2,48.5,677.0,7.8,8.3,68.0,18.0
Rahim Yar Khan,2024-11-07 02:00,158.85500000000002,88.5,51.2,782.0,8.3,7.9,64.0,16.0
Rahim Yar Khan,2024-11-07 03:00,158.37,89.9,52.4,826.0,8.1,8.4,68.0,16.0
Rahim Yar Khan,2024-11-07 04:00,144.035,91.5,53.0,748.0,6.4,10.5,87.0,18.0
Rahim Yar Khan,2024-11-07 05:00,123.32999999999998,93.6,52.5,607.0,4.0,13.5,113.0,22.0
Rahim Yar Khan,2024-11-07 06:00,130.25000000000003,86.4,48.0,485.0,2.2,15.8,133.0,24.0
Rahim Yar Khan,2024-11-07 07:00,119.67500000000001,78.2,43.5,407.0,1.6,16.8,141.0,24.0
Rahim Yar Khan,2024-11-07 08:00,100.195,72.4,40.2,347.0,1.6,17.0,142.0,23.0
Rahim Yar Khan,2024-11-07 09:00,85.705,68.2,37.7,308.0,2.0,16.8,140.0,22.0
Rahim Yar Khan,2024-11-07 10:00,79.625,65.7,36.3,293.0,2.7,16.1,136.0,20.0
Rahim Yar Khan,2024-11-07 11:00,75.05000000000001,63.8,35.5,300.0,3.8,15.0,128.0,18.0
Rahim Yar Khan,2024-11-07 12:00,77.58500000000001,64.5,37.1,322.0,5.4,13.8,119.0,17.0
Rahim Yar Khan,2024-11-07 13:00,97.48500000000001,69.4,40.7,369.0,8.0,12.6,108.0,16.0
Rahim Yar Khan,2024-11-07 14:00,127.24,75.4,44.9,431.0,11.2,11.4,96.0,16.0
Rahim Yar Khan,2024-11-07 15:00,152.89,81.0,48.7,481.0,13.8,10.4,85.0,16.0
Rahim Yar Khan,2024-11-07 16:00,168.745,85.2,51.5,505.0,15.6,9.7,76.0,16.0
Rajanpur,2024-11-06 16:00,147.01999999999998,124.3,77.8,835.0,22.3,17.0,72.0,15.0
Rajanpur,2024-11-06 17:00,156.79000000000002,127.1,79.9,929.0,23.2,16.1,63.0,15.0
Rajanpur,2024-11-06 18:00,156.86499999999998,123.9,77.8,951.0,22.6,15.0,57.0,15.0
Rajanpur,2024-11-06 19:00,140.00499999999997,111.3,69.2,842.0,19.6,13.4,57.0,14.0
Rajanpur,2024-11-06 20:00,116.61500000000002,100.1,61.7,661.0,15.1,11.5,60.0,13.0
Rajanpur,2024-11-06 21:00,99.07499999999999,93.1,56.7,520.0,11.5,10.0,63.0,12.0
Rajanpur,2024-11-06 22:00,91.815,90.1,54.0,463.0,9.8,9.2,65.0,12.0
Rajanpur,2024-11-06 23:00,89.29499999999999,88.5,52.7,445.0,9.1,8.8,66.0,13.0
Rajanpur,2024-11-07 00:00,89.94999999999999,90.3,53.1,446.0,10.0,8.5,63.0,17.0
Rajanpur,2024-11-07 01:00,93.19,91.3,53.6,477.0,10.3,8.2,61.0,16.0
Rajanpur,2024-11-07 02:00,112.325,95.5,56.8,527.0,10.6,8.0,59.0,14.0
Rajanpur,2024-11-07 03:00,130.405,98.3,58.7,544.0,10.1,8.6,65.0,14.0
Rajanpur,2024-11-07 04:00,130.355,99.4,59.3,491.0,8.0,10.9,86.0,16.0
Rajanpur,2024-11-07 05:00,133.61,100.6,58.1,405.0,5.1,14.1,116.0,20.0
Rajanpur,2024-11-07 06:00,137.705,93.1,53.0,340.0,2.9,16.6,138.0,22.0
Rajanpur,2024-11-07 07:00,137.45,83.6,47.6,318.0,1.9,17.8,147.0,22.0
Rajanpur,2024-11-07 08:00,132.42000000000002,75.7,42.8,317.0,1.6,18.2,149.0,21.0
Rajanpur,2024-11-07 09:00,126.87000000000002,70.5,39.9,323.0,2.0,18.1,147.0,19.0
Rajanpur,2024-11-07 10:00,124.61500000000001,67.8,38.6,325.0,2.9,17.3,140.0,16.0
Rajanpur,2024-11-07 11:00,124.55500000000002,65.9,38.0,334.0,4.5,16.0,128.0,12.0
Rajanpur,2024-11-07 12:00,129.65,65.2,39.3,370.0,6.8,14.9,115.0,10.0
Rajanpur,2024-11-07 13:00,136.79000000000002,72.4,44.1,448.0,10.3,14.5,102.0,10.0
Rajanpur,2024-11-07 14:00,145.56499999999997,81.3,50.1,553.0,14.4,14.5,89.0,12.0
Rajanpur,2024-11-07 15:00,158.38000000000002,89.6,55.6,657.0,18.0,14.2,76.0,13.0
Rajanpur,2024-11-07 16:00,179.76,96.9,60.5,777.0,20.6,13.6,65.0,14.0
Rawalpindi,2024-11-06 16:00,579.3149999999999,97.1,65.4,1200.0,57.9,11.8,42.0,3.0
Rawalpindi,2024-11-06 17:00,480.78999999999996,107.3,72.6,1139.0,67.8,12.5,27.0,2.0
Rawalpindi,2024-11-06 18:00,384.735,114.1,77.5,1085.0,74.9,12.6,16.0,2.0
Rawalpindi,2024-11-06 19:00,308.95500000000004,115.9,79.2,1075.0,78.2,11.4,9.0,2.0
Rawalpindi,2024-11-06 20:00,237.13500000000005,117.8,80.6,1071.0,78.7,9.5,5.0,2.0
Rawalpindi,2024-11-06 21:00,179.58500000000004,120.1,82.2,1036.0,77.6,8.0,2.0,2.0
Rawalpindi,2024-11-06 22:00,161.70999999999998,117.6,80.8,926.0,75.4,7.4,0.0,2.0
Rawalpindi,2024-11-06 23:00,149.59000000000003,114.1,78.5,785.0,71.7,7.3,0.0,1.0
Rawalpindi,2024-11-07 00:00,151.69000000000003,110.8,75.9,699.0,59.3,7.0,4.0,2.0
Rawalpindi,2024-11-07 01:00,183.12,109.0,74.7,730.0,53.9,6.5,2.0,1.0
Rawalpindi,2024-11-07 02:00,299.48,109.0,74.7,817.0,46.1,5.8,1.0,0.0
Rawalpindi,2024-11-07 03:00,364.84499999999997,108.7,75.0,866.0,37.2,5.9,15.0,1.0
Rawalpindi,2024-11-07 04:00,323.515,110.8,76.4,828.0,26.3,7.6,59.0,4.0
Rawalpindi,2024-11-07 05:00,229.50500000000002,107.6,72.2,752.0,14.4,10.0,118.0,8.0
Rawalpindi,2024-11-07 06:00,172.17999999999998,120.6,76.6,688.0,5.6,11.9,162.0,12.0
Rawalpindi,2024-11-07 07:00,159.62000000000003,140.6,86.8,650.0,1.8,12.6,178.0,17.0
Rawalpindi,2024-11-07 08:00,152.28000000000003,155.5,94.8,623.0,1.1,12.8,180.0,21.0
Rawalpindi,2024-11-07 09:00,155.085,164.8,100.1,617.0,2.1,12.6,174.0,24.0
Rawalpindi,2024-11-07 10:00,237.91,170.9,103.6,643.0,5.0,12.1,161.0,23.0
Rawalpindi,2024-11-07 11:00,354.91,170.0,104.3,689.0,9.6,11.3,142.0,20.0
Rawalpindi,2024-11-07 12:00,443.4,172.3,106.4,730.0,13.9,10.6,123.0,18.0
Rawalpindi,2024-11-07 13:00,481.055,179.3,110.8,752.0,17.2,10.3,107.0,17.0
Rawalpindi,2024-11-07 14:00,488.63500000000005,183.5,114.3,770.0,20.3,10.2,91.0,17.0
Rawalpindi,2024-11-07 15:00,479.82000000000005,187.7,117.3,797.0,23.2,10.1,77.0,16.0
Rawalpindi,2024-11-07 16:00,454.11500000000007,188.6,119.7,851.0,26.5,10.1,65.0,15.0
Sahiwal,2024-11-06 16:00,223.22000000000003,237.5,147.1,1134.0,27.0,13.7,63.0,39.0
Sahiwal,2024-11-06 17:00,222.72000000000003,244.9,153.2,1101.0,29.7,14.4,53.0,38.0
Sahiwal,2024-11-06 18:00,221.16,246.8,155.1,1043.0,31.6,14.7,44.0,37.0
Sahiwal,2024-11-06 19:00,214.55,241.2,151.3,959.0,32.6,14.7,38.0,37.0
Sahiwal,2024-11-06 20:00,213.325,239.3,149.5,852.0,32.7,14.5,34.0,38.0
Sahiwal,2024-11-06 21:00,208.65,239.3,149.5,769.0,32.3,13.9,32.0,37.0
Sahiwal,2024-11-06 22:00,195.43,238.0,148.5,725.0,31.5,12.7,31.0,32.0
Sahiwal,2024-11-06 23:00,180.65,218.9,138.3,707.0,30.1,11.2,31.0,26.0
Sahiwal,2024-11-07 00:00,171.44000000000003,181.6,114.6,720.0,19.4,10.6,49.0,19.0
Sahiwal,2024-11-07 01:00,172.955,173.2,109.0,800.0,17.5,10.2,52.0,18.0
Sahiwal,2024-11-07 02:00,177.895,169.0,106.4,911.0,14.8,9.8,57.0,16.0
Sahiwal,2024-11-07 03:00,178.975,164.4,102.9,958.0,12.0,9.9,69.0,16.0
Sahiwal,2024-11-07 04:00,175.535,160.7,100.4,881.0,8.9,11.1,97.0,18.0
Sahiwal,2024-11-07 05:00,167.96,156.5,95.5,740.0,5.7,12.8,132.0,20.0
Sahiwal,2024-11-07 06:00,154.89999999999998,140.2,84.1,614.0,3.2,14.0,157.0,22.0
Sahiwal,2024-11-07 07:00,141.325,116.6,68.7,521.0,1.9,14.3,162.0,22.0
Sahiwal,2024-11-07 08:00,129.40500000000003,104.8,61.5,443.0,1.3,14.1,156.0,21.0
Sahiwal,2024-11-07 09:00,121.415,97.3,56.9,406.0,1.4,13.6,147.0,20.0
Sahiwal,2024-11-07 10:00,118.72000000000001,91.5,53.4,412.0,1.9,12.7,137.0,18.0
Sahiwal,2024-11-07 11:00,119.13000000000002,87.3,51.3,460.0,3.1,11.6,124.0,15.0
Sahiwal,2024-11-07 12:00,122.69000000000001,89.6,54.6,569.0,5.6,10.9,110.0,13.0
Sahiwal,2024-11-07 13:00,134.775,103.1,63.8,805.0,10.6,11.1,92.0,13.0
Sahiwal,2024-11-07 14:00,171.08,120.6,75.9,1103.0,16.9,11.7,73.0,13.0
Sahiwal,2024-11-07 15:00,193.84,133.2,85.0,1284.0,21.0,11.9,59.0,13.0
Sahiwal,2024-11-07 16:00,188.605,130.9,84.3,1246.0,21.1,11.4,53.0,12.0
Sargodha,2024-11-06 16:00,266.675,241.2,152.3,1321.0,36.6,13.0,70.0,24.0
Sargodha,2024-11-06 17:00,291.49,242.1,152.7,1423.0,35.3,13.0,63.0,24.0
Sargodha,2024-11-06 18:00,307.95500000000004,230.0,144.8,1467.0,33.4,12.6,57.0,24.0
Sargodha,2024-11-06 19:00,308.565,211.9,133.2,1397.0,31.5,11.6,48.0,23.0
Sargodha,2024-11-06 20:00,302.25500000000005,194.6,122.5,1269.0,29.0,10.2,39.0,21.0
Sargodha,2024-11-06 21:00,297.14500000000004,177.9,112.0,1210.0,26.0,9.0,33.0,18.0
Sargodha,2024-11-06 22:00,297.12,158.3,100.6,1300.0,21.8,8.0,31.0,14.0
Sargodha,2024-11-06 23:00,291.7049999999999,141.6,92.0,1459.0,17.1,7.2,31.0,10.0
Sargodha,2024-11-07 00:00,283.115,141.1,94.1,1574.0,12.0,7.6,39.0,8.0
Sargodha,2024-11-07 01:00,281.145,140.2,93.8,1617.0,12.4,7.4,37.0,8.0
Sargodha,2024-11-07 02:00,279.83000000000004,142.0,95.5,1616.0,12.8,7.4,37.0,7.0
Sargodha,2024-11-07 03:00,272.555,148.1,99.0,1547.0,12.3,8.6,48.0,9.0
Sargodha,2024-11-07 04:00,254.80000000000004,167.6,109.9,1361.0,10.1,12.4,81.0,14.0
Sargodha,2024-11-07 05:00,229.695,204.9,129.9,1105.0,7.0,17.4,125.0,20.0
Sargodha,2024-11-07 06:00,206.70500000000004,223.5,139.2,901.0,4.6,21.0,161.0,26.0
Sargodha,2024-11-07 07:00,195.525,229.6,141.1,790.0,3.2,21.8,183.0,30.0
Sargodha,2024-11-07 08:00,190.14500000000004,230.0,140.2,729.0,2.4,21.2,197.0,33.0
Sargodha,2024-11-07 09:00,187.64999999999998,229.6,139.2,711.0,2.8,20.3,202.0,34.0
Sargodha,2024-11-07 10:00,189.58,228.2,138.3,741.0,5.1,19.4,195.0,33.0
Sargodha,2024-11-07 11:00,198.74500000000003,226.8,137.4,814.0,8.6,18.1,180.0,30.0
Sargodha,2024-11-07 12:00,207.24,224.0,137.8,903.0,11.3,17.3,164.0,27.0
Sargodha,2024-11-07 13:00,219.8,233.3,143.9,1016.0,12.6,17.2,148.0,26.0
Sargodha,2024-11-07 14:00,235.265,238.0,147.6,1146.0,13.2,17.4,131.0,26.0
Sargodha,2024-11-07 15:00,255.77999999999997,237.0,147.6,1248.0,12.9,17.5,118.0,25.0
Sargodha,2024-11-07 16:00,258.46,227.7,143.0,1308.0,11.3,17.4,111.0,22.0
Sheikhupura,2024-11-06 16:00,803.8300000000002,320.4,202.6,6434.0,153.0,38.8,12.0,33.0
Sheikhupura,2024-11-06 17:00,872.485,326.0,206.3,7110.0,150.2,38.3,4.0,33.0
Sheikhupura,2024-11-06 18:00,903.505,324.1,205.4,7446.0,141.8,36.6,0.0,32.0
Sheikhupura,2024-11-06 19:00,890.23,314.8,198.8,7381.0,126.0,32.8,1.0,29.0
Sheikhupura,2024-11-06 20:00,838.76,296.2,187.2,6975.0,104.6,27.7,7.0,25.0
Sheikhupura,2024-11-06 21:00,755.775,271.9,172.8,6271.0,84.6,23.6,14.0,21.0
Sheikhupura,2024-11-06 22:00,652.4899999999999,244.9,158.3,5046.0,66.7,21.3,23.0,18.0
Sheikhupura,2024-11-06 23:00,603.535,223.5,146.7,3522.0,50.3,19.9,33.0,16.0
Sheikhupura,2024-11-07 00:00,534.4300000000001,208.6,137.4,2409.0,30.2,18.0,48.0,15.0
Sheikhupura,2024-11-07 01:00,436.26500000000004,198.8,131.3,2114.0,35.6,17.4,43.0,14.0
Sheikhupura,2024-11-07 02:00,396.905,191.9,127.1,2230.0,42.7,16.8,39.0,13.0
Sheikhupura,2024-11-07 03:00,421.02,190.5,124.8,2248.0,45.1,17.4,50.0,14.0
Sheikhupura,2024-11-07 04:00,366.62499999999994,192.8,124.3,1945.0,38.7,20.4,92.0,18.0
Sheikhupura,2024-11-07 05:00,295.50500000000005,199.3,125.7,1544.0,27.6,24.7,149.0,23.0
Sheikhupura,2024-11-07 06:00,244.90500000000003,213.7,131.3,1207.0,18.5,28.2,195.0,27.0
Sheikhupura,2024-11-07 07:00,216.22000000000006,222.1,135.0,937.0,10.2,30.1,223.0,28.0
Sheikhupura,2024-11-07 08:00,197.1,219.3,134.1,730.0,3.9,31.1,239.0,28.0
Sheikhupura,2024-11-07 09:00,189.98500000000004,214.2,131.8,741.0,8.9,31.5,235.0,28.0
Sheikhupura,2024-11-07 10:00,227.23499999999999,210.5,129.5,1124.0,35.9,31.0,200.0,27.0
Sheikhupura,2024-11-07 11:00,287.77500000000003,210.9,130.9,1724.0,74.3,29.8,145.0,26.0
Sheikhupura,2024-11-07 12:00,345.325,227.2,143.0,2234.0,102.1,28.6,100.0,24.0
Sheikhupura,2024-11-07 13:00,380.82000000000005,241.2,153.2,2546.0,109.4,27.6,74.0,21.0
Sheikhupura,2024-11-07 14:00,402.34,244.9,156.5,2768.0,106.2,26.6,57.0,18.0
Sheikhupura,2024-11-07 15:00,409.71500000000003,232.4,149.5,2914.0,99.8,25.2,46.0,15.0
Sheikhupura,2024-11-07 16:00,413.655,217.9,140.6,3032.0,92.4,23.2,40.0,13.0
Sialkot,2024-11-06 16:00,263.94500000000005,188.6,122.9,1233.0,36.2,17.5,72.0,10.0
Sialkot,2024-11-06 17:00,259.225,179.7,117.6,1179.0,28.1,16.1,76.0,8.0
Sialkot,2024-11-06 18:00,251.66,171.4,111.8,1126.0,21.1,14.7,79.0,7.0
Sialkot,2024-11-06 19:00,233.97000000000006,163.0,106.2,1098.0,17.1,13.6,77.0,7.0
Sialkot,2024-11-06 20:00,211.91500000000002,156.0,101.3,1070.0,14.2,12.6,74.0,7.0
Sialkot,2024-11-06 21:00,195.505,148.1,96.4,1031.0,12.1,11.8,71.0,7.0
Sialkot,2024-11-06 22:00,184.21500000000003,142.5,92.4,961.0,10.4,11.0,67.0,7.0
Sialkot,2024-11-06 23:00,177.21499999999997,136.9,88.5,878.0,9.5,10.4,64.0,6.0
Sialkot,2024-11-07 00:00,171.055,135.5,87.8,831.0,9.8,10.5,63.0,7.0
Sialkot,2024-11-07 01:00,169.51000000000002,133.6,86.4,862.0,12.7,10.3,58.0,6.0
Sialkot,2024-11-07 02:00,170.29999999999998,133.2,86.6,927.0,16.4,10.1,53.0,6.0
Sialkot,2024-11-07 03:00,169.73000000000005,133.2,86.6,944.0,17.7,11.0,62.0,6.0
Sialkot,2024-11-07 04:00,165.555,132.2,85.4,855.0,14.0,14.0,98.0,9.0
Sialkot,2024-11-07 05:00,166.27000000000004,138.3,87.8,718.0,7.8,18.0,148.0,13.0
Sialkot,2024-11-07 06:00,167.03500000000003,154.1,96.4,616.0,3.1,20.8,185.0,16.0
Sialkot,2024-11-07 07:00,176.53500000000003,167.6,103.8,584.0,1.0,21.4,199.0,18.0
Sialkot,2024-11-07 08:00,179.57999999999998,173.2,106.9,588.0,0.5,20.8,199.0,20.0
Sialkot,2024-11-07 09:00,180.23999999999998,174.2,107.6,612.0,2.5,20.1,194.0,21.0
Sialkot,2024-11-07 10:00,185.625,173.7,107.1,647.0,8.2,19.7,183.0,21.0
Sialkot,2024-11-07 11:00,199.255,173.7,107.3,703.0,16.4,19.1,166.0,20.0
Sialkot,2024-11-07 12:00,214.285,183.9,114.8,789.0,24.4,18.7,146.0,19.0
Sialkot,2024-11-07 13:00,226.26500000000001,197.0,124.3,930.0,32.0,18.5,121.0,18.0
Sialkot,2024-11-07 14:00,257.705,206.3,131.3,1102.0,39.4,18.4,93.0,17.0
Sialkot,2024-11-07 15:00,277.56,209.1,134.1,1241.0,44.2,18.1,70.0,16.0
Sialkot,2024-11-07 16:00,278.0,207.7,133.6,1329.0,45.2,17.6,57.0,15.0
Toba Tek Singh,2024-11-06 16:00,249.9,266.4,162.5,1003.0,29.5,14.7,64.0,43.0
Toba Tek Singh,2024-11-06 17:00,241.395,270.1,166.2,972.0,28.9,14.6,54.0,41.0
Toba Tek Singh,2024-11-06 18:00,232.545,268.2,165.3,941.0,27.9,14.2,46.0,39.0
Toba Tek Singh,2024-11-06 19:00,223.52500000000003,261.7,161.1,923.0,27.0,13.5,39.0,39.0
Toba Tek Singh,2024-11-06 20:00,214.855,255.2,157.4,903.0,25.7,12.7,35.0,39.0
Toba Tek Singh,2024-11-06 21:00,204.93499999999997,247.7,152.3,884.0,23.8,11.8,33.0,38.0
Toba Tek Singh,2024-11-06 22:00,195.58500000000004,232.8,143.9,866.0,20.7,11.0,34.0,33.0
Toba Tek Singh,2024-11-06 23:00,185.785,214.2,133.2,850.0,17.0,10.2,37.0,25.0
Toba Tek Singh,2024-11-07 00:00,175.10500000000002,194.2,120.1,837.0,10.5,10.0,53.0,19.0
Toba Tek Singh,2024-11-07 01:00,176.60000000000002,190.0,117.1,838.0,10.5,10.2,56.0,18.0
Toba Tek Singh,2024-11-07 02:00,181.73,188.1,116.2,843.0,10.5,10.5,62.0,16.0
Toba Tek Singh,2024-11-07 03:00,182.265,185.3,114.8,821.0,9.7,10.9,76.0,16.0
Toba Tek Singh,2024-11-07 04:00,174.085,186.3,114.1,749.0,7.6,11.7,106.0,19.0
Toba Tek Singh,2024-11-07 05:00,160.62499999999997,181.6,109.2,650.0,4.8,12.6,143.0,25.0
Toba Tek Singh,2024-11-07 06:00,144.67,163.0,95.9,568.0,2.6,13.3,169.0,28.0
Toba Tek Singh,2024-11-07 07:00,132.13,143.4,83.6,514.0,1.5,13.7,175.0,28.0
Toba Tek Singh,2024-11-07 08:00,124.12,130.9,75.9,476.0,1.1,14.0,170.0,26.0
Toba Tek Singh,2024-11-07 09:00,120.96499999999999,122.5,71.0,468.0,1.5,13.9,161.0,24.0
Toba Tek Singh,2024-11-07 10:00,124.45500000000001,116.4,67.8,508.0,3.1,13.4,151.0,21.0
Toba Tek Singh,2024-11-07 11:00,132.06500000000003,112.5,65.7,578.0,5.5,12.5,138.0,18.0
Toba Tek Singh,2024-11-07 12:00,137.745,112.0,67.5,631.0,7.9,11.8,124.0,15.0
Toba Tek Singh,2024-11-07 13:00,142.24,123.9,75.7,646.0,10.2,11.3,108.0,13.0
Toba Tek Singh,2024-11-07 14:00,142.13500000000002,129.0,80.1,645.0,12.5,10.8,91.0,11.0
Toba Tek Singh,2024-11-07 15:00,141.605,130.4,81.3,646.0,13.6,10.5,80.0,10.0
Toba Tek Singh,2024-11-07 16:00,143.055,131.3,81.5,660.0,12.7,10.3,78.0,10.0
Vehari,2024-11-06 16:00,263.65,214.2,132.7,1296.0,39.2,14.9,54.0,35.0
Vehari,2024-11-06 17:00,279.31000000000006,222.1,138.8,1509.0,38.8,16.1,49.0,34.0
Vehari,2024-11-06 18:00,289.045,224.9,140.2,1616.0,37.7,16.9,46.0,34.0
Vehari,2024-11-06 19:00,288.625,220.7,136.9,1550.0,36.4,17.1,44.0,35.0
Vehari,2024-11-06 20:00,281.485,218.4,135.0,1380.0,34.4,16.9,43.0,36.0
Vehari,2024-11-06 21:00,266.49999999999994,216.5,133.6,1206.0,31.9,16.4,44.0,36.0
Vehari,2024-11-06 22:00,239.35000000000002,213.7,131.8,1046.0,28.8,15.3,46.0,32.0
Vehari,2024-11-06 23:00,207.775,197.0,122.0,883.0,25.3,13.9,49.0,26.0
Vehari,2024-11-07 00:00,191.195,169.0,105.2,772.0,18.2,12.8,62.0,20.0
Vehari,2024-11-07 01:00,188.85000000000002,160.7,100.1,761.0,17.3,12.1,62.0,19.0
Vehari,2024-11-07 02:00,190.345,156.5,97.6,802.0,15.8,11.2,63.0,17.0
Vehari,2024-11-07 03:00,184.26,151.8,94.3,805.0,13.7,10.9,72.0,16.0
Vehari,2024-11-07 04:00,163.95499999999998,148.5,92.0,722.0,10.2,11.8,96.0,17.0
Vehari,2024-11-07 05:00,144.44,144.4,87.5,601.0,5.9,13.3,128.0,19.0
Vehari,2024-11-07 06:00,124.06,121.5,72.2,500.0,2.7,14.3,150.0,20.0
Vehari,2024-11-07 07:00,107.525,103.1,60.5,432.0,1.1,14.1,154.0,21.0
Vehari,2024-11-07 08:00,95.995,94.3,54.9,383.0,0.7,13.4,147.0,21.0
Vehari,2024-11-07 09:00,90.645,88.0,51.1,368.0,1.4,12.6,138.0,20.0
Vehari,2024-11-07 10:00,92.86500000000001,82.4,47.6,407.0,3.3,11.7,128.0,18.0
Vehari,2024-11-07 11:00,100.97,78.7,45.6,480.0,6.5,10.7,114.0,15.0
Vehari,2024-11-07 12:00,115.25000000000003,82.7,49.8,536.0,11.1,10.1,99.0,13.0
Vehari,2024-11-07 13:00,137.97000000000003,96.2,59.1,541.0,19.1,10.3,80.0,13.0
Vehari,2024-11-07 14:00,163.97,111.8,69.8,529.0,28.6,10.8,58.0,14.0
Vehari,2024-11-07 15:00,185.31500000000003,122.5,77.8,552.0,34.4,11.0,43.0,14.0
Vehari,2024-11-07 16:00,197.72,122.0,78.0,645.0,33.5,10.5,38.0,13.0
