Districts,Date,Final_aqi
Attock,2024-10-29,129.29962
Attock,2024-10-30,109.52794
Attock,2024-10-31,118.039314
Attock,2024-11-01,153.71346
Attock,2024-11-02,129.9871
Attock,2024-11-03,176.0276
Attock,2024-11-04,133.96417
Attock,2024-11-05,162.98543
Attock,2024-11-06,178.59212
Attock,2024-11-07,177.9231
Attock,2024-11-08,177.48306
Attock,2024-11-09,182.12517
Attock,2024-11-10,183.8788
Attock,2024-11-11,141.88661
Attock,2024-11-12,133.12154
Attock,2024-11-13,131.63988
Attock,2024-11-14,157.84793
Attock,2024-11-15,158.62967
Attock,2024-11-16,176.80145
Attock,2024-11-17,160.02858
Attock,2024-11-18,175.46106
Attock,2024-11-19,163.02193
Attock,2024-11-20,145.40576
Attock,2024-11-21,140.11497
Attock,2024-11-22,146.09273
Attock,2024-11-23,147.23047
Attock,2024-11-24,145.64561
Attock,2024-11-25,141.78287
Attock,2024-11-26,133.20303
Attock,2024-11-27,114.19872
Attock,2024-11-28,123.664474
Attock,2024-11-29,133.40134
Attock,2024-11-30,133.877
Attock,2024-12-01,147.0187
Attock,2024-12-02,80.370476
Attock,2024-12-03,167.2209
Attock,2024-12-04,139.94356
Attock,2024-12-05,167.06207
Attock,2024-12-06,198.51395
Attock,2024-12-07,193.16269
Attock,2024-12-08,175.917
Attock,2024-12-09,176.15009
Attock,2024-12-10,186.88834
Attock,2024-12-11,130.74092
Attock,2024-12-12,129.20941
Attock,2024-12-13,141.39017
Attock,2024-12-14,177.43883
Attock,2024-12-15,168.26373
Attock,2024-12-16,173.38031
Attock,2024-12-17,163.60602
Attock,2024-12-18,171.26555
Attock,2024-12-19,155.3862
Attock,2024-12-20,149.85748
Attock,2024-12-21,152.71492
Attock,2024-12-22,153.08475
Attock,2024-12-23,137.85332
Attock,2024-12-24,145.30154
Attock,2024-12-25,136.2554
Attock,2024-12-26,133.7712
Attock,2024-12-27,126.193146
Bahawalnagar,2024-10-29,118.36005
Bahawalnagar,2024-10-30,161.52853
Bahawalnagar,2024-10-31,124.18384
Bahawalnagar,2024-11-01,108.179306
Bahawalnagar,2024-11-02,97.095985
Bahawalnagar,2024-11-03,119.27215
Bahawalnagar,2024-11-04,130.79285
Bahawalnagar,2024-11-05,120.70936
Bahawalnagar,2024-11-06,124.15493
Bahawalnagar,2024-11-07,112.64116
Bahawalnagar,2024-11-08,114.12633
Bahawalnagar,2024-11-09,126.49605
Bahawalnagar,2024-11-10,136.81555
Bahawalnagar,2024-11-11,130.64496
Bahawalnagar,2024-11-12,118.74498
Bahawalnagar,2024-11-13,137.47226
Bahawalnagar,2024-11-14,114.63649
Bahawalnagar,2024-11-15,130.29869
Bahawalnagar,2024-11-16,124.20794
Bahawalnagar,2024-11-17,138.88445
Bahawalnagar,2024-11-18,130.41324
Bahawalnagar,2024-11-19,111.93994
Bahawalnagar,2024-11-20,125.807144
Bahawalnagar,2024-11-21,103.86868
Bahawalnagar,2024-11-22,99.69302
Bahawalnagar,2024-11-23,108.09402
Bahawalnagar,2024-11-24,112.01438
Bahawalnagar,2024-11-25,122.46018
Bahawalnagar,2024-11-26,107.82932
Bahawalnagar,2024-11-27,106.757774
Bahawalnagar,2024-11-28,84.702896
Bahawalnagar,2024-11-29,104.67801
Bahawalnagar,2024-11-30,149.41562
Bahawalnagar,2024-12-01,129.32779
Bahawalnagar,2024-12-02,87.312195
Bahawalnagar,2024-12-03,106.30325
Bahawalnagar,2024-12-04,150.15211
Bahawalnagar,2024-12-05,112.21906
Bahawalnagar,2024-12-06,107.480385
Bahawalnagar,2024-12-07,125.468506
Bahawalnagar,2024-12-08,142.54565
Bahawalnagar,2024-12-09,130.29222
Bahawalnagar,2024-12-10,122.7509
Bahawalnagar,2024-12-11,142.34431
Bahawalnagar,2024-12-12,102.91193
Bahawalnagar,2024-12-13,130.93744
Bahawalnagar,2024-12-14,124.975555
Bahawalnagar,2024-12-15,173.5468
Bahawalnagar,2024-12-16,142.28415
Bahawalnagar,2024-12-17,135.3575
Bahawalnagar,2024-12-18,136.83159
Bahawalnagar,2024-12-19,95.59983
Bahawalnagar,2024-12-20,102.20894
Bahawalnagar,2024-12-21,112.384926
Bahawalnagar,2024-12-22,112.69592
Bahawalnagar,2024-12-23,120.7127
Bahawalnagar,2024-12-24,116.48493
Bahawalnagar,2024-12-25,124.34201
Bahawalnagar,2024-12-26,93.27695
Bahawalnagar,2024-12-27,80.0803
Bahawalpur,2024-10-29,112.35566
Bahawalpur,2024-10-30,120.25425
Bahawalpur,2024-10-31,103.55247
Bahawalpur,2024-11-01,87.75031
Bahawalpur,2024-11-02,115.24499
Bahawalpur,2024-11-03,114.47715
Bahawalpur,2024-11-04,148.67761
Bahawalpur,2024-11-05,133.96613
Bahawalpur,2024-11-06,128.46138
Bahawalpur,2024-11-07,121.98176
Bahawalpur,2024-11-08,126.55752
Bahawalpur,2024-11-09,132.52603
Bahawalpur,2024-11-10,136.30731
Bahawalpur,2024-11-11,126.81235
Bahawalpur,2024-11-12,173.55237
Bahawalpur,2024-11-13,229.97922
Bahawalpur,2024-11-14,226.8173
Bahawalpur,2024-11-15,140.12798
Bahawalpur,2024-11-16,129.53752
Bahawalpur,2024-11-17,147.71477
Bahawalpur,2024-11-18,122.76548
Bahawalpur,2024-11-19,112.86553
Bahawalpur,2024-11-20,138.74504
Bahawalpur,2024-11-21,114.52213
Bahawalpur,2024-11-22,122.111145
Bahawalpur,2024-11-23,127.30745
Bahawalpur,2024-11-24,130.85956
Bahawalpur,2024-11-25,136.64072
Bahawalpur,2024-11-26,123.58789
Bahawalpur,2024-11-27,123.37789
Bahawalpur,2024-11-28,107.05152
Bahawalpur,2024-11-29,98.70364
Bahawalpur,2024-11-30,107.56274
Bahawalpur,2024-12-01,90.67389
Bahawalpur,2024-12-02,131.99113
Bahawalpur,2024-12-03,103.423744
Bahawalpur,2024-12-04,155.05472
Bahawalpur,2024-12-05,130.85648
Bahawalpur,2024-12-06,111.38464
Bahawalpur,2024-12-07,130.82338
Bahawalpur,2024-12-08,151.03156
Bahawalpur,2024-12-09,127.16222
Bahawalpur,2024-12-10,116.31789
Bahawalpur,2024-12-11,138.43724
Bahawalpur,2024-12-12,195.56827
Bahawalpur,2024-12-13,258.4281
Bahawalpur,2024-12-14,246.77226
Bahawalpur,2024-12-15,151.15814
Bahawalpur,2024-12-16,119.278305
Bahawalpur,2024-12-17,132.69972
Bahawalpur,2024-12-18,124.79028
Bahawalpur,2024-12-19,106.57818
Bahawalpur,2024-12-20,124.631195
Bahawalpur,2024-12-21,120.255585
Bahawalpur,2024-12-22,135.48894
Bahawalpur,2024-12-23,139.72517
Bahawalpur,2024-12-24,133.58614
Bahawalpur,2024-12-25,138.88777
Bahawalpur,2024-12-26,117.57162
Bahawalpur,2024-12-27,129.71867
Bhakkar,2024-10-29,112.53972
Bhakkar,2024-10-30,122.74282
Bhakkar,2024-10-31,107.213806
Bhakkar,2024-11-01,80.6223
Bhakkar,2024-11-02,78.22652
Bhakkar,2024-11-03,114.59405
Bhakkar,2024-11-04,99.87019
Bhakkar,2024-11-05,118.79407
Bhakkar,2024-11-06,117.64999
Bhakkar,2024-11-07,117.16897
Bhakkar,2024-11-08,121.4005
Bhakkar,2024-11-09,122.7799
Bhakkar,2024-11-10,127.793015
Bhakkar,2024-11-11,132.14487
Bhakkar,2024-11-12,117.03236
Bhakkar,2024-11-13,106.19498
Bhakkar,2024-11-14,99.11714
Bhakkar,2024-11-15,108.64741
Bhakkar,2024-11-16,108.61619
Bhakkar,2024-11-17,119.4332
Bhakkar,2024-11-18,112.88368
Bhakkar,2024-11-19,95.21741
Bhakkar,2024-11-20,115.86826
Bhakkar,2024-11-21,88.1312
Bhakkar,2024-11-22,78.64675
Bhakkar,2024-11-23,86.95057
Bhakkar,2024-11-24,95.44624
Bhakkar,2024-11-25,108.54826
Bhakkar,2024-11-26,111.10764
Bhakkar,2024-11-27,92.426056
Bhakkar,2024-11-28,100.80574
Bhakkar,2024-11-29,95.363716
Bhakkar,2024-11-30,113.21836
Bhakkar,2024-12-01,94.27888
Bhakkar,2024-12-02,70.639175
Bhakkar,2024-12-03,108.56583
Bhakkar,2024-12-04,101.10509
Bhakkar,2024-12-05,110.43306
Bhakkar,2024-12-06,99.812645
Bhakkar,2024-12-07,125.272064
Bhakkar,2024-12-08,148.74516
Bhakkar,2024-12-09,131.32281
Bhakkar,2024-12-10,116.24687
Bhakkar,2024-12-11,135.23532
Bhakkar,2024-12-12,109.04454
Bhakkar,2024-12-13,104.83396
Bhakkar,2024-12-14,98.03966
Bhakkar,2024-12-15,135.27245
Bhakkar,2024-12-16,117.637764
Bhakkar,2024-12-17,111.86925
Bhakkar,2024-12-18,115.55299
Bhakkar,2024-12-19,103.16176
Bhakkar,2024-12-20,99.239426
Bhakkar,2024-12-21,87.81341
Bhakkar,2024-12-22,94.99086
Bhakkar,2024-12-23,102.65471
Bhakkar,2024-12-24,101.305176
Bhakkar,2024-12-25,105.97569
Bhakkar,2024-12-26,107.09805
Bhakkar,2024-12-27,74.54275
Chakwal,2024-10-29,126.81326
Chakwal,2024-10-30,97.56202
Chakwal,2024-10-31,91.494736
Chakwal,2024-11-01,115.30737
Chakwal,2024-11-02,100.47895
Chakwal,2024-11-03,115.13656
Chakwal,2024-11-04,115.149506
Chakwal,2024-11-05,136.6622
Chakwal,2024-11-06,129.88881
Chakwal,2024-11-07,139.22522
Chakwal,2024-11-08,129.98958
Chakwal,2024-11-09,136.21873
Chakwal,2024-11-10,126.46066
Chakwal,2024-11-11,134.49965
Chakwal,2024-11-12,134.16956
Chakwal,2024-11-13,141.16951
Chakwal,2024-11-14,133.94225
Chakwal,2024-11-15,137.4839
Chakwal,2024-11-16,147.34576
Chakwal,2024-11-17,134.29793
Chakwal,2024-11-18,137.29248
Chakwal,2024-11-19,122.31408
Chakwal,2024-11-20,138.2921
Chakwal,2024-11-21,124.54975
Chakwal,2024-11-22,124.70927
Chakwal,2024-11-23,127.35623
Chakwal,2024-11-24,120.577225
Chakwal,2024-11-25,141.55269
Chakwal,2024-11-26,128.37024
Chakwal,2024-11-27,122.95024
Chakwal,2024-11-28,114.04518
Chakwal,2024-11-29,118.095474
Chakwal,2024-11-30,92.54959
Chakwal,2024-12-01,112.542595
Chakwal,2024-12-02,68.39904
Chakwal,2024-12-03,108.56399
Chakwal,2024-12-04,134.42415
Chakwal,2024-12-05,136.19539
Chakwal,2024-12-06,124.625175
Chakwal,2024-12-07,143.27441
Chakwal,2024-12-08,130.9281
Chakwal,2024-12-09,138.38434
Chakwal,2024-12-10,142.78888
Chakwal,2024-12-11,133.75273
Chakwal,2024-12-12,119.58269
Chakwal,2024-12-13,133.52353
Chakwal,2024-12-14,140.51498
Chakwal,2024-12-15,139.07645
Chakwal,2024-12-16,153.45985
Chakwal,2024-12-17,147.54114
Chakwal,2024-12-18,141.74533
Chakwal,2024-12-19,109.8181
Chakwal,2024-12-20,126.81372
Chakwal,2024-12-21,123.86145
Chakwal,2024-12-22,118.25425
Chakwal,2024-12-23,129.9473
Chakwal,2024-12-24,143.12914
Chakwal,2024-12-25,148.7503
Chakwal,2024-12-26,119.01343
Chakwal,2024-12-27,107.527336
Chiniot,2024-10-29,229.73398
Chiniot,2024-10-30,187.50404
Chiniot,2024-10-31,161.17564
Chiniot,2024-11-01,158.48027
Chiniot,2024-11-02,137.42897
Chiniot,2024-11-03,208.02092
Chiniot,2024-11-04,212.0504
Chiniot,2024-11-05,223.90192
Chiniot,2024-11-06,223.57787
Chiniot,2024-11-07,202.25659
Chiniot,2024-11-08,207.77113
Chiniot,2024-11-09,224.17154
Chiniot,2024-11-10,254.83199
Chiniot,2024-11-11,268.43646
Chiniot,2024-11-12,233.68118
Chiniot,2024-11-13,239.44685
Chiniot,2024-11-14,190.87569
Chiniot,2024-11-15,221.53374
Chiniot,2024-11-16,217.73927
Chiniot,2024-11-17,245.49191
Chiniot,2024-11-18,235.07909
Chiniot,2024-11-19,187.33496
Chiniot,2024-11-20,220.97931
Chiniot,2024-11-21,153.42577
Chiniot,2024-11-22,149.39624
Chiniot,2024-11-23,168.83131
Chiniot,2024-11-24,216.06332
Chiniot,2024-11-25,222.19272
Chiniot,2024-11-26,203.39825
Chiniot,2024-11-27,202.37878
Chiniot,2024-11-28,165.37303
Chiniot,2024-11-29,204.96301
Chiniot,2024-11-30,173.95671
Chiniot,2024-12-01,198.49065
Chiniot,2024-12-02,134.17451
Chiniot,2024-12-03,182.1381
Chiniot,2024-12-04,228.98961
Chiniot,2024-12-05,193.40314
Chiniot,2024-12-06,179.19171
Chiniot,2024-12-07,215.10658
Chiniot,2024-12-08,252.93639
Chiniot,2024-12-09,263.86252
Chiniot,2024-12-10,255.48607
Chiniot,2024-12-11,264.4509
Chiniot,2024-12-12,185.90717
Chiniot,2024-12-13,190.42638
Chiniot,2024-12-14,203.4271
Chiniot,2024-12-15,271.73325
Chiniot,2024-12-16,262.4501
Chiniot,2024-12-17,245.24904
Chiniot,2024-12-18,233.94391
Chiniot,2024-12-19,139.64128
Chiniot,2024-12-20,170.31937
Chiniot,2024-12-21,158.71262
Chiniot,2024-12-22,186.35391
Chiniot,2024-12-23,213.81032
Chiniot,2024-12-24,202.76762
Chiniot,2024-12-25,221.81508
Chiniot,2024-12-26,159.99776
Chiniot,2024-12-27,150.04158
Dera Ghazi Khan,2024-10-29,111.54024
Dera Ghazi Khan,2024-10-30,123.536224
Dera Ghazi Khan,2024-10-31,117.842026
Dera Ghazi Khan,2024-11-01,105.429054
Dera Ghazi Khan,2024-11-02,102.5376
Dera Ghazi Khan,2024-11-03,109.48302
Dera Ghazi Khan,2024-11-04,137.70964
Dera Ghazi Khan,2024-11-05,134.12184
Dera Ghazi Khan,2024-11-06,151.3471
Dera Ghazi Khan,2024-11-07,130.6221
Dera Ghazi Khan,2024-11-08,136.0644
Dera Ghazi Khan,2024-11-09,124.52826
Dera Ghazi Khan,2024-11-10,126.84907
Dera Ghazi Khan,2024-11-11,126.0182
Dera Ghazi Khan,2024-11-12,109.23666
Dera Ghazi Khan,2024-11-13,105.98894
Dera Ghazi Khan,2024-11-14,122.0556
Dera Ghazi Khan,2024-11-15,130.73827
Dera Ghazi Khan,2024-11-16,117.31071
Dera Ghazi Khan,2024-11-17,160.59674
Dera Ghazi Khan,2024-11-18,121.87663
Dera Ghazi Khan,2024-11-19,121.950905
Dera Ghazi Khan,2024-11-20,150.8501
Dera Ghazi Khan,2024-11-21,121.20061
Dera Ghazi Khan,2024-11-22,119.713936
Dera Ghazi Khan,2024-11-23,120.1035
Dera Ghazi Khan,2024-11-24,130.85434
Dera Ghazi Khan,2024-11-25,144.71208
Dera Ghazi Khan,2024-11-26,147.92625
Dera Ghazi Khan,2024-11-27,114.171715
Dera Ghazi Khan,2024-11-28,105.48977
Dera Ghazi Khan,2024-11-29,117.14544
Dera Ghazi Khan,2024-11-30,113.012375
Dera Ghazi Khan,2024-12-01,101.186516
Dera Ghazi Khan,2024-12-02,126.76141
Dera Ghazi Khan,2024-12-03,105.55208
Dera Ghazi Khan,2024-12-04,139.17815
Dera Ghazi Khan,2024-12-05,129.6645
Dera Ghazi Khan,2024-12-06,141.34422
Dera Ghazi Khan,2024-12-07,130.40247
Dera Ghazi Khan,2024-12-08,155.94824
Dera Ghazi Khan,2024-12-09,137.40881
Dera Ghazi Khan,2024-12-10,122.89546
Dera Ghazi Khan,2024-12-11,123.71408
Dera Ghazi Khan,2024-12-12,109.14979
Dera Ghazi Khan,2024-12-13,107.618355
Dera Ghazi Khan,2024-12-14,127.25372
Dera Ghazi Khan,2024-12-15,157.27728
Dera Ghazi Khan,2024-12-16,124.90277
Dera Ghazi Khan,2024-12-17,144.44472
Dera Ghazi Khan,2024-12-18,129.29019
Dera Ghazi Khan,2024-12-19,117.412796
Dera Ghazi Khan,2024-12-20,138.916
Dera Ghazi Khan,2024-12-21,115.65604
Dera Ghazi Khan,2024-12-22,133.99043
Dera Ghazi Khan,2024-12-23,131.02542
Dera Ghazi Khan,2024-12-24,133.67877
Dera Ghazi Khan,2024-12-25,151.9703
Dera Ghazi Khan,2024-12-26,135.47638
Dera Ghazi Khan,2024-12-27,106.56496
Faisalabad,2024-10-29,178.90067
Faisalabad,2024-10-30,172.39412
Faisalabad,2024-10-31,142.66098
Faisalabad,2024-11-01,143.63527
Faisalabad,2024-11-02,119.92399
Faisalabad,2024-11-03,169.13553
Faisalabad,2024-11-04,158.44107
Faisalabad,2024-11-05,176.96416
Faisalabad,2024-11-06,187.0161
Faisalabad,2024-11-07,181.67538
Faisalabad,2024-11-08,183.22961
Faisalabad,2024-11-09,193.8217
Faisalabad,2024-11-10,204.69437
Faisalabad,2024-11-11,202.1943
Faisalabad,2024-11-12,179.36237
Faisalabad,2024-11-13,191.37393
Faisalabad,2024-11-14,164.74164
Faisalabad,2024-11-15,193.46353
Faisalabad,2024-11-16,184.73257
Faisalabad,2024-11-17,192.96216
Faisalabad,2024-11-18,174.19873
Faisalabad,2024-11-19,145.48233
Faisalabad,2024-11-20,170.50633
Faisalabad,2024-11-21,123.9976
Faisalabad,2024-11-22,121.82184
Faisalabad,2024-11-23,131.54475
Faisalabad,2024-11-24,141.59323
Faisalabad,2024-11-25,156.34698
Faisalabad,2024-11-26,151.08409
Faisalabad,2024-11-27,157.73978
Faisalabad,2024-11-28,132.65555
Faisalabad,2024-11-29,164.62042
Faisalabad,2024-11-30,156.55403
Faisalabad,2024-12-01,168.16728
Faisalabad,2024-12-02,89.25811
Faisalabad,2024-12-03,139.59729
Faisalabad,2024-12-04,186.7897
Faisalabad,2024-12-05,168.9684
Faisalabad,2024-12-06,166.66928
Faisalabad,2024-12-07,192.72574
Faisalabad,2024-12-08,206.32927
Faisalabad,2024-12-09,202.52736
Faisalabad,2024-12-10,201.83542
Faisalabad,2024-12-11,213.965
Faisalabad,2024-12-12,157.58871
Faisalabad,2024-12-13,167.20811
Faisalabad,2024-12-14,175.44202
Faisalabad,2024-12-15,220.57784
Faisalabad,2024-12-16,197.69614
Faisalabad,2024-12-17,192.7328
Faisalabad,2024-12-18,185.58446
Faisalabad,2024-12-19,118.174965
Faisalabad,2024-12-20,141.43936
Faisalabad,2024-12-21,126.90903
Faisalabad,2024-12-22,134.58638
Faisalabad,2024-12-23,150.21742
Faisalabad,2024-12-24,150.94202
Faisalabad,2024-12-25,166.32756
Faisalabad,2024-12-26,130.7564
Faisalabad,2024-12-27,123.840454
Gujranwala,2024-10-29,155.34564
Gujranwala,2024-10-30,114.23805
Gujranwala,2024-10-31,102.65568
Gujranwala,2024-11-01,127.92511
Gujranwala,2024-11-02,94.52353
Gujranwala,2024-11-03,111.97685
Gujranwala,2024-11-04,105.4056
Gujranwala,2024-11-05,120.29282
Gujranwala,2024-11-06,97.97984
Gujranwala,2024-11-07,124.53386
Gujranwala,2024-11-08,109.42838
Gujranwala,2024-11-09,132.66411
Gujranwala,2024-11-10,146.05878
Gujranwala,2024-11-11,155.90474
Gujranwala,2024-11-12,148.20473
Gujranwala,2024-11-13,139.83846
Gujranwala,2024-11-14,143.07166
Gujranwala,2024-11-15,170.03114
Gujranwala,2024-11-16,203.40152
Gujranwala,2024-11-17,184.80731
Gujranwala,2024-11-18,179.4518
Gujranwala,2024-11-19,122.856575
Gujranwala,2024-11-20,188.04213
Gujranwala,2024-11-21,157.1281
Gujranwala,2024-11-22,147.1476
Gujranwala,2024-11-23,185.11256
Gujranwala,2024-11-24,171.14256
Gujranwala,2024-11-25,153.1106
Gujranwala,2024-11-26,143.26991
Gujranwala,2024-11-27,135.1979
Gujranwala,2024-11-28,111.26394
Gujranwala,2024-11-29,130.72784
Gujranwala,2024-11-30,112.76325
Gujranwala,2024-12-01,153.20764
Gujranwala,2024-12-02,83.74842
Gujranwala,2024-12-03,102.04233
Gujranwala,2024-12-04,108.781105
Gujranwala,2024-12-05,113.06705
Gujranwala,2024-12-06,81.28694
Gujranwala,2024-12-07,148.56873
Gujranwala,2024-12-08,131.78238
Gujranwala,2024-12-09,140.56604
Gujranwala,2024-12-10,159.5361
Gujranwala,2024-12-11,139.98994
Gujranwala,2024-12-12,112.61317
Gujranwala,2024-12-13,119.08702
Gujranwala,2024-12-14,165.4017
Gujranwala,2024-12-15,217.82213
Gujranwala,2024-12-16,216.14911
Gujranwala,2024-12-17,184.74854
Gujranwala,2024-12-18,169.38687
Gujranwala,2024-12-19,85.06366
Gujranwala,2024-12-20,157.28094
Gujranwala,2024-12-21,191.27704
Gujranwala,2024-12-22,174.54799
Gujranwala,2024-12-23,197.18445
Gujranwala,2024-12-24,185.00374
Gujranwala,2024-12-25,151.44382
Gujranwala,2024-12-26,119.8601
Gujranwala,2024-12-27,111.364815
Gujrat,2024-10-29,130.88278
Gujrat,2024-10-30,117.99764
Gujrat,2024-10-31,104.51478
Gujrat,2024-11-01,103.83263
Gujrat,2024-11-02,85.66093
Gujrat,2024-11-03,90.56882
Gujrat,2024-11-04,82.24212
Gujrat,2024-11-05,96.54295
Gujrat,2024-11-06,80.09568
Gujrat,2024-11-07,104.719406
Gujrat,2024-11-08,101.38509
Gujrat,2024-11-09,112.85997
Gujrat,2024-11-10,117.654175
Gujrat,2024-11-11,131.95978
Gujrat,2024-11-12,126.68786
Gujrat,2024-11-13,121.96162
Gujrat,2024-11-14,127.64996
Gujrat,2024-11-15,119.39273
Gujrat,2024-11-16,147.1324
Gujrat,2024-11-17,124.660255
Gujrat,2024-11-18,145.61868
Gujrat,2024-11-19,102.65361
Gujrat,2024-11-20,162.34639
Gujrat,2024-11-21,132.1072
Gujrat,2024-11-22,118.1939
Gujrat,2024-11-23,148.31958
Gujrat,2024-11-24,125.19751
Gujrat,2024-11-25,132.63667
Gujrat,2024-11-26,133.12022
Gujrat,2024-11-27,120.69276
Gujrat,2024-11-28,96.64483
Gujrat,2024-11-29,121.55776
Gujrat,2024-11-30,108.21233
Gujrat,2024-12-01,106.54128
Gujrat,2024-12-02,69.633934
Gujrat,2024-12-03,91.43556
Gujrat,2024-12-04,87.4692
Gujrat,2024-12-05,92.14557
Gujrat,2024-12-06,82.86978
Gujrat,2024-12-07,120.421196
Gujrat,2024-12-08,109.2907
Gujrat,2024-12-09,120.5465
Gujrat,2024-12-10,137.74355
Gujrat,2024-12-11,120.13165
Gujrat,2024-12-12,104.95553
Gujrat,2024-12-13,106.82734
Gujrat,2024-12-14,143.20331
Gujrat,2024-12-15,132.22685
Gujrat,2024-12-16,150.7341
Gujrat,2024-12-17,135.45113
Gujrat,2024-12-18,136.67165
Gujrat,2024-12-19,75.6494
Gujrat,2024-12-20,145.36551
Gujrat,2024-12-21,164.78186
Gujrat,2024-12-22,132.55568
Gujrat,2024-12-23,146.68515
Gujrat,2024-12-24,134.63731
Gujrat,2024-12-25,129.38292
Gujrat,2024-12-26,113.69153
Gujrat,2024-12-27,103.70654
Hafizabad,2024-10-29,181.32758
Hafizabad,2024-10-30,126.48381
Hafizabad,2024-10-31,109.56064
Hafizabad,2024-11-01,150.17816
Hafizabad,2024-11-02,137.72035
Hafizabad,2024-11-03,174.3667
Hafizabad,2024-11-04,184.65381
Hafizabad,2024-11-05,182.16576
Hafizabad,2024-11-06,170.23557
Hafizabad,2024-11-07,174.88405
Hafizabad,2024-11-08,160.87306
Hafizabad,2024-11-09,192.04156
Hafizabad,2024-11-10,210.90356
Hafizabad,2024-11-11,216.27933
Hafizabad,2024-11-12,189.8951
Hafizabad,2024-11-13,197.32256
Hafizabad,2024-11-14,163.94104
Hafizabad,2024-11-15,195.90166
Hafizabad,2024-11-16,207.56717
Hafizabad,2024-11-17,214.33318
Hafizabad,2024-11-18,195.95007
Hafizabad,2024-11-19,149.5271
Hafizabad,2024-11-20,183.22484
Hafizabad,2024-11-21,134.50407
Hafizabad,2024-11-22,126.817474
Hafizabad,2024-11-23,159.19823
Hafizabad,2024-11-24,163.19806
Hafizabad,2024-11-25,177.05157
Hafizabad,2024-11-26,164.82411
Hafizabad,2024-11-27,165.88573
Hafizabad,2024-11-28,147.83676
Hafizabad,2024-11-29,155.02255
Hafizabad,2024-11-30,124.061775
Hafizabad,2024-12-01,186.73982
Hafizabad,2024-12-02,103.271225
Hafizabad,2024-12-03,136.5
Hafizabad,2024-12-04,207.54439
Hafizabad,2024-12-05,179.65535
Hafizabad,2024-12-06,139.43962
Hafizabad,2024-12-07,190.4564
Hafizabad,2024-12-08,204.11421
Hafizabad,2024-12-09,210.88297
Hafizabad,2024-12-10,202.78223
Hafizabad,2024-12-11,209.93022
Hafizabad,2024-12-12,160.48294
Hafizabad,2024-12-13,159.41948
Hafizabad,2024-12-14,181.71692
Hafizabad,2024-12-15,244.31853
Hafizabad,2024-12-16,234.4164
Hafizabad,2024-12-17,212.82402
Hafizabad,2024-12-18,188.88951
Hafizabad,2024-12-19,118.64268
Hafizabad,2024-12-20,146.20341
Hafizabad,2024-12-21,145.70256
Hafizabad,2024-12-22,150.89653
Hafizabad,2024-12-23,187.68257
Hafizabad,2024-12-24,165.68198
Hafizabad,2024-12-25,175.88152
Hafizabad,2024-12-26,139.84914
Hafizabad,2024-12-27,127.71318
Jhang,2024-10-29,179.41783
Jhang,2024-10-30,164.23007
Jhang,2024-10-31,136.59589
Jhang,2024-11-01,139.10814
Jhang,2024-11-02,114.52178
Jhang,2024-11-03,167.9101
Jhang,2024-11-04,152.6787
Jhang,2024-11-05,162.84888
Jhang,2024-11-06,178.23047
Jhang,2024-11-07,175.60147
Jhang,2024-11-08,180.38312
Jhang,2024-11-09,185.61191
Jhang,2024-11-10,202.27037
Jhang,2024-11-11,194.09642
Jhang,2024-11-12,173.24934
Jhang,2024-11-13,184.79333
Jhang,2024-11-14,153.13055
Jhang,2024-11-15,181.56798
Jhang,2024-11-16,176.22241
Jhang,2024-11-17,193.81615
Jhang,2024-11-18,163.5785
Jhang,2024-11-19,129.02086
Jhang,2024-11-20,155.00156
Jhang,2024-11-21,117.1383
Jhang,2024-11-22,117.17669
Jhang,2024-11-23,123.519226
Jhang,2024-11-24,144.42683
Jhang,2024-11-25,148.51111
Jhang,2024-11-26,142.36124
Jhang,2024-11-27,146.37164
Jhang,2024-11-28,122.403625
Jhang,2024-11-29,164.06271
Jhang,2024-11-30,148.75735
Jhang,2024-12-01,166.8719
Jhang,2024-12-02,90.915306
Jhang,2024-12-03,134.74437
Jhang,2024-12-04,179.58304
Jhang,2024-12-05,157.1647
Jhang,2024-12-06,161.46577
Jhang,2024-12-07,184.11688
Jhang,2024-12-08,208.72664
Jhang,2024-12-09,193.99532
Jhang,2024-12-10,185.9328
Jhang,2024-12-11,204.77629
Jhang,2024-12-12,155.36292
Jhang,2024-12-13,167.29677
Jhang,2024-12-14,162.72665
Jhang,2024-12-15,209.78398
Jhang,2024-12-16,185.18346
Jhang,2024-12-17,182.73305
Jhang,2024-12-18,171.60358
Jhang,2024-12-19,110.7488
Jhang,2024-12-20,135.67975
Jhang,2024-12-21,123.33651
Jhang,2024-12-22,137.04817
Jhang,2024-12-23,133.98148
Jhang,2024-12-24,137.87318
Jhang,2024-12-25,155.73929
Jhang,2024-12-26,124.13243
Jhang,2024-12-27,120.21901
Jhelum,2024-10-29,151.16064
Jhelum,2024-10-30,115.22202
Jhelum,2024-10-31,112.11304
Jhelum,2024-11-01,72.787994
Jhelum,2024-11-02,63.977875
Jhelum,2024-11-03,89.11186
Jhelum,2024-11-04,83.245964
Jhelum,2024-11-05,95.16863
Jhelum,2024-11-06,81.3508
Jhelum,2024-11-07,108.150276
Jhelum,2024-11-08,126.48977
Jhelum,2024-11-09,128.96078
Jhelum,2024-11-10,139.8533
Jhelum,2024-11-11,153.697
Jhelum,2024-11-12,128.26102
Jhelum,2024-11-13,128.93216
Jhelum,2024-11-14,134.95297
Jhelum,2024-11-15,131.73631
Jhelum,2024-11-16,148.76431
Jhelum,2024-11-17,141.89037
Jhelum,2024-11-18,159.48785
Jhelum,2024-11-19,129.7608
Jhelum,2024-11-20,141.55684
Jhelum,2024-11-21,116.79704
Jhelum,2024-11-22,108.00387
Jhelum,2024-11-23,118.14623
Jhelum,2024-11-24,121.058495
Jhelum,2024-11-25,144.79813
Jhelum,2024-11-26,128.11282
Jhelum,2024-11-27,131.22545
Jhelum,2024-11-28,108.2723
Jhelum,2024-11-29,140.2619
Jhelum,2024-11-30,114.5463
Jhelum,2024-12-01,83.0016
Jhelum,2024-12-02,58.842358
Jhelum,2024-12-03,81.605255
Jhelum,2024-12-04,87.18853
Jhelum,2024-12-05,86.74993
Jhelum,2024-12-06,70.00298
Jhelum,2024-12-07,119.87023
Jhelum,2024-12-08,148.33401
Jhelum,2024-12-09,146.02058
Jhelum,2024-12-10,143.50551
Jhelum,2024-12-11,134.4912
Jhelum,2024-12-12,102.53871
Jhelum,2024-12-13,114.85105
Jhelum,2024-12-14,148.2663
Jhelum,2024-12-15,154.48715
Jhelum,2024-12-16,174.5409
Jhelum,2024-12-17,147.64326
Jhelum,2024-12-18,140.93341
Jhelum,2024-12-19,105.778854
Jhelum,2024-12-20,127.27477
Jhelum,2024-12-21,119.52217
Jhelum,2024-12-22,118.504875
Jhelum,2024-12-23,150.3383
Jhelum,2024-12-24,132.15854
Jhelum,2024-12-25,125.4007
Jhelum,2024-12-26,108.50168
Jhelum,2024-12-27,116.858765
Kasur,2024-10-29,230.04677
Kasur,2024-10-30,195.54517
Kasur,2024-10-31,180.8992
Kasur,2024-11-01,186.5666
Kasur,2024-11-02,147.62813
Kasur,2024-11-03,166.22435
Kasur,2024-11-04,150.95695
Kasur,2024-11-05,159.83838
Kasur,2024-11-06,141.78117
Kasur,2024-11-07,173.48633
Kasur,2024-11-08,154.8314
Kasur,2024-11-09,196.34842
Kasur,2024-11-10,211.48495
Kasur,2024-11-11,203.81969
Kasur,2024-11-12,204.53098
Kasur,2024-11-13,186.65482
Kasur,2024-11-14,211.1092
Kasur,2024-11-15,245.79416
Kasur,2024-11-16,292.34454
Kasur,2024-11-17,271.84018
Kasur,2024-11-18,241.95659
Kasur,2024-11-19,181.27405
Kasur,2024-11-20,247.84718
Kasur,2024-11-21,219.03548
Kasur,2024-11-22,199.54233
Kasur,2024-11-23,262.41962
Kasur,2024-11-24,279.5679
Kasur,2024-11-25,247.50284
Kasur,2024-11-26,187.1997
Kasur,2024-11-27,190.70296
Kasur,2024-11-28,173.73662
Kasur,2024-11-29,195.77885
Kasur,2024-11-30,218.98189
Kasur,2024-12-01,228.10367
Kasur,2024-12-02,114.65568
Kasur,2024-12-03,125.56457
Kasur,2024-12-04,156.15504
Kasur,2024-12-05,163.72516
Kasur,2024-12-06,126.311935
Kasur,2024-12-07,203.82516
Kasur,2024-12-08,197.68172
Kasur,2024-12-09,186.54483
Kasur,2024-12-10,198.32542
Kasur,2024-12-11,184.00937
Kasur,2024-12-12,180.57301
Kasur,2024-12-13,160.34863
Kasur,2024-12-14,235.68463
Kasur,2024-12-15,314.23947
Kasur,2024-12-16,294.50668
Kasur,2024-12-17,254.17848
Kasur,2024-12-18,220.99791
Kasur,2024-12-19,146.07088
Kasur,2024-12-20,207.69664
Kasur,2024-12-21,268.08078
Kasur,2024-12-22,254.49689
Kasur,2024-12-23,277.5335
Kasur,2024-12-24,275.39786
Kasur,2024-12-25,242.42062
Kasur,2024-12-26,165.41423
Kasur,2024-12-27,156.48923
Khanewal,2024-10-29,130.4656
Khanewal,2024-10-30,159.93025
Khanewal,2024-10-31,124.50687
Khanewal,2024-11-01,118.30908
Khanewal,2024-11-02,103.96771
Khanewal,2024-11-03,122.099846
Khanewal,2024-11-04,160.79774
Khanewal,2024-11-05,123.64274
Khanewal,2024-11-06,128.9385
Khanewal,2024-11-07,115.42486
Khanewal,2024-11-08,117.78763
Khanewal,2024-11-09,121.42072
Khanewal,2024-11-10,122.7368
Khanewal,2024-11-11,128.99867
Khanewal,2024-11-12,124.2871
Khanewal,2024-11-13,133.09819
Khanewal,2024-11-14,108.30594
Khanewal,2024-11-15,114.76916
Khanewal,2024-11-16,122.78626
Khanewal,2024-11-17,133.14442
Khanewal,2024-11-18,119.43512
Khanewal,2024-11-19,100.722565
Khanewal,2024-11-20,108.08593
Khanewal,2024-11-21,83.59394
Khanewal,2024-11-22,84.412735
Khanewal,2024-11-23,86.80165
Khanewal,2024-11-24,101.594185
Khanewal,2024-11-25,115.785774
Khanewal,2024-11-26,121.69753
Khanewal,2024-11-27,120.53679
Khanewal,2024-11-28,93.92404
Khanewal,2024-11-29,104.95006
Khanewal,2024-11-30,133.28137
Khanewal,2024-12-01,130.25671
Khanewal,2024-12-02,106.23699
Khanewal,2024-12-03,111.45953
Khanewal,2024-12-04,168.70267
Khanewal,2024-12-05,113.50147
Khanewal,2024-12-06,111.34708
Khanewal,2024-12-07,121.30062
Khanewal,2024-12-08,133.46558
Khanewal,2024-12-09,128.69116
Khanewal,2024-12-10,114.313774
Khanewal,2024-12-11,137.6583
Khanewal,2024-12-12,109.41051
Khanewal,2024-12-13,113.62061
Khanewal,2024-12-14,115.15267
Khanewal,2024-12-15,131.51596
Khanewal,2024-12-16,133.81734
Khanewal,2024-12-17,138.73254
Khanewal,2024-12-18,130.70569
Khanewal,2024-12-19,96.87235
Khanewal,2024-12-20,89.17423
Khanewal,2024-12-21,85.355156
Khanewal,2024-12-22,91.75855
Khanewal,2024-12-23,103.61229
Khanewal,2024-12-24,120.749565
Khanewal,2024-12-25,117.20575
Khanewal,2024-12-26,97.83287
Khanewal,2024-12-27,90.74295
Khushab,2024-10-29,121.43122
Khushab,2024-10-30,97.60166
Khushab,2024-10-31,92.099365
Khushab,2024-11-01,97.75207
Khushab,2024-11-02,89.59016
Khushab,2024-11-03,114.79479
Khushab,2024-11-04,118.53864
Khushab,2024-11-05,125.19084
Khushab,2024-11-06,125.14749
Khushab,2024-11-07,133.04591
Khushab,2024-11-08,123.54417
Khushab,2024-11-09,132.30672
Khushab,2024-11-10,135.15608
Khushab,2024-11-11,144.72383
Khushab,2024-11-12,141.2364
Khushab,2024-11-13,138.61633
Khushab,2024-11-14,116.12198
Khushab,2024-11-15,132.98994
Khushab,2024-11-16,133.88332
Khushab,2024-11-17,132.51381
Khushab,2024-11-18,129.53981
Khushab,2024-11-19,99.63052
Khushab,2024-11-20,114.84831
Khushab,2024-11-21,97.05857
Khushab,2024-11-22,89.7081
Khushab,2024-11-23,96.77412
Khushab,2024-11-24,111.53833
Khushab,2024-11-25,118.187706
Khushab,2024-11-26,124.13179
Khushab,2024-11-27,118.65083
Khushab,2024-11-28,123.375244
Khushab,2024-11-29,106.643425
Khushab,2024-11-30,89.37645
Khushab,2024-12-01,115.58482
Khushab,2024-12-02,78.910934
Khushab,2024-12-03,113.739685
Khushab,2024-12-04,121.47687
Khushab,2024-12-05,121.3233
Khushab,2024-12-06,111.511116
Khushab,2024-12-07,134.72372
Khushab,2024-12-08,133.98035
Khushab,2024-12-09,141.18527
Khushab,2024-12-10,137.91632
Khushab,2024-12-11,140.35402
Khushab,2024-12-12,128.44394
Khushab,2024-12-13,126.19929
Khushab,2024-12-14,119.52956
Khushab,2024-12-15,148.28062
Khushab,2024-12-16,148.25246
Khushab,2024-12-17,135.82292
Khushab,2024-12-18,127.61613
Khushab,2024-12-19,103.89039
Khushab,2024-12-20,96.372574
Khushab,2024-12-21,94.112564
Khushab,2024-12-22,102.54559
Khushab,2024-12-23,113.2661
Khushab,2024-12-24,114.64041
Khushab,2024-12-25,120.90058
Khushab,2024-12-26,112.281105
Khushab,2024-12-27,94.43116
Lahore,2024-10-29,269.34882
Lahore,2024-10-30,205.91289
Lahore,2024-10-31,180.80197
Lahore,2024-11-01,206.96121
Lahore,2024-11-02,160.86853
Lahore,2024-11-03,179.67566
Lahore,2024-11-04,155.20523
Lahore,2024-11-05,166.21289
Lahore,2024-11-06,137.73053
Lahore,2024-11-07,171.4157
Lahore,2024-11-08,160.76764
Lahore,2024-11-09,220.15813
Lahore,2024-11-10,245.38422
Lahore,2024-11-11,220.41719
Lahore,2024-11-12,234.63786
Lahore,2024-11-13,201.31218
Lahore,2024-11-14,228.8051
Lahore,2024-11-15,293.92355
Lahore,2024-11-16,379.4264
Lahore,2024-11-17,358.6322
Lahore,2024-11-18,298.637
Lahore,2024-11-19,220.66356
Lahore,2024-11-20,313.9286
Lahore,2024-11-21,260.60788
Lahore,2024-11-22,249.61618
Lahore,2024-11-23,333.77502
Lahore,2024-11-24,351.38394
Lahore,2024-11-25,301.25934
Lahore,2024-11-26,230.50195
Lahore,2024-11-27,230.85765
Lahore,2024-11-28,188.17891
Lahore,2024-11-29,230.62196
Lahore,2024-11-30,249.26932
Lahore,2024-12-01,270.10837
Lahore,2024-12-02,112.47397
Lahore,2024-12-03,130.13913
Lahore,2024-12-04,161.37373
Lahore,2024-12-05,159.46735
Lahore,2024-12-06,123.563614
Lahore,2024-12-07,220.22403
Lahore,2024-12-08,218.96031
Lahore,2024-12-09,197.40237
Lahore,2024-12-10,213.58647
Lahore,2024-12-11,194.25896
Lahore,2024-12-12,196.85735
Lahore,2024-12-13,172.25626
Lahore,2024-12-14,272.73615
Lahore,2024-12-15,400.08997
Lahore,2024-12-16,370.61478
Lahore,2024-12-17,310.55157
Lahore,2024-12-18,269.4365
Lahore,2024-12-19,160.3616
Lahore,2024-12-20,276.56732
Lahore,2024-12-21,344.19257
Lahore,2024-12-22,332.0456
Lahore,2024-12-23,329.94232
Lahore,2024-12-24,324.1212
Lahore,2024-12-25,286.83713
Lahore,2024-12-26,184.75558
Lahore,2024-12-27,194.08618
Layyah,2024-10-29,110.26583
Layyah,2024-10-30,138.81985
Layyah,2024-10-31,112.073524
Layyah,2024-11-01,87.99483
Layyah,2024-11-02,89.09873
Layyah,2024-11-03,120.80646
Layyah,2024-11-04,111.90038
Layyah,2024-11-05,121.43875
Layyah,2024-11-06,128.40634
Layyah,2024-11-07,121.2176
Layyah,2024-11-08,129.95992
Layyah,2024-11-09,125.619705
Layyah,2024-11-10,129.36435
Layyah,2024-11-11,133.77141
Layyah,2024-11-12,105.37007
Layyah,2024-11-13,107.96306
Layyah,2024-11-14,101.5375
Layyah,2024-11-15,109.29414
Layyah,2024-11-16,109.29781
Layyah,2024-11-17,120.25249
Layyah,2024-11-18,115.68777
Layyah,2024-11-19,94.32772
Layyah,2024-11-20,126.55028
Layyah,2024-11-21,89.78814
Layyah,2024-11-22,83.34422
Layyah,2024-11-23,89.083176
Layyah,2024-11-24,96.639885
Layyah,2024-11-25,106.08719
Layyah,2024-11-26,107.3476
Layyah,2024-11-27,102.92056
Layyah,2024-11-28,91.04849
Layyah,2024-11-29,93.56717
Layyah,2024-11-30,118.97824
Layyah,2024-12-01,97.96863
Layyah,2024-12-02,78.39896
Layyah,2024-12-03,106.97363
Layyah,2024-12-04,120.74189
Layyah,2024-12-05,121.743576
Layyah,2024-12-06,110.00152
Layyah,2024-12-07,127.363495
Layyah,2024-12-08,151.90146
Layyah,2024-12-09,132.25897
Layyah,2024-12-10,116.514885
Layyah,2024-12-11,142.17018
Layyah,2024-12-12,110.70291
Layyah,2024-12-13,97.17791
Layyah,2024-12-14,105.45553
Layyah,2024-12-15,134.90736
Layyah,2024-12-16,117.41617
Layyah,2024-12-17,111.79263
Layyah,2024-12-18,125.04062
Layyah,2024-12-19,103.67585
Layyah,2024-12-20,108.22378
Layyah,2024-12-21,91.28468
Layyah,2024-12-22,95.72397
Layyah,2024-12-23,99.76291
Layyah,2024-12-24,100.742676
Layyah,2024-12-25,112.24055
Layyah,2024-12-26,103.949135
Layyah,2024-12-27,80.37089
Lodhran,2024-10-29,141.22202
Lodhran,2024-10-30,152.45308
Lodhran,2024-10-31,121.891914
Lodhran,2024-11-01,112.90277
Lodhran,2024-11-02,128.9864
Lodhran,2024-11-03,137.0901
Lodhran,2024-11-04,187.49463
Lodhran,2024-11-05,177.15158
Lodhran,2024-11-06,160.4382
Lodhran,2024-11-07,136.257
Lodhran,2024-11-08,143.30727
Lodhran,2024-11-09,136.6297
Lodhran,2024-11-10,139.74635
Lodhran,2024-11-11,168.68117
Lodhran,2024-11-12,128.22536
Lodhran,2024-11-13,133.08125
Lodhran,2024-11-14,132.58809
Lodhran,2024-11-15,145.0059
Lodhran,2024-11-16,148.41504
Lodhran,2024-11-17,165.30023
Lodhran,2024-11-18,155.18654
Lodhran,2024-11-19,131.81857
Lodhran,2024-11-20,150.77101
Lodhran,2024-11-21,129.38625
Lodhran,2024-11-22,137.7253
Lodhran,2024-11-23,141.67732
Lodhran,2024-11-24,150.60939
Lodhran,2024-11-25,166.24483
Lodhran,2024-11-26,154.56837
Lodhran,2024-11-27,136.23793
Lodhran,2024-11-28,108.269966
Lodhran,2024-11-29,112.2689
Lodhran,2024-11-30,126.65446
Lodhran,2024-12-01,115.24955
Lodhran,2024-12-02,152.455
Lodhran,2024-12-03,132.285
Lodhran,2024-12-04,185.29758
Lodhran,2024-12-05,162.32123
Lodhran,2024-12-06,142.24255
Lodhran,2024-12-07,143.83563
Lodhran,2024-12-08,163.2343
Lodhran,2024-12-09,161.18849
Lodhran,2024-12-10,133.90828
Lodhran,2024-12-11,162.51526
Lodhran,2024-12-12,103.10421
Lodhran,2024-12-13,114.172066
Lodhran,2024-12-14,142.84569
Lodhran,2024-12-15,166.602
Lodhran,2024-12-16,173.60742
Lodhran,2024-12-17,168.87532
Lodhran,2024-12-18,140.39578
Lodhran,2024-12-19,101.948494
Lodhran,2024-12-20,131.58588
Lodhran,2024-12-21,137.03401
Lodhran,2024-12-22,150.14612
Lodhran,2024-12-23,176.619
Lodhran,2024-12-24,172.1667
Lodhran,2024-12-25,152.69435
Lodhran,2024-12-26,121.848465
Lodhran,2024-12-27,105.94435
Mandi Bahuddin,2024-10-29,141.94542
Mandi Bahuddin,2024-10-30,107.15519
Mandi Bahuddin,2024-10-31,99.955025
Mandi Bahuddin,2024-11-01,102.853775
Mandi Bahuddin,2024-11-02,93.6253
Mandi Bahuddin,2024-11-03,113.61906
Mandi Bahuddin,2024-11-04,109.66409
Mandi Bahuddin,2024-11-05,124.31479
Mandi Bahuddin,2024-11-06,106.24318
Mandi Bahuddin,2024-11-07,126.93606
Mandi Bahuddin,2024-11-08,120.932945
Mandi Bahuddin,2024-11-09,135.80104
Mandi Bahuddin,2024-11-10,149.24756
Mandi Bahuddin,2024-11-11,155.12497
Mandi Bahuddin,2024-11-12,145.42084
Mandi Bahuddin,2024-11-13,147.23381
Mandi Bahuddin,2024-11-14,143.78287
Mandi Bahuddin,2024-11-15,152.61938
Mandi Bahuddin,2024-11-16,165.71312
Mandi Bahuddin,2024-11-17,158.32759
Mandi Bahuddin,2024-11-18,165.73785
Mandi Bahuddin,2024-11-19,120.76022
Mandi Bahuddin,2024-11-20,149.66753
Mandi Bahuddin,2024-11-21,119.70833
Mandi Bahuddin,2024-11-22,114.03382
Mandi Bahuddin,2024-11-23,127.56338
Mandi Bahuddin,2024-11-24,125.725105
Mandi Bahuddin,2024-11-25,141.4732
Mandi Bahuddin,2024-11-26,135.485
Mandi Bahuddin,2024-11-27,130.21968
Mandi Bahuddin,2024-11-28,107.61019
Mandi Bahuddin,2024-11-29,127.82728
Mandi Bahuddin,2024-11-30,105.56562
Mandi Bahuddin,2024-12-01,119.342155
Mandi Bahuddin,2024-12-02,76.12345
Mandi Bahuddin,2024-12-03,103.14526
Mandi Bahuddin,2024-12-04,120.37665
Mandi Bahuddin,2024-12-05,115.784424
Mandi Bahuddin,2024-12-06,85.01791
Mandi Bahuddin,2024-12-07,142.88293
Mandi Bahuddin,2024-12-08,140.23767
Mandi Bahuddin,2024-12-09,143.73619
Mandi Bahuddin,2024-12-10,155.56082
Mandi Bahuddin,2024-12-11,149.75923
Mandi Bahuddin,2024-12-12,114.98503
Mandi Bahuddin,2024-12-13,123.34575
Mandi Bahuddin,2024-12-14,158.58842
Mandi Bahuddin,2024-12-15,182.29347
Mandi Bahuddin,2024-12-16,187.8594
Mandi Bahuddin,2024-12-17,167.50049
Mandi Bahuddin,2024-12-18,160.63239
Mandi Bahuddin,2024-12-19,92.34596
Mandi Bahuddin,2024-12-20,124.40187
Mandi Bahuddin,2024-12-21,122.44151
Mandi Bahuddin,2024-12-22,125.6511
Mandi Bahuddin,2024-12-23,150.0337
Mandi Bahuddin,2024-12-24,139.21812
Mandi Bahuddin,2024-12-25,141.76619
Mandi Bahuddin,2024-12-26,114.50695
Mandi Bahuddin,2024-12-27,105.05134
Mianwali,2024-10-29,109.11899
Mianwali,2024-10-30,94.37437
Mianwali,2024-10-31,93.89713
Mianwali,2024-11-01,70.62946
Mianwali,2024-11-02,67.868355
Mianwali,2024-11-03,88.091576
Mianwali,2024-11-04,73.797485
Mianwali,2024-11-05,97.39723
Mianwali,2024-11-06,95.15668
Mianwali,2024-11-07,112.298935
Mianwali,2024-11-08,106.69789
Mianwali,2024-11-09,107.424706
Mianwali,2024-11-10,108.85075
Mianwali,2024-11-11,115.59879
Mianwali,2024-11-12,115.60374
Mianwali,2024-11-13,105.446014
Mianwali,2024-11-14,90.9045
Mianwali,2024-11-15,100.34682
Mianwali,2024-11-16,108.55885
Mianwali,2024-11-17,107.7621
Mianwali,2024-11-18,116.80422
Mianwali,2024-11-19,102.81679
Mianwali,2024-11-20,99.57333
Mianwali,2024-11-21,89.58847
Mianwali,2024-11-22,83.639084
Mianwali,2024-11-23,83.0082
Mianwali,2024-11-24,96.07886
Mianwali,2024-11-25,104.502174
Mianwali,2024-11-26,111.87854
Mianwali,2024-11-27,94.423195
Mianwali,2024-11-28,102.30993
Mianwali,2024-11-29,96.29703
Mianwali,2024-11-30,89.38788
Mianwali,2024-12-01,75.18572
Mianwali,2024-12-02,62.45949
Mianwali,2024-12-03,81.08193
Mianwali,2024-12-04,70.54149
Mianwali,2024-12-05,95.79542
Mianwali,2024-12-06,92.96963
Mianwali,2024-12-07,112.38226
Mianwali,2024-12-08,116.787506
Mianwali,2024-12-09,113.09661
Mianwali,2024-12-10,107.634575
Mianwali,2024-12-11,107.29195
Mianwali,2024-12-12,104.80435
Mianwali,2024-12-13,106.94502
Mianwali,2024-12-14,92.51177
Mianwali,2024-12-15,109.00894
Mianwali,2024-12-16,120.99329
Mianwali,2024-12-17,108.883026
Mianwali,2024-12-18,114.33762
Mianwali,2024-12-19,107.935776
Mianwali,2024-12-20,90.59625
Mianwali,2024-12-21,85.41075
Mianwali,2024-12-22,89.45348
Mianwali,2024-12-23,97.85191
Mianwali,2024-12-24,103.67181
Mianwali,2024-12-25,102.191666
Mianwali,2024-12-26,102.666084
Mianwali,2024-12-27,78.40513
Multan,2024-10-29,134.78017
Multan,2024-10-30,139.52567
Multan,2024-10-31,114.59757
Multan,2024-11-01,111.78168
Multan,2024-11-02,130.06128
Multan,2024-11-03,132.46721
Multan,2024-11-04,192.24544
Multan,2024-11-05,178.86948
Multan,2024-11-06,163.94449
Multan,2024-11-07,141.57484
Multan,2024-11-08,148.94249
Multan,2024-11-09,148.34537
Multan,2024-11-10,152.23508
Multan,2024-11-11,153.47559
Multan,2024-11-12,121.844696
Multan,2024-11-13,123.55116
Multan,2024-11-14,137.11835
Multan,2024-11-15,152.46547
Multan,2024-11-16,154.68448
Multan,2024-11-17,181.31554
Multan,2024-11-18,150.91943
Multan,2024-11-19,139.86449
Multan,2024-11-20,200.43127
Multan,2024-11-21,145.60373
Multan,2024-11-22,152.54507
Multan,2024-11-23,157.59842
Multan,2024-11-24,169.74365
Multan,2024-11-25,168.4027
Multan,2024-11-26,150.56583
Multan,2024-11-27,135.3264
Multan,2024-11-28,107.71334
Multan,2024-11-29,109.83256
Multan,2024-11-30,116.788
Multan,2024-12-01,118.82107
Multan,2024-12-02,163.43242
Multan,2024-12-03,122.56968
Multan,2024-12-04,193.026
Multan,2024-12-05,165.97166
Multan,2024-12-06,145.41422
Multan,2024-12-07,152.85097
Multan,2024-12-08,176.44678
Multan,2024-12-09,155.44339
Multan,2024-12-10,137.94339
Multan,2024-12-11,158.32594
Multan,2024-12-12,95.710625
Multan,2024-12-13,103.787735
Multan,2024-12-14,150.52626
Multan,2024-12-15,182.71983
Multan,2024-12-16,157.65443
Multan,2024-12-17,169.61284
Multan,2024-12-18,149.22437
Multan,2024-12-19,115.789764
Multan,2024-12-20,185.2471
Multan,2024-12-21,159.19556
Multan,2024-12-22,170.0689
Multan,2024-12-23,173.25615
Multan,2024-12-24,174.99701
Multan,2024-12-25,166.02727
Multan,2024-12-26,120.877464
Multan,2024-12-27,107.99934
Muzaffargarh,2024-10-29,142.33163
Muzaffargarh,2024-10-30,159.28413
Muzaffargarh,2024-10-31,128.22308
Muzaffargarh,2024-11-01,111.928024
Muzaffargarh,2024-11-02,135.4828
Muzaffargarh,2024-11-03,140.32516
Muzaffargarh,2024-11-04,175.1275
Muzaffargarh,2024-11-05,183.25626
Muzaffargarh,2024-11-06,177.55891
Muzaffargarh,2024-11-07,152.78961
Muzaffargarh,2024-11-08,164.03021
Muzaffargarh,2024-11-09,151.01543
Muzaffargarh,2024-11-10,149.79675
Muzaffargarh,2024-11-11,159.39076
Muzaffargarh,2024-11-12,121.82846
Muzaffargarh,2024-11-13,130.09427
Muzaffargarh,2024-11-14,133.46884
Muzaffargarh,2024-11-15,155.84293
Muzaffargarh,2024-11-16,156.9616
Muzaffargarh,2024-11-17,177.16687
Muzaffargarh,2024-11-18,156.96414
Muzaffargarh,2024-11-19,144.42354
Muzaffargarh,2024-11-20,204.11588
Muzaffargarh,2024-11-21,142.78047
Muzaffargarh,2024-11-22,143.58463
Muzaffargarh,2024-11-23,141.72601
Muzaffargarh,2024-11-24,152.85637
Muzaffargarh,2024-11-25,170.03438
Muzaffargarh,2024-11-26,167.19563
Muzaffargarh,2024-11-27,145.20963
Muzaffargarh,2024-11-28,116.06503
Muzaffargarh,2024-11-29,118.26605
Muzaffargarh,2024-11-30,125.51189
Muzaffargarh,2024-12-01,120.35956
Muzaffargarh,2024-12-02,153.52444
Muzaffargarh,2024-12-03,136.88574
Muzaffargarh,2024-12-04,183.79738
Muzaffargarh,2024-12-05,174.76714
Muzaffargarh,2024-12-06,158.07388
Muzaffargarh,2024-12-07,159.78102
Muzaffargarh,2024-12-08,183.87207
Muzaffargarh,2024-12-09,164.12868
Muzaffargarh,2024-12-10,143.18295
Muzaffargarh,2024-12-11,169.82475
Muzaffargarh,2024-12-12,107.87181
Muzaffargarh,2024-12-13,105.33887
Muzaffargarh,2024-12-14,141.99467
Muzaffargarh,2024-12-15,175.85352
Muzaffargarh,2024-12-16,169.75241
Muzaffargarh,2024-12-17,176.25424
Muzaffargarh,2024-12-18,163.31654
Muzaffargarh,2024-12-19,117.7594
Muzaffargarh,2024-12-20,183.4431
Muzaffargarh,2024-12-21,148.28719
Muzaffargarh,2024-12-22,152.7735
Muzaffargarh,2024-12-23,161.09222
Muzaffargarh,2024-12-24,166.80109
Muzaffargarh,2024-12-25,177.45337
Muzaffargarh,2024-12-26,142.6767
Muzaffargarh,2024-12-27,110.578926
Nankana Sahib,2024-10-29,172.00273
Nankana Sahib,2024-10-30,138.37288
Nankana Sahib,2024-10-31,116.64099
Nankana Sahib,2024-11-01,105.19013
Nankana Sahib,2024-11-02,104.586205
Nankana Sahib,2024-11-03,127.943275
Nankana Sahib,2024-11-04,129.81036
Nankana Sahib,2024-11-05,138.17085
Nankana Sahib,2024-11-06,122.72717
Nankana Sahib,2024-11-07,141.68182
Nankana Sahib,2024-11-08,130.2152
Nankana Sahib,2024-11-09,159.10678
Nankana Sahib,2024-11-10,170.66443
Nankana Sahib,2024-11-11,172.9268
Nankana Sahib,2024-11-12,151.74161
Nankana Sahib,2024-11-13,145.04608
Nankana Sahib,2024-11-14,140.2889
Nankana Sahib,2024-11-15,163.20772
Nankana Sahib,2024-11-16,181.94727
Nankana Sahib,2024-11-17,173.41692
Nankana Sahib,2024-11-18,170.26042
Nankana Sahib,2024-11-19,119.59278
Nankana Sahib,2024-11-20,158.98296
Nankana Sahib,2024-11-21,127.730125
Nankana Sahib,2024-11-22,122.63821
Nankana Sahib,2024-11-23,150.87996
Nankana Sahib,2024-11-24,155.39572
Nankana Sahib,2024-11-25,171.96385
Nankana Sahib,2024-11-26,141.97893
Nankana Sahib,2024-11-27,138.40125
Nankana Sahib,2024-11-28,104.1097
Nankana Sahib,2024-11-29,151.67256
Nankana Sahib,2024-11-30,141.82426
Nankana Sahib,2024-12-01,136.35478
Nankana Sahib,2024-12-02,80.42814
Nankana Sahib,2024-12-03,103.79907
Nankana Sahib,2024-12-04,136.15036
Nankana Sahib,2024-12-05,129.45502
Nankana Sahib,2024-12-06,105.57345
Nankana Sahib,2024-12-07,176.83852
Nankana Sahib,2024-12-08,156.94566
Nankana Sahib,2024-12-09,167.34337
Nankana Sahib,2024-12-10,166.89935
Nankana Sahib,2024-12-11,173.73332
Nankana Sahib,2024-12-12,120.92704
Nankana Sahib,2024-12-13,117.06023
Nankana Sahib,2024-12-14,167.1643
Nankana Sahib,2024-12-15,212.93228
Nankana Sahib,2024-12-16,198.44891
Nankana Sahib,2024-12-17,170.4572
Nankana Sahib,2024-12-18,160.08858
Nankana Sahib,2024-12-19,86.98727
Nankana Sahib,2024-12-20,130.01268
Nankana Sahib,2024-12-21,149.01418
Nankana Sahib,2024-12-22,143.22441
Nankana Sahib,2024-12-23,175.7783
Nankana Sahib,2024-12-24,166.62634
Nankana Sahib,2024-12-25,166.59483
Nankana Sahib,2024-12-26,115.24824
Nankana Sahib,2024-12-27,104.55144
Narowal,2024-10-29,174.48325
Narowal,2024-10-30,173.00372
Narowal,2024-10-31,143.7867
Narowal,2024-11-01,123.08957
Narowal,2024-11-02,98.00704
Narowal,2024-11-03,116.605
Narowal,2024-11-04,97.63918
Narowal,2024-11-05,124.566345
Narowal,2024-11-06,102.1718
Narowal,2024-11-07,115.39212
Narowal,2024-11-08,113.28255
Narowal,2024-11-09,124.46561
Narowal,2024-11-10,161.40926
Narowal,2024-11-11,156.2619
Narowal,2024-11-12,161.72629
Narowal,2024-11-13,147.2192
Narowal,2024-11-14,156.29626
Narowal,2024-11-15,165.98604
Narowal,2024-11-16,199.1258
Narowal,2024-11-17,190.56328
Narowal,2024-11-18,198.79793
Narowal,2024-11-19,140.06924
Narowal,2024-11-20,201.84143
Narowal,2024-11-21,161.85077
Narowal,2024-11-22,160.85521
Narowal,2024-11-23,173.239
Narowal,2024-11-24,176.45935
Narowal,2024-11-25,159.87091
Narowal,2024-11-26,170.67802
Narowal,2024-11-27,159.59116
Narowal,2024-11-28,121.930374
Narowal,2024-11-29,144.60893
Narowal,2024-11-30,177.24406
Narowal,2024-12-01,148.01422
Narowal,2024-12-02,92.09383
Narowal,2024-12-03,107.896095
Narowal,2024-12-04,104.06969
Narowal,2024-12-05,105.84315
Narowal,2024-12-06,82.30437
Narowal,2024-12-07,133.36382
Narowal,2024-12-08,140.92598
Narowal,2024-12-09,124.63636
Narowal,2024-12-10,174.83118
Narowal,2024-12-11,143.20058
Narowal,2024-12-12,112.18846
Narowal,2024-12-13,120.00914
Narowal,2024-12-14,179.67245
Narowal,2024-12-15,203.16203
Narowal,2024-12-16,216.57239
Narowal,2024-12-17,197.33481
Narowal,2024-12-18,189.46368
Narowal,2024-12-19,92.53227
Narowal,2024-12-20,172.84758
Narowal,2024-12-21,189.79959
Narowal,2024-12-22,191.78285
Narowal,2024-12-23,190.99681
Narowal,2024-12-24,194.99892
Narowal,2024-12-25,161.6314
Narowal,2024-12-26,141.07622
Narowal,2024-12-27,137.29631
Okara,2024-10-29,144.2356
Okara,2024-10-30,166.17023
Okara,2024-10-31,130.51436
Okara,2024-11-01,113.49528
Okara,2024-11-02,98.052025
Okara,2024-11-03,125.469795
Okara,2024-11-04,129.78319
Okara,2024-11-05,116.17364
Okara,2024-11-06,119.682915
Okara,2024-11-07,132.89809
Okara,2024-11-08,126.803734
Okara,2024-11-09,139.82292
Okara,2024-11-10,152.0644
Okara,2024-11-11,153.11621
Okara,2024-11-12,132.24103
Okara,2024-11-13,143.20036
Okara,2024-11-14,124.564606
Okara,2024-11-15,144.77612
Okara,2024-11-16,154.95322
Okara,2024-11-17,158.25105
Okara,2024-11-18,150.0502
Okara,2024-11-19,112.32854
Okara,2024-11-20,140.39719
Okara,2024-11-21,116.6225
Okara,2024-11-22,107.52916
Okara,2024-11-23,131.32906
Okara,2024-11-24,137.88083
Okara,2024-11-25,157.33136
Okara,2024-11-26,118.180916
Okara,2024-11-27,118.50904
Okara,2024-11-28,82.33413
Okara,2024-11-29,129.87529
Okara,2024-11-30,153.24255
Okara,2024-12-01,136.41592
Okara,2024-12-02,79.42035
Okara,2024-12-03,99.17527
Okara,2024-12-04,150.15933
Okara,2024-12-05,114.62026
Okara,2024-12-06,106.05308
Okara,2024-12-07,146.44745
Okara,2024-12-08,154.52606
Okara,2024-12-09,149.27863
Okara,2024-12-10,142.22623
Okara,2024-12-11,160.83136
Okara,2024-12-12,112.50556
Okara,2024-12-13,121.845276
Okara,2024-12-14,139.21553
Okara,2024-12-15,179.6518
Okara,2024-12-16,167.69685
Okara,2024-12-17,150.23444
Okara,2024-12-18,147.40613
Okara,2024-12-19,91.90195
Okara,2024-12-20,113.16867
Okara,2024-12-21,136.88391
Okara,2024-12-22,128.47255
Okara,2024-12-23,152.26796
Okara,2024-12-24,145.39189
Okara,2024-12-25,152.92516
Okara,2024-12-26,101.299225
Okara,2024-12-27,89.17438
Pakpattan,2024-10-29,122.725105
Pakpattan,2024-10-30,172.42395
Pakpattan,2024-10-31,129.11992
Pakpattan,2024-11-01,128.42174
Pakpattan,2024-11-02,107.33424
Pakpattan,2024-11-03,146.25197
Pakpattan,2024-11-04,142.31047
Pakpattan,2024-11-05,127.226974
Pakpattan,2024-11-06,142.15254
Pakpattan,2024-11-07,122.92368
Pakpattan,2024-11-08,128.52498
Pakpattan,2024-11-09,140.09174
Pakpattan,2024-11-10,155.0773
Pakpattan,2024-11-11,148.27455
Pakpattan,2024-11-12,129.99684
Pakpattan,2024-11-13,151.058
Pakpattan,2024-11-14,122.595474
Pakpattan,2024-11-15,150.35094
Pakpattan,2024-11-16,144.35753
Pakpattan,2024-11-17,161.21681
Pakpattan,2024-11-18,138.66405
Pakpattan,2024-11-19,111.855675
Pakpattan,2024-11-20,130.60568
Pakpattan,2024-11-21,91.69639
Pakpattan,2024-11-22,93.04484
Pakpattan,2024-11-23,102.00772
Pakpattan,2024-11-24,113.67601
Pakpattan,2024-11-25,121.4905
Pakpattan,2024-11-26,108.02108
Pakpattan,2024-11-27,114.19718
Pakpattan,2024-11-28,79.46694
Pakpattan,2024-11-29,102.60118
Pakpattan,2024-11-30,151.88148
Pakpattan,2024-12-01,154.89458
Pakpattan,2024-12-02,81.37303
Pakpattan,2024-12-03,114.28439
Pakpattan,2024-12-04,170.68503
Pakpattan,2024-12-05,127.31102
Pakpattan,2024-12-06,122.16806
Pakpattan,2024-12-07,136.91573
Pakpattan,2024-12-08,161.95148
Pakpattan,2024-12-09,142.73943
Pakpattan,2024-12-10,133.34834
Pakpattan,2024-12-11,156.8137
Pakpattan,2024-12-12,111.8302
Pakpattan,2024-12-13,131.32881
Pakpattan,2024-12-14,135.76053
Pakpattan,2024-12-15,186.77989
Pakpattan,2024-12-16,161.04883
Pakpattan,2024-12-17,155.14136
Pakpattan,2024-12-18,147.77232
Pakpattan,2024-12-19,94.304886
Pakpattan,2024-12-20,103.39302
Pakpattan,2024-12-21,100.014755
Pakpattan,2024-12-22,112.67171
Pakpattan,2024-12-23,112.9065
Pakpattan,2024-12-24,110.80616
Pakpattan,2024-12-25,127.443855
Pakpattan,2024-12-26,99.62087
Pakpattan,2024-12-27,84.36365
Rahim Yar Khan,2024-10-29,89.463745
Rahim Yar Khan,2024-10-30,101.60137
Rahim Yar Khan,2024-10-31,103.40503
Rahim Yar Khan,2024-11-01,79.02427
Rahim Yar Khan,2024-11-02,95.76559
Rahim Yar Khan,2024-11-03,96.518074
Rahim Yar Khan,2024-11-04,119.435295
Rahim Yar Khan,2024-11-05,107.018105
Rahim Yar Khan,2024-11-06,109.372925
Rahim Yar Khan,2024-11-07,107.46556
Rahim Yar Khan,2024-11-08,101.60179
Rahim Yar Khan,2024-11-09,104.21904
Rahim Yar Khan,2024-11-10,116.069374
Rahim Yar Khan,2024-11-11,96.39105
Rahim Yar Khan,2024-11-12,148.47029
Rahim Yar Khan,2024-11-13,208.88957
Rahim Yar Khan,2024-11-14,226.85603
Rahim Yar Khan,2024-11-15,142.932
Rahim Yar Khan,2024-11-16,132.95573
Rahim Yar Khan,2024-11-17,129.663
Rahim Yar Khan,2024-11-18,95.79394
Rahim Yar Khan,2024-11-19,105.811844
Rahim Yar Khan,2024-11-20,103.70939
Rahim Yar Khan,2024-11-21,96.63204
Rahim Yar Khan,2024-11-22,91.86867
Rahim Yar Khan,2024-11-23,92.404274
Rahim Yar Khan,2024-11-24,97.5777
Rahim Yar Khan,2024-11-25,95.213356
Rahim Yar Khan,2024-11-26,110.30653
Rahim Yar Khan,2024-11-27,138.05025
Rahim Yar Khan,2024-11-28,117.39845
Rahim Yar Khan,2024-11-29,99.44296
Rahim Yar Khan,2024-11-30,104.77334
Rahim Yar Khan,2024-12-01,79.97084
Rahim Yar Khan,2024-12-02,111.819984
Rahim Yar Khan,2024-12-03,82.770584
Rahim Yar Khan,2024-12-04,126.5521
Rahim Yar Khan,2024-12-05,115.19098
Rahim Yar Khan,2024-12-06,103.568146
Rahim Yar Khan,2024-12-07,103.69302
Rahim Yar Khan,2024-12-08,120.57088
Rahim Yar Khan,2024-12-09,98.29732
Rahim Yar Khan,2024-12-10,97.738434
Rahim Yar Khan,2024-12-11,108.93542
Rahim Yar Khan,2024-12-12,170.65952
Rahim Yar Khan,2024-12-13,230.64244
Rahim Yar Khan,2024-12-14,247.57977
Rahim Yar Khan,2024-12-15,136.10733
Rahim Yar Khan,2024-12-16,111.60066
Rahim Yar Khan,2024-12-17,110.07584
Rahim Yar Khan,2024-12-18,104.01957
Rahim Yar Khan,2024-12-19,115.685165
Rahim Yar Khan,2024-12-20,96.92437
Rahim Yar Khan,2024-12-21,88.32657
Rahim Yar Khan,2024-12-22,109.48383
Rahim Yar Khan,2024-12-23,94.09076
Rahim Yar Khan,2024-12-24,83.83287
Rahim Yar Khan,2024-12-25,101.99102
Rahim Yar Khan,2024-12-26,135.10127
Rahim Yar Khan,2024-12-27,141.76631
Rajanpur,2024-10-29,92.04075
Rajanpur,2024-10-30,103.4666
Rajanpur,2024-10-31,104.16066
Rajanpur,2024-11-01,77.93249
Rajanpur,2024-11-02,96.62634
Rajanpur,2024-11-03,96.464745
Rajanpur,2024-11-04,109.30091
Rajanpur,2024-11-05,99.89651
Rajanpur,2024-11-06,115.35917
Rajanpur,2024-11-07,104.874275
Rajanpur,2024-11-08,109.911545
Rajanpur,2024-11-09,105.75451
Rajanpur,2024-11-10,116.38063
Rajanpur,2024-11-11,92.84827
Rajanpur,2024-11-12,82.34986
Rajanpur,2024-11-13,96.106834
Rajanpur,2024-11-14,113.855545
Rajanpur,2024-11-15,123.80843
Rajanpur,2024-11-16,106.62615
Rajanpur,2024-11-17,128.13652
Rajanpur,2024-11-18,95.37469
Rajanpur,2024-11-19,105.943596
Rajanpur,2024-11-20,106.43284
Rajanpur,2024-11-21,98.05864
Rajanpur,2024-11-22,95.792244
Rajanpur,2024-11-23,85.22236
Rajanpur,2024-11-24,91.49739
Rajanpur,2024-11-25,86.962906
Rajanpur,2024-11-26,102.908714
Rajanpur,2024-11-27,101.52399
Rajanpur,2024-11-28,103.742096
Rajanpur,2024-11-29,92.923096
Rajanpur,2024-11-30,103.01508
Rajanpur,2024-12-01,81.66718
Rajanpur,2024-12-02,98.633354
Rajanpur,2024-12-03,85.503204
Rajanpur,2024-12-04,121.88483
Rajanpur,2024-12-05,107.46314
Rajanpur,2024-12-06,110.51702
Rajanpur,2024-12-07,110.82783
Rajanpur,2024-12-08,124.43637
Rajanpur,2024-12-09,96.51499
Rajanpur,2024-12-10,109.02466
Rajanpur,2024-12-11,103.14075
Rajanpur,2024-12-12,86.869484
Rajanpur,2024-12-13,90.44967
Rajanpur,2024-12-14,115.84913
Rajanpur,2024-12-15,136.40831
Rajanpur,2024-12-16,93.0561
Rajanpur,2024-12-17,113.08119
Rajanpur,2024-12-18,106.16774
Rajanpur,2024-12-19,115.5721
Rajanpur,2024-12-20,103.476845
Rajanpur,2024-12-21,90.29435
Rajanpur,2024-12-22,107.612076
Rajanpur,2024-12-23,80.62636
Rajanpur,2024-12-24,83.68218
Rajanpur,2024-12-25,93.53505
Rajanpur,2024-12-26,108.16379
Rajanpur,2024-12-27,98.65683
Rawalpindi,2024-10-29,206.67683
Rawalpindi,2024-10-30,176.7931
Rawalpindi,2024-10-31,192.33832
Rawalpindi,2024-11-01,193.426
Rawalpindi,2024-11-02,161.37454
Rawalpindi,2024-11-03,215.03758
Rawalpindi,2024-11-04,177.90921
Rawalpindi,2024-11-05,205.10951
Rawalpindi,2024-11-06,204.28128
Rawalpindi,2024-11-07,221.48596
Rawalpindi,2024-11-08,236.32556
Rawalpindi,2024-11-09,236.7381
Rawalpindi,2024-11-10,230.11125
Rawalpindi,2024-11-11,222.25821
Rawalpindi,2024-11-12,186.19489
Rawalpindi,2024-11-13,185.79619
Rawalpindi,2024-11-14,205.16101
Rawalpindi,2024-11-15,210.26582
Rawalpindi,2024-11-16,220.78181
Rawalpindi,2024-11-17,211.68898
Rawalpindi,2024-11-18,213.4914
Rawalpindi,2024-11-19,243.01198
Rawalpindi,2024-11-20,207.62787
Rawalpindi,2024-11-21,191.32411
Rawalpindi,2024-11-22,196.45651
Rawalpindi,2024-11-23,205.14807
Rawalpindi,2024-11-24,189.18515
Rawalpindi,2024-11-25,201.78891
Rawalpindi,2024-11-26,203.06868
Rawalpindi,2024-11-27,205.56741
Rawalpindi,2024-11-28,205.10112
Rawalpindi,2024-11-29,216.70798
Rawalpindi,2024-11-30,194.13358
Rawalpindi,2024-12-01,189.34398
Rawalpindi,2024-12-02,116.38194
Rawalpindi,2024-12-03,197.11038
Rawalpindi,2024-12-04,180.14285
Rawalpindi,2024-12-05,208.56436
Rawalpindi,2024-12-06,219.54025
Rawalpindi,2024-12-07,231.76102
Rawalpindi,2024-12-08,237.09622
Rawalpindi,2024-12-09,236.31859
Rawalpindi,2024-12-10,236.62216
Rawalpindi,2024-12-11,208.65462
Rawalpindi,2024-12-12,174.68097
Rawalpindi,2024-12-13,195.4234
Rawalpindi,2024-12-14,213.10939
Rawalpindi,2024-12-15,210.29538
Rawalpindi,2024-12-16,224.17912
Rawalpindi,2024-12-17,216.79416
Rawalpindi,2024-12-18,205.04283
Rawalpindi,2024-12-19,236.40375
Rawalpindi,2024-12-20,216.4114
Rawalpindi,2024-12-21,195.27634
Rawalpindi,2024-12-22,180.42259
Rawalpindi,2024-12-23,206.21304
Rawalpindi,2024-12-24,199.82037
Rawalpindi,2024-12-25,194.7504
Rawalpindi,2024-12-26,201.6159
Rawalpindi,2024-12-27,217.53613
Sahiwal,2024-10-29,140.22046
Sahiwal,2024-10-30,180.12863
Sahiwal,2024-10-31,139.42134
Sahiwal,2024-11-01,128.93225
Sahiwal,2024-11-02,110.361465
Sahiwal,2024-11-03,148.38017
Sahiwal,2024-11-04,146.58873
Sahiwal,2024-11-05,130.6465
Sahiwal,2024-11-06,149.52365
Sahiwal,2024-11-07,138.84816
Sahiwal,2024-11-08,143.61198
Sahiwal,2024-11-09,152.33282
Sahiwal,2024-11-10,168.75723
Sahiwal,2024-11-11,158.40094
Sahiwal,2024-11-12,138.82166
Sahiwal,2024-11-13,161.44734
Sahiwal,2024-11-14,134.64285
Sahiwal,2024-11-15,157.14528
Sahiwal,2024-11-16,152.92966
Sahiwal,2024-11-17,167.23459
Sahiwal,2024-11-18,141.19743
Sahiwal,2024-11-19,110.39427
Sahiwal,2024-11-20,135.83902
Sahiwal,2024-11-21,96.76553
Sahiwal,2024-11-22,96.88341
Sahiwal,2024-11-23,105.78728
Sahiwal,2024-11-24,113.54733
Sahiwal,2024-11-25,125.50428
Sahiwal,2024-11-26,111.105606
Sahiwal,2024-11-27,118.598656
Sahiwal,2024-11-28,88.3384
Sahiwal,2024-11-29,125.94901
Sahiwal,2024-11-30,159.7655
Sahiwal,2024-12-01,155.63876
Sahiwal,2024-12-02,96.3323
Sahiwal,2024-12-03,117.82766
Sahiwal,2024-12-04,173.55194
Sahiwal,2024-12-05,125.63817
Sahiwal,2024-12-06,130.46497
Sahiwal,2024-12-07,152.76831
Sahiwal,2024-12-08,172.88885
Sahiwal,2024-12-09,156.30267
Sahiwal,2024-12-10,150.72313
Sahiwal,2024-12-11,174.12013
Sahiwal,2024-12-12,121.47409
Sahiwal,2024-12-13,140.14883
Sahiwal,2024-12-14,148.40245
Sahiwal,2024-12-15,190.22568
Sahiwal,2024-12-16,161.41637
Sahiwal,2024-12-17,156.12976
Sahiwal,2024-12-18,154.55734
Sahiwal,2024-12-19,92.56011
Sahiwal,2024-12-20,109.342064
Sahiwal,2024-12-21,103.13986
Sahiwal,2024-12-22,112.098854
Sahiwal,2024-12-23,117.88655
Sahiwal,2024-12-24,113.208916
Sahiwal,2024-12-25,130.5826
Sahiwal,2024-12-26,103.099075
Sahiwal,2024-12-27,88.31629
Sargodha,2024-10-29,162.71803
Sargodha,2024-10-30,114.31117
Sargodha,2024-10-31,101.748726
Sargodha,2024-11-01,141.61848
Sargodha,2024-11-02,118.27757
Sargodha,2024-11-03,151.73918
Sargodha,2024-11-04,159.13014
Sargodha,2024-11-05,171.94704
Sargodha,2024-11-06,160.16269
Sargodha,2024-11-07,165.39005
Sargodha,2024-11-08,154.65732
Sargodha,2024-11-09,166.8882
Sargodha,2024-11-10,178.54767
Sargodha,2024-11-11,192.96085
Sargodha,2024-11-12,175.14194
Sargodha,2024-11-13,176.1773
Sargodha,2024-11-14,152.70395
Sargodha,2024-11-15,176.9885
Sargodha,2024-11-16,178.36224
Sargodha,2024-11-17,179.50089
Sargodha,2024-11-18,175.58131
Sargodha,2024-11-19,141.72842
Sargodha,2024-11-20,162.74576
Sargodha,2024-11-21,125.27518
Sargodha,2024-11-22,118.2885
Sargodha,2024-11-23,129.51524
Sargodha,2024-11-24,135.76727
Sargodha,2024-11-25,157.35797
Sargodha,2024-11-26,152.2772
Sargodha,2024-11-27,146.55588
Sargodha,2024-11-28,137.07559
Sargodha,2024-11-29,138.76361
Sargodha,2024-11-30,107.960335
Sargodha,2024-12-01,157.05797
Sargodha,2024-12-02,90.85874
Sargodha,2024-12-03,134.14131
Sargodha,2024-12-04,177.00627
Sargodha,2024-12-05,164.83897
Sargodha,2024-12-06,139.81392
Sargodha,2024-12-07,173.12558
Sargodha,2024-12-08,174.3158
Sargodha,2024-12-09,185.26299
Sargodha,2024-12-10,185.88864
Sargodha,2024-12-11,188.55255
Sargodha,2024-12-12,151.19702
Sargodha,2024-12-13,153.91302
Sargodha,2024-12-14,157.74898
Sargodha,2024-12-15,199.66394
Sargodha,2024-12-16,202.13347
Sargodha,2024-12-17,189.63965
Sargodha,2024-12-18,172.98396
Sargodha,2024-12-19,115.44533
Sargodha,2024-12-20,134.337
Sargodha,2024-12-21,126.625534
Sargodha,2024-12-22,130.32492
Sargodha,2024-12-23,155.2881
Sargodha,2024-12-24,151.45879
Sargodha,2024-12-25,157.27773
Sargodha,2024-12-26,130.0164
Sargodha,2024-12-27,118.12838
Sheikhupura,2024-10-29,267.88702
Sheikhupura,2024-10-30,210.66788
Sheikhupura,2024-10-31,187.68716
Sheikhupura,2024-11-01,206.16699
Sheikhupura,2024-11-02,162.5241
Sheikhupura,2024-11-03,187.94437
Sheikhupura,2024-11-04,163.594
Sheikhupura,2024-11-05,181.80376
Sheikhupura,2024-11-06,147.17044
Sheikhupura,2024-11-07,172.17145
Sheikhupura,2024-11-08,158.73103
Sheikhupura,2024-11-09,225.24342
Sheikhupura,2024-11-10,245.91014
Sheikhupura,2024-11-11,220.27013
Sheikhupura,2024-11-12,245.8887
Sheikhupura,2024-11-13,209.07129
Sheikhupura,2024-11-14,225.91653
Sheikhupura,2024-11-15,302.5024
Sheikhupura,2024-11-16,377.13187
Sheikhupura,2024-11-17,339.86206
Sheikhupura,2024-11-18,291.89124
Sheikhupura,2024-11-19,217.99042
Sheikhupura,2024-11-20,326.55777
Sheikhupura,2024-11-21,266.0758
Sheikhupura,2024-11-22,255.73886
Sheikhupura,2024-11-23,333.12897
Sheikhupura,2024-11-24,355.6971
Sheikhupura,2024-11-25,303.32828
Sheikhupura,2024-11-26,241.04709
Sheikhupura,2024-11-27,243.04387
Sheikhupura,2024-11-28,204.99553
Sheikhupura,2024-11-29,227.82874
Sheikhupura,2024-11-30,253.82065
Sheikhupura,2024-12-01,268.4809
Sheikhupura,2024-12-02,120.157265
Sheikhupura,2024-12-03,136.2345
Sheikhupura,2024-12-04,167.45177
Sheikhupura,2024-12-05,160.63005
Sheikhupura,2024-12-06,122.6653
Sheikhupura,2024-12-07,223.7948
Sheikhupura,2024-12-08,223.30849
Sheikhupura,2024-12-09,198.26938
Sheikhupura,2024-12-10,222.9057
Sheikhupura,2024-12-11,199.27618
Sheikhupura,2024-12-12,204.21088
Sheikhupura,2024-12-13,174.64336
Sheikhupura,2024-12-14,275.7695
Sheikhupura,2024-12-15,404.80396
Sheikhupura,2024-12-16,375.5216
Sheikhupura,2024-12-17,310.8228
Sheikhupura,2024-12-18,262.21124
Sheikhupura,2024-12-19,150.76608
Sheikhupura,2024-12-20,282.96658
Sheikhupura,2024-12-21,350.84195
Sheikhupura,2024-12-22,337.12677
Sheikhupura,2024-12-23,330.68503
Sheikhupura,2024-12-24,327.48325
Sheikhupura,2024-12-25,294.0364
Sheikhupura,2024-12-26,194.97382
Sheikhupura,2024-12-27,203.32199
Sialkot,2024-10-29,176.63266
Sialkot,2024-10-30,177.63098
Sialkot,2024-10-31,148.59045
Sialkot,2024-11-01,136.31447
Sialkot,2024-11-02,106.38854
Sialkot,2024-11-03,120.62215
Sialkot,2024-11-04,98.670334
Sialkot,2024-11-05,124.27827
Sialkot,2024-11-06,102.98937
Sialkot,2024-11-07,120.856026
Sialkot,2024-11-08,115.26156
Sialkot,2024-11-09,131.94124
Sialkot,2024-11-10,161.90231
Sialkot,2024-11-11,157.0389
Sialkot,2024-11-12,163.02202
Sialkot,2024-11-13,148.07507
Sialkot,2024-11-14,156.51547
Sialkot,2024-11-15,169.753
Sialkot,2024-11-16,203.7051
Sialkot,2024-11-17,191.15862
Sialkot,2024-11-18,201.18808
Sialkot,2024-11-19,141.35283
Sialkot,2024-11-20,200.55505
Sialkot,2024-11-21,167.15938
Sialkot,2024-11-22,164.39653
Sialkot,2024-11-23,192.85388
Sialkot,2024-11-24,180.4834
Sialkot,2024-11-25,156.69424
Sialkot,2024-11-26,171.85762
Sialkot,2024-11-27,159.75702
Sialkot,2024-11-28,120.09888
Sialkot,2024-11-29,147.65227
Sialkot,2024-11-30,180.888
Sialkot,2024-12-01,157.00473
Sialkot,2024-12-02,92.63059
Sialkot,2024-12-03,107.938614
Sialkot,2024-12-04,103.49727
Sialkot,2024-12-05,116.82066
Sialkot,2024-12-06,83.98842
Sialkot,2024-12-07,150.56976
Sialkot,2024-12-08,144.72702
Sialkot,2024-12-09,124.191734
Sialkot,2024-12-10,172.79118
Sialkot,2024-12-11,142.74979
Sialkot,2024-12-12,120.119026
Sialkot,2024-12-13,121.33337
Sialkot,2024-12-14,185.77301
Sialkot,2024-12-15,214.4794
Sialkot,2024-12-16,217.82245
Sialkot,2024-12-17,197.24739
Sialkot,2024-12-18,191.5231
Sialkot,2024-12-19,93.54544
Sialkot,2024-12-20,172.32516
Sialkot,2024-12-21,203.32692
Sialkot,2024-12-22,191.97205
Sialkot,2024-12-23,197.15439
Sialkot,2024-12-24,194.31952
Sialkot,2024-12-25,161.76164
Sialkot,2024-12-26,143.3854
Sialkot,2024-12-27,137.93196
Toba Tek Singh,2024-10-29,137.36504
Toba Tek Singh,2024-10-30,170.42406
Toba Tek Singh,2024-10-31,130.3049
Toba Tek Singh,2024-11-01,134.238
Toba Tek Singh,2024-11-02,112.61706
Toba Tek Singh,2024-11-03,149.05081
Toba Tek Singh,2024-11-04,132.6385
Toba Tek Singh,2024-11-05,134.06796
Toba Tek Singh,2024-11-06,147.11742
Toba Tek Singh,2024-11-07,148.48215
Toba Tek Singh,2024-11-08,150.22745
Toba Tek Singh,2024-11-09,155.83234
Toba Tek Singh,2024-11-10,167.40979
Toba Tek Singh,2024-11-11,157.44257
Toba Tek Singh,2024-11-12,138.31184
Toba Tek Singh,2024-11-13,163.36722
Toba Tek Singh,2024-11-14,142.18764
Toba Tek Singh,2024-11-15,159.97911
Toba Tek Singh,2024-11-16,158.33055
Toba Tek Singh,2024-11-17,166.84494
Toba Tek Singh,2024-11-18,136.25336
Toba Tek Singh,2024-11-19,102.700066
Toba Tek Singh,2024-11-20,125.804184
Toba Tek Singh,2024-11-21,91.99018
Toba Tek Singh,2024-11-22,94.551216
Toba Tek Singh,2024-11-23,102.02631
Toba Tek Singh,2024-11-24,116.576675
Toba Tek Singh,2024-11-25,119.24956
Toba Tek Singh,2024-11-26,119.29694
Toba Tek Singh,2024-11-27,122.8993
Toba Tek Singh,2024-11-28,103.57965
Toba Tek Singh,2024-11-29,126.02019
Toba Tek Singh,2024-11-30,151.28964
Toba Tek Singh,2024-12-01,158.85982
Toba Tek Singh,2024-12-02,83.759415
Toba Tek Singh,2024-12-03,116.582695
Toba Tek Singh,2024-12-04,162.21408
Toba Tek Singh,2024-12-05,127.38206
Toba Tek Singh,2024-12-06,131.6998
Toba Tek Singh,2024-12-07,163.5157
Toba Tek Singh,2024-12-08,175.41763
Toba Tek Singh,2024-12-09,153.65567
Toba Tek Singh,2024-12-10,146.59323
Toba Tek Singh,2024-12-11,173.68738
Toba Tek Singh,2024-12-12,126.84958
Toba Tek Singh,2024-12-13,145.22095
Toba Tek Singh,2024-12-14,153.16515
Toba Tek Singh,2024-12-15,188.77019
Toba Tek Singh,2024-12-16,159.05708
Toba Tek Singh,2024-12-17,149.96712
Toba Tek Singh,2024-12-18,149.68724
Toba Tek Singh,2024-12-19,93.52434
Toba Tek Singh,2024-12-20,104.05493
Toba Tek Singh,2024-12-21,100.79855
Toba Tek Singh,2024-12-22,112.723175
Toba Tek Singh,2024-12-23,106.74619
Toba Tek Singh,2024-12-24,111.21165
Toba Tek Singh,2024-12-25,124.83319
Toba Tek Singh,2024-12-26,104.97205
Toba Tek Singh,2024-12-27,99.78542
Vehari,2024-10-29,132.72087
Vehari,2024-10-30,151.09352
Vehari,2024-10-31,116.96646
Vehari,2024-11-01,100.461525
Vehari,2024-11-02,106.16465
Vehari,2024-11-03,115.62916
Vehari,2024-11-04,163.23271
Vehari,2024-11-05,128.31654
Vehari,2024-11-06,126.96404
Vehari,2024-11-07,109.938866
Vehari,2024-11-08,113.406784
Vehari,2024-11-09,113.18216
Vehari,2024-11-10,114.47962
Vehari,2024-11-11,120.95263
Vehari,2024-11-12,117.18048
Vehari,2024-11-13,123.39397
Vehari,2024-11-14,107.68272
Vehari,2024-11-15,119.41559
Vehari,2024-11-16,117.28645
Vehari,2024-11-17,131.17642
Vehari,2024-11-18,112.37909
Vehari,2024-11-19,99.80388
Vehari,2024-11-20,119.88305
Vehari,2024-11-21,91.48812
Vehari,2024-11-22,96.813805
Vehari,2024-11-23,98.065414
Vehari,2024-11-24,114.71583
Vehari,2024-11-25,132.39311
Vehari,2024-11-26,129.41962
Vehari,2024-11-27,123.072815
Vehari,2024-11-28,95.008995
Vehari,2024-11-29,104.93243
Vehari,2024-11-30,127.057785
Vehari,2024-12-01,105.27014
Vehari,2024-12-02,114.6728
Vehari,2024-12-03,114.90523
Vehari,2024-12-04,167.41852
Vehari,2024-12-05,114.8308
Vehari,2024-12-06,111.53986
Vehari,2024-12-07,114.44899
Vehari,2024-12-08,124.77424
Vehari,2024-12-09,128.39545
Vehari,2024-12-10,108.23461
Vehari,2024-12-11,122.24257
Vehari,2024-12-12,101.47606
Vehari,2024-12-13,109.57911
Vehari,2024-12-14,113.8558
Vehari,2024-12-15,134.1053
Vehari,2024-12-16,130.5108
Vehari,2024-12-17,133.46706
Vehari,2024-12-18,120.40387
Vehari,2024-12-19,100.39482
Vehari,2024-12-20,100.85163
Vehari,2024-12-21,92.77992
Vehari,2024-12-22,104.06611
Vehari,2024-12-23,120.92233
Vehari,2024-12-24,136.54059
Vehari,2024-12-25,128.46344
Vehari,2024-12-26,100.202
Vehari,2024-12-27,93.64488
